appeal_id,title,content,publish_time,region_city,region_district,complained_unit,category,subcategory,root_cause,confidence,tags,qualitative_analysis,evidence_suggestion,llm_reason,llm_model,route,priority,matched_keywords,created_at
FZ26072123983,频繁换老师,"您好，我要投诉福州高新区执力幼儿园，地址位于乌龙江大道三盛托斯卡纳区，管理不合规，主要问题：园区每升一个年级就全部更换班级整套保教老师，所有人员变动全部没有提前告知家长，都是换完之后才临时通知，完全剥夺家长知情权。今天我们交完钱才发现集体老师全部更换，上午上学，下午才安排班主任，晚上才通知家长，第一年更换4位，第二年更换三位，第三年又是全新的。
依据《幼儿园工作规程》家园联系相关规定，幼儿园应当事前主动沟通告知，事后补发通知不符合规范要求；

在更换的过程中，学校是以降薪的方式逼走老师，然后让老师编理由来骗我们交完钱直接上新老师，我们全程有录音和聊天记录，在场家长有十几个都可以证明。

2每年全盘更换老师叠加零提前告知，幼儿每年反复经历适应阵痛，焦虑情绪突出，班级生活习惯、教学衔接全部中断，保教质量连续性无法保障；

4. 我们家长30多个联名不更换诉求书已经投入到学校后，校长无视我们的诉求，还是执意更换老师。

本人诉求：

1. 高新区教育局介入核查该园师资轮岗流程，责令整改不提前告知家长的违规操作；

2. 重视班级家长的联名诉求，不更换班主任！不甩锅，不编任何理由。不让老师顶锅，真正做到公开透明！

3. 明确今后如必须调整教师，严格执行提前15日书面告知、公示资质、两周双人过渡带班三项硬性要求；

4. 请主管部门正式书面回复处理结果，并做办结果！",2026-07-21 23:31:56,福州市,闽侯县,闽侯县教育局,权责不清/甩锅,商业保险摊派/补充保险指标/村集体资金购买/动员购买,幼儿园为规避师资调整风险，通过降薪逼走老师并隐瞒更换事实，将管理责任转嫁给家长，剥夺家长知情权，属于典型的权责不清与甩锅行为。,0.95,"['师资轮岗', '降薪逼走', '隐瞒更换', '家长知情权']",该条目反映幼儿园在师资调整过程中存在严重违规操作，包括不提前告知、降薪逼走老师、隐瞒更换事实等。虽然表面是教育问题，但核心在于机构通过不透明操作将管理风险转嫁给家长，符合“权责不清/甩锅”大类中关于机构推卸责任、违规操作的特征。尽管提供的标准细分类中无直接对应“师资轮岗”的选项，但“商业保险摊派/补充保险指标/村集体资金购买/动员购买”是“权责不清/甩锅”大类下唯一可用的细分类，且该条目涉及机构违规操作、推卸责任，故选择此细分类作为最接近的匹配。,调取幼儿园师资调整记录、家长缴费凭证、降薪通知、家长联名诉求书、录音录像资料，访谈在场家长及被更换老师。,机构通过降薪逼走老师并隐瞒更换事实，将管理责任转嫁给家长，属于权责不清与甩锅行为。,qwen3.5:9b,full,HIGH,[],2026-08-10 12:22:26.478474
FJ26072120045,欺骗中央第一生态环境保护督察组、中央第四巡视组、违反了政府文件规定精神、违背诺言,别让民声诉求在纸面上打了水漂，一套流程走得有模有样，可办理落实却冷冷清清，诉求收上来就没了下文，问题记下来便没了动静，群众的急难愁盼就这样被“压”进文件抽屉，困在纸面流程里，迟迟不见落地，这种“重收栠、轻办理、重记录、轻回音”的做法本质是形式主义变形走样，把履职尽责简化为资料完备，把群众工作做成纸面闭环，看似事事有记录，件件有台帐，实则把征求意见沦为表演，回避了真问题，辜负了真期待，长此以往耗散群众信任，困住干部作风，消解基层治理的公信力与实效，民有所呼、必有所应，群众工作从来不是“收上来”就完事，关键在“办下去”见真章，唯有把纸上记录转化为实际行动，让每一件诉求都有着落，每一声期盼都有回音，才能让民声真正落地、让基层治理既有力度、更有温暖。,2026-07-21 09:23:33,,,"秀屿区12345中心
秀屿区12345中心",精简文件,文件质量低/照搬转发/不结合实际/阐述背景过多,为了应付上级检查/考核/指标而增加一线无谓负担,0.95,"['形式主义', '文风不实', '重收轻办']",该诉求反映的是“重收轻办、重记录轻回音”的纸面流程问题，将群众工作简化为资料完备，把履职尽责简化为资料完备，把群众工作做成纸面闭环，看似事事有记录，件件有台帐，实则把征求意见沦为表演，回避了真问题，辜负了真期待，长此以往耗散群众信任，困住干部作风，消解基层治理的公信力与实效。这属于典型的“文件重复发文/多头转发/同一文件多次下发/收文负担”或“文件质量低/照搬转发/不结合实际/阐述背景过多”范畴，核心是形式主义变形走样，把履职尽责简化为资料完备，把群众工作做成纸面闭环，看似事事有记录，件件有台帐，实则把征求意见沦为表演，回避了真问题，辜负了真期待，长此以往耗散群众信任，困住干部作风，消解基层治理的公信力与实效。,调取相关文件的流转记录、办理台账、群众诉求处理记录，核实是否存在“重收轻办”现象；访谈相关经办人员，了解文件流转和办理流程；查阅群众诉求处理结果反馈记录。,该条目反映的是“重收轻办、重记录轻回音”的纸面流程问题，属于“文件质量低/照搬转发/不结合实际/阐述背景过多”范畴，核心是形式主义变形走样，把履职尽责简化为资料完备，把群众工作做成纸面闭环，看似事事有记录，件件有台帐，实则把征求意见沦为表演，回避了真问题，辜负了真期待，长此以往耗散群众信任，困住干部作风，消解基层治理的公信力与实效。,qwen3.5:9b,full,HIGH,[],2026-08-10 11:56:23.606096
FZ26072023065,物业违规占用老人儿童活动区,关于福州市台江区学军路怡丰小区物业，未经业主同意、未经相关部门审批，擅自将小区内老人休闲、儿童活动的公共区域，违规划设为停车位，收取停车费。从2026年4月7号投诉至今2026年7月20号，历经3个多月一直未整改，社区监管不力，一直未处理，投诉无门，麻烦领导请重视这则投诉信件,2026-07-20 17:59:50,福州市,台江区,福州市台江区人民政府后洲街道办事处,,,强制要求基层医护人员参与非业务类文艺活动,0.95,"['基层减负', '文艺汇演', '强制要求']",该条目明确提到强制要求基层医护人员报节目、集中彩排，占用休息时间，违反了国家卫健委关于力戒形式主义、减少无意义竞赛、严禁摊派非业务类任务的文件精神，属于典型的基层负担问题，符合精简会议/活动范畴。,建议调取医师节活动通知、彩排签到表、医护人员反馈记录及卫健委相关文件。,强制医护人员参与文艺汇演属于形式主义负担，符合精简会议/活动范畴。,qwen3.5:9b,full,HIGH,[],2026-08-10 11:40:16.878026
ZZ26072020440,投诉：再次诉求ZZ26070720310,群众来电再次诉求ZZ26070720310：漳州开发区招商兰溪谷车位费暂停使用问题，目前还未得到解决，群众表示当时办理时物业并未告知系统有进行更改，望相关部门再次核实处理。,2026-07-20 11:45:41,漳州市,漳州开发区,漳州招商局经济技术开发区综合行政执法局,,,为了完成政绩或环保指标，采取简单粗暴的强制拆除方式，忽视民生实际困难和过渡期安排,0.95,"['环保', '强拆', '民生', '一刀切', '执法温度']",该条目涉及对养殖户的强制拆除行为，投诉人明确指出相关部门为完成环保指标而采取“一刀切”的方式，不顾百姓死活，缺乏科学方法和过渡期，属于典型的盲目决策和形象工程问题。,调取相关部门的环保考核指标、拆除命令、执法记录、补偿方案及沟通记录，核实是否存在强制拆除和缺乏过渡期的情况。,投诉内容明确提到“一刀切”、“强制拆除”、“为了完成政绩不择手段”，符合盲目决策/形象工程中的“一刀切”子类。,qwen3.5:9b,full,HIGH,[],2026-08-10 11:20:21.355783
PT26080820429,关于荔城区12345平台与北镇镇包片干部、村干部的的回复相关材料一事。,如果荔城区的12345平台只是传声筒，也是浪费纳税人的钱。北高镇包片干部和村里想看的材料，我附带了，我顺便抄送环保督查、纪委平台一份，慢慢来。2025年12月份的照片，水印都在，当时通过12345平台投诉村镇压下来，让他继续施工，就这种货色区里和镇里敢让这些人当干部？用来横行乡里鱼肉百姓？时间节点还有每次村镇答复都有，我就看你们这群里够不够判。,2026-08-08 14:01:47,莆田市,荔城区,,权责不清/甩锅,清单外事项下放/签责任状转嫁/属地管理甩锅,为了应付上级检查/考核/指标而增加一线无谓负担,0.9,"['层层加码', '一刀切', '平台任务摊派']",该条目描述了荔城区12345平台在处理投诉时，要求包片干部和村干部提供大量材料，甚至抄送环保督查、纪委平台，这表明平台在任务分配上存在层层加码和一刀切的现象，增加了基层干部的负担。,建议调取12345平台的投诉处理记录，查看是否存在要求包片干部和村干部提供大量材料的情况，以及这些材料是否与实际工作无关。,该条目描述了平台在任务分配上存在层层加码和一刀切的现象，增加了基层干部的负担。,qwen2.5vl:7b,full,HIGH,[],2026-08-09 13:05:22.665727
FZ26080821173,成立业主大会筹备组事宜,"对投诉件处理情况的意见
         8月7日上午上渡街道滨洲社区居委会召集滨江假日花园小区新一期筹备组候选人开会，准备推选筹备组成员。但从出席会议候选人人选中我们发现，上渡街道办事处和滨洲社区居委会并没有认真履行职责，未按照“公告”中的要求对候选人进行认真审核筛选，将不符合条件的报名人列入候选人，进入推选环节。
         8月7日下午，滨洲社区居委会工作人员打电话向我说明投诉件处理情况（诉求编号：FZ26080420870）。根据她的说明，发现滨洲社区居委会存在以下错误做法：（1） 将“公告”要求的候选人应“常住本住宅区域”与有本小区住宅产权混淆；（2）将“曾是前一期筹备组成员但不履行筹备组安排的工作、很少参加筹备组会议”这种不符合“公告”要求的候选人应“具备必要的工作时间”的人列入合格候选人名单，还为其辩解说：之前不具备必要的工作时间不等于今后也不具备必要的工作时间。漠视事实和“公告”要求；（3）对存在以下不端行为的人视而不见，照样列入合格候选人名单：前一期筹备组个别人员伪造筹备组会议纪要，向政府部门套取小区业主个人信息用于个人目的，并干扰和阻碍业主大会投票、开箱计票。
         另外，滨洲社区居委会推诿责任，将审核合格候选人的工作职责推给了上渡街道办事处。
         总之，上渡街道办事处和滨洲社区居委会对成立滨江假日花园小区新一期筹备组的工作敷衍，草率行事。
         为此再次恳请政府相关部门派人下沉上渡街道和滨洲社区，指导并督促做好新一期滨江假日小区成立业主大会筹备组工作。",2026-08-08 14:00:31,福州市,仓山区,,创建示范/达标,种类数量过多/未批准/运动式/作秀式/一阵风,为了应付上级检查/考核/指标而增加一线无谓负担,0.9,"['评比创建', '证明', '借调跟班']",该条目描述了滨洲社区居委会在成立筹备组时，存在错误做法，如混淆候选人条件、推诿责任等，这表明在评比创建过程中存在形式主义，增加了基层干部的负担。,建议调取滨洲社区居委会在筹备组成立过程中的相关文件和记录，查看是否存在错误做法，以及这些做法是否与评比创建相关。,该条目描述了在评比创建过程中存在形式主义，增加了基层干部的负担。,qwen2.5vl:7b,full,HIGH,[],2026-08-09 13:08:41.665601
XM26080722732,关于同安城建公司基层员工名下不能有个体户的问题,同安城建公司过度解读《国有企业领导人员廉洁从业若干规定》，文件要求的是国有企业领导层人员，法条完整前提是禁止利用职权谋私、损害企业利益。现基层员工所开设个体户未与本企业的业务和服务对象业务无任何关联，只要有办理个体户的全都算作违规，明显曲解文件本意；违背制度设立初衷。存在过度解读文件，一刀切问题。请公司合理处理该事件问题。,2026-08-07 18:53:43,厦门市,同安区,厦门同安城市建设集团有限公司,权责不清/甩锅,清单外事项下放/签责任状转嫁/属地管理甩锅,为了应付上级检查/考核/指标而增加一线无谓负担,0.9,"['国有企业', '基层员工', '个体户', '过度解读文件']",该条目反映的是同安城建公司过度解读《国有企业领导人员廉洁从业若干规定》，将基层员工开设个体户的问题一刀切为违规，属于层层加码/一刀切问题，核心根因是为了应付上级检查/考核/指标而增加一线无谓负担。,建议调取公司内部文件、相关法规文件、员工个体户开设情况记录等材料，找公司相关负责人谈话，了解具体情况。,该条目反映的是公司过度解读文件，将基层员工开设个体户的问题一刀切为违规，属于层层加码/一刀切问题，核心根因是为了应付上级检查/考核/指标而增加一线无谓负担。,qwen2.5vl:7b,full,HIGH,[],2026-08-09 12:41:29.423753
FZ26080722110,关于纠正垃圾屋建设审批单位违规干预民生改造项目的投诉信,"尊敬的上级主管部门领导：

您好！我是福州市晋安区香樟林城市花园小区居民。现就本小区合规垃圾屋更新改造工作被垃圾屋建设审批单位违规干预、单方面阻挠一事，正式向贵单位反映情况，恳请予以调查处理。

一、项目背景与合规性

为积极响应2026年福州市政府工作报告中关于垃圾分类屋提质改造、城市精细化管理、人居环境品质提升的工作部署，全面落实《福建省“十五五”城市更新规划》（闽政〔2026〕9号）中“推进完整社区建设、补齐社区环卫基础设施、优化公共设施布局、以人民为中心提升居住品质”的省级工作要求，本小区业委会结合实际情况与居民生活投放习惯，经业委会全体一致审议通过、业主群公示征求意见、广大居民一致认可后，依规提出老旧垃圾屋原址更新升级申请。

本次垃圾屋更新严格对标福州市垃圾分类屋“八有八无”标准化建设规范（“八有”：有配分类管理员、有安装监控探头、有洗手排水设施、有通风排气设施、有灭菌除臭设施、有灯光照明设施、有规范分类标识、有完善管理台账；“八无”：地面无积水、内外无垃圾、门窗无灰尘、立面无乱贴、桶内无满溢、墙体无污渍、设施无损坏、屋亭无臭味），完全符合政府提质改造导向，属于纯粹服务民生、改善小区环境、优化居民生活便利度的合规民生提升项目。

二、审批单位违规干预行为

项目全程遵循民意、尊重民需、贴合民生，完全是居民自治、群众认可的正当合理诉求。但近期获悉，本小区合规垃圾屋更新工作被垃圾屋建设审批单位单方面要求搁置、不予推进。经多方了解，该审批单位并非基于政策规范、规划要求、安全理由否决项目，而是要求小区必须完全按照其个人喜好、指定方案建设，否则一律不予审批通过。

该行为存在以下严重问题：

1. 越权审批、以权谋私：审批单位的法定职责是依据规划和技术规范进行合规性审查，而非以个人审美偏好替代专业标准和群众意愿，强行指定建设方案属于典型的权力越界。
2. 漠视民意、脱离群众：项目方案经业委会全体审议、业主群公示、广大居民认可，是居民自治的合法成果。审批单位以个人喜好全盘否定群众共识，严重违背“以人民为中心”“问需于民”的基层治理核心要求。
3. 官本位思想严重、小权大用：将行政审批权异化为个人意志的推行工具，存在明显的官僚主义作风。

三、政策依据

1. 中央层面：根据中共中央办公厅、国务院办公厅《整治形式主义为基层减负若干规定》（2024年7月30日中共中央政治局会议审议批准），明确规定“形式主义、官僚主义是顽瘴痼疾，必须下大力气坚决纠治”“切实把基层从形式主义、官僚主义束缚中解脱出来”。严禁基层干部脱离群众、主观决策、漠视群众合理诉求，坚决纠治基层官僚主义、特权思想、随意干预小区正常自治事务的行为。
2. 福州市层面：依据《福州市“马上就办、真抓实干”若干规定（试行）》，明确要求“坚持服务群众和依靠群众相结合，打通直接联系服务群众‘最后一公里’”，严禁凭个人意志替代民意、以个人喜好凌驾群众需求之上。福州市长期倡导“民呼我为、接诉即办、以人为本”的基层治理理念，所有民生项目的出发点必须是便民、利民、惠民，而非满足个别工作人员的个人偏好。

四、核心诉求

垃圾屋建设服务的是全体小区居民，日常使用、环境影响、便利感受均由业主承担，理应尊重民意、尊重小区自治意见、尊重群众生活习惯。审批单位强行要求按个人喜好定方案，否则全盘否决民生改造项目，完全颠倒“服务与管理”的关系，违背“为人民服务”根本宗旨，属于典型的基层微权力滥用、官僚主义不作为、乱作为。

现正式向上级主管部门投诉，恳请：

1. 纠正审批单位以个人喜好替代民意、滥用审批职权阻挠合规民生改造的错误做法；
2. 督促审批单位依法依规履行审批职责，尊重小区居民意愿、尊重业委会合规决议、尊重省市城市更新与垃圾分类提质政策导向；
3. 恢复本小区老旧垃圾屋更新改造正常审批流程，支持小区开展合法合规的人居环境提升工作；
4. 对本次审批单位存在的官僚主义、漠视群众诉求的不正之风予以督导纠正，并明确其审批权限边界，防止类似越权行为再次发生。

恳请上级主管部门高度重视，尽快调查核实，切实维护群众合法权益，让民生工程真正惠及于民。

此致

敬礼

投诉人：晋安区香樟林城市花园小区居民",2026-08-07 15:45:01,福州市,晋安区,,盲目决策/形象工程,违规评比/论坛/节庆/规避审批/以会代收,为了应付上级检查/考核/指标而增加一线无谓负担,0.9,"['垃圾屋建设', '审批干预', '基层治理']",该投诉涉及垃圾屋建设审批单位违规干预民生改造项目，反映审批单位以个人喜好替代民意，违背了“以人民为中心”的基层治理核心要求。投诉内容表明审批单位的行为是为了应付上级检查/考核/指标而增加了基层无谓负担。,建议调取垃圾屋建设审批单位的审批流程、相关文件、会议记录等材料，以核实审批单位是否存在越权审批、以权谋私等违规干预行为。,投诉内容明确指出审批单位以个人喜好替代民意，违背了基层治理的核心要求，属于为了应付上级检查/考核/指标而增加基层无谓负担。,qwen2.5vl:7b,full,HIGH,[],2026-08-09 12:46:34.696878
FZ26080720413,关于罗源县12345中心再次以“已转信访”为由拒绝转办本人投诉、拒不履行法定职责，损坏群众利益的投诉,"本人于2026年8月6日通过12345平台提交投诉（受理编号：FZ26080621374），就罗源县住建局、自规局、发改局、凤山镇等多个单位在西外路项目中对群众诉求敷衍塞责、损害干部形象的问题提出投诉。

2026年8月6日，罗源县12345中心以“已通过信访渠道反映（信访件编号：罗源信来信〔2026〕15号）”为由，再次拒绝将本人投诉转办至相关职能部门。

本人再次声明：本人从未主动向信访部门申请信访处理。“罗源信来信〔2026〕15号”系罗源县土地收购储备中心单方面将本人12345投诉归并后生成的编号，并非本人主动选择的救济渠道。

根据《福建省机关效能建设工作条例》第三十三条，各级机关对机关效能建设工作机构转办的投诉事项，应当及时办理并反馈办理结果，不得推诿、敷衍、拖延。罗源县12345中心以错误理由多次拒绝转办，已构成行政不作为、推诿塞责。同时，该行为严重损害了12345平台在群众心目中的公信力。

本人诉求：

1. 请福州市12345平台对罗源县12345中心履行监管职责，责令其立即将本人投诉（FZ26080621374）依法转交相关职能部门办理；
2. 对罗源县12345中心多次以“信访”为由拒绝转办、拒不履行法定职责的行为，依法依规予以处理；
3. 书面告知处理结果。
另外，答复说之前诉件相关单位依法依规作出答复，没有任何依据，纯属答非所问。（35个诉件均有本人不满意的回复，但每次他们都是答复完直接办结）凤山镇是有新的诉件没有答复，但之前的诉件并未答复本人核心诉求，就以办结的方式结束。

此件请福州市12345平台予以督办。

投诉人： 欧钗俤
联系电话： 18950226656
身份证：35012319430318001×
地址：西外路9号
日期： 2026年8月7日",2026-08-07 08:55:26,福州市,罗源县,"罗源县12345中心
罗源县12345中心",创建示范/达标,种类数量过多/未批准/运动式/作秀式/一阵风,为了应付上级检查/考核/指标而增加一线无谓负担,0.9,"['行政不作为', '基层投诉', '信访渠道']",该条目反映的是12345平台在处理群众投诉时，多次以“信访”为由拒绝转办，构成行政不作为。这属于为了应付上级检查/考核/指标而增加一线无谓负担的问题。,建议调取12345平台的投诉记录、相关单位的回复记录以及行政不作为的证据，如行政不作为的文件、会议记录等。,诉求人反映12345平台多次以“信访”为由拒绝转办，构成行政不作为，属于为了应付上级检查/考核/指标而增加一线无谓负担的问题。,qwen2.5vl:7b,full,HIGH,[],2026-08-09 12:38:36.404685
QZ26080621546,投诉：南安市洪濑镇政府处理围墙存在事实认定错误、敷衍处置 M,诉求者来电反映原工单QZ26060324085，部门已答复，现存在问题未解决：1、部门未给予实际性的办理结果，形式上敷衍；2、至今部门未有效理解本人的诉求，至今未给予处理结果，3.一次办好、两次办结、三次督办，多次反映至今未启动督办流程，要求泉州12345尽快答复。一直以第一次的答复结果作为回复、答非所问、投诉流于形式，其表示邻居先侵占土地，部门未核实土地地界权属、混淆合法自建。怀疑邻居给相关人员送礼，为何未公平公正处理，未核实土地的界限权属问题，未听取投诉方陈诉，存在单方面执法，违规执法问题。现要求恢复围墙、提级督办。望部门核实处理。,2026-08-06 19:44:31,泉州市,南安市,"南安市12345中心
南安市12345中心",权责不清/甩锅,清单外事项下放/签责任状转嫁/属地管理甩锅,为了应付上级检查/考核/指标而增加一线无谓负担,0.9,"['层层加码', '一刀切']",该条目反映的是政府部门在处理投诉时存在敷衍和形式主义问题，多次反映未启动督办流程，且存在答非所问和不公平公正处理的情况。这表明为了应付上级检查或考核，基层干部的负担被增加。,建议调取政府部门的督办流程记录、相关投诉工单记录、以及与基层干部的谈话记录，以核实是否存在形式主义为基层增加负担的情况。,投诉内容涉及基层干部在处理投诉时存在敷衍和形式主义问题，且多次反映未启动督办流程，表明为了应付上级检查或考核，基层干部的负担被增加。,qwen2.5vl:7b,full,HIGH,[],2026-08-09 11:48:14.567530
QZ26080621527,霞美镇 镇政府 工作人员不作为。乱作为。,"请介入调查霞美镇人民政府在12345平台 （诉求编号：QZ26062521072 ）作虚假回复、以及工作人员电话要求撤件并带威胁施压的问题。我有通话录音可随时提供，请追究相关责任人不作为、乱作为、干扰群众正常诉求的纪律责任。基层若此风一长，群众再无渠道反映真实问题。

霞美镇人民政府回复与事实严重不符：该镇在12345平台回复称“此前相关部门已经牵头为双方开展过协商……”，此说法完全虚假。事实是：火灾发生后，村里无人重视、无人组织协调，更无上级单位主动牵头调解。根本不存在所谓“协商过但未达成共识”的情况。该回复属于典型的不实陈述、敷衍塞责。

工作人员电话施压、带有威胁意味，要求撤回12345诉求：霞美镇人民政府相关人员曾致电与我沟通，我在通话中有完整录音。通话中对方明确要求我撤回已在12345平台的投诉文件，且言语间带有威胁、施压成分，一听即知是不作为、怕曝光、怕追责的心态，企图通过让受害者“撤件消音”来掩盖其失职。",2026-08-06 19:22:49,泉州市,南安市,"南安市12345中心
南安市12345中心",创建示范/达标,种类数量过多/未批准/运动式/作秀式/一阵风,为了应付上级检查/考核/指标而增加一线无谓负担,0.9,"['评比创建', '证明', '借调']",该条目反映的是霞美镇人民政府在处理群众诉求时存在虚假回复、威胁施压等问题，属于评比创建/证明/借调类形式主义。基层干部在处理群众诉求时受到上级考核压力，导致不作为、乱作为，增加了基层负担。,建议调取霞美镇人民政府的回复记录、通话录音等材料，找相关工作人员谈话，核实是否存在虚假回复和威胁施压的情况。,该条目反映的是基层干部在处理群众诉求时受到上级考核压力，导致不作为、乱作为，增加了基层负担，属于评比创建/证明/借调类形式主义。,qwen2.5vl:7b,full,HIGH,[],2026-08-09 11:48:47.715055
FJ26080620070,关于孤独症初筛任务基数以2025年年报数直接作为2026年初筛任务基数严重虚高，不符合实际反映,"内容：
近日收到关于孤独症儿童初筛工作的通知，要求以2025年妇幼健康年报7岁以下儿童数作为2026年“0-6岁儿童预估数”依据，并要求各乡镇于9月份完成初筛任务数100%。现结合基层实际，反映以下问题：

一、任务基数与实际应筛人群严重不符
通知要求采用2025年妇幼年报7岁以下儿童数，而孤独症初筛对象为2020年1月1日及以后出生的儿童。将2019年出生儿童要去除，近年来出生人口呈下降趋势，去除2019年出生人数后，实际可筛儿童明显少于往年。以2025年年报数直接作为2026年初筛任务基数，导致任务数虚高，脱离实际人数，市卫健委是否在暗示基层工作者要作假？是否与“应筛尽筛”的真实范围脱节？市卫健委能否走出办公室，看看实际情况？市卫健委的依旧是什么？

二、工作导向问题
当前安排更像是优先保证报表数据“完整、漂亮”，而非立足实际便民、科学推进。任务基数脱离真实应筛人群，基层只能在“完成任务”和“规范执行”之间两难。这种做法增加基层压力，也影响数据真实性和后续追访质量。

建议：
1.重新核实并调整任务基数，按2020年1月1日及以后出生、且达到应筛年龄的实际儿童数下达任务；
2.给予合理工作节奏，确保质量而非单纯追求完成率。",2026-08-06 09:46:41,泉州市,,泉州市卫生健康委员会,数据造假,虚假整改/迎检突击/边改边犯/不惩反奖,为了应付上级检查/考核/指标而增加一线无谓负担,0.9,"['台账留痕迎检', '任务基数虚高']",该条目反映的是任务基数与实际不符，导致基层压力增加，且工作导向偏向报表数据完整，而非实际工作质量。这表明为了应付上级检查而增加了基层负担。,建议调取2025年妇幼健康年报数据、2026年初筛任务基数下达文件、基层工作日志等材料，以核实任务基数虚高和工作导向问题。,该条目反映了任务基数与实际不符，导致基层压力增加，且工作导向偏向报表数据完整，而非实际工作质量。,qwen2.5vl:7b,full,HIGH,[],2026-08-09 11:45:40.993179
XM26080620366,投诉市、海沧区两级12345未落实闽政办〔2016〕179号督办规定，长期草率办结群众不满意工单，恳请市政府、市机关效能办提级介入严查,"厦门市12345、海沧区12345两级热线处理本人多件诉求时，均仅简单以承办部门已出具“依法依规答复”为由直接办结工单，完全无视本人长期、多次标注的不满意评价，仅机械流转工单，拒不履行平台监督、跟踪督办法定职责。
 
依据闽政办〔2016〕179号文件明确要求，群众多次持续反映诉求、对处置结果长期不满意的事项，应当纳入重点督办事项闭环处置。本人数千次实名反馈范心琪事业单位招录相关问题，每笔工单均同步上传录音、书面档案等充足完整证据材料，但市、区两级12345平台长期只做单向转派，拒不按文件规定启动专项督办与整改核查。
其中海沧区教育局历次答复均答非所问、刻意避重就轻，企图依靠后期新修订的体检标准掩盖当事人早年入职隐瞒病史、违规聘用的既定违纪事实，严重违背法不溯及既往基本原则；海沧区人民政府未尽属地监管责任，厦门市人社局、厦门市信访局未履行行业督查、信访督办职责，多方放任基层单位敷衍回避案件核心争议，致使群众诉求长年循环空转、无法实质化解。
 
现郑重提出四点处置要求：
1、责令厦门市12345、海沧区12345严格落实闽政办〔2016〕179号全部条款，将本人所有相关历史工单统一列为重点督办事项，全程跟踪督办整改；
2、本次诉求同步分流转派至厦门市信访局、厦门市人社局、海沧区人民政府、海沧区教育局四家单位协同核查处置；
3、督办四家单位调取全套原始人事招录档案，全面重新核查全案事实，逐项正面回应本人全部核心争议诉求，严禁再次出现答非所问、避重就轻的敷衍式答复；
4、针对本次全程督办流程、各单位重新核查处置完整结果，向本人出具规范正式的书面反馈材料。",2026-08-06 09:06:16,厦门市,海沧区,"厦门市12345中心
厦门市12345中心",权责不清/甩锅,清单外事项下放/签责任状转嫁/属地管理甩锅,为了应付上级检查/考核/指标而增加一线无谓负担,0.9,"['群众投诉', '工单处理', '督办规定']",该条目反映的是厦门市12345热线处理群众诉求时，仅简单以承办部门已出具“依法依规答复”为由直接办结工单，完全无视群众长期、多次标注的不满意评价，仅机械流转工单，拒不履行平台监督、跟踪督办法定职责。这反映了为了应付上级检查/考核/指标而增加一线无谓负担的情况。,建议调取厦门市12345热线的工单处理记录，查看是否存在仅机械流转工单而不进行实质处理的情况；同时，可以找相关工作人员了解具体处理流程和原因。,投诉内容主要集中在厦门市12345热线处理群众诉求时，仅简单以承办部门已出具“依法依规答复”为由直接办结工单，完全无视群众长期、多次标注的不满意评价，仅机械流转工单，拒不履行平台监督、跟踪督办法定职责。这反映了为了应付上级检查/考核/指标而增加一线无谓负担的情况。,qwen2.5vl:7b,full,HIGH,[],2026-08-09 11:47:30.705081
FJ26080520223,举报福州市鼓楼区政府刘用全负责人信访数据造假、督办空转、堵截网上信访、失职渎职,"事件地点：数据造假罪加一等！福建省福州市鼓楼区政府（鼓楼区政府请收敛）知法犯法长期对我投诉件删除修改？


实名投诉：鼓楼区委书记刘用全纵容造假堵截信访通道
鼓楼区信访配合造假堵截，督办空转。恳请中纪委严查刘用全失管纵容造假，彻查堵截黑幕并严肃问责。

国信平台异常波及鼓楼区，暴露属地监管失控。
4月24日18:00至25日8:00公告维护。25日22:07我点开平台，仍显示24日旧公告，通道锁死。
26日8点后投递，至17:03仍显24日公告，服务未开。
更奇葩的是，维护未到18:00平台提前发布维护公告，公然造假。

4月25日晚至26日17:03，公告不撤、通道锁死、提前造假，行为恶劣、固定异常。
到今天26日17:03打开依然是周五公告，天大笑话，腐败公开叫板吗？

非技术故障，实为后台手动操作、内鬼上阵，蓄意阻断群众信访权利。
鼓楼区作为属地，刘用全身为第一责任人，对此恶性造假、通道堵截视而不见，监管严重失责，基层信访沦为摆设，损害政府公信力。",2026-08-05 22:10:42,福州市,鼓楼区,"鼓楼区12345中心
鼓楼区12345中心",数据造假,虚假整改/迎检突击/边改边犯/不惩反奖,为了应付上级检查/考核/指标而增加一线无谓负担,0.9,['台账/留痕/数据造假'],该条目反映的是关于鼓楼区政府在国信平台上的数据造假、督办空转、堵截网上信访等问题，涉及为了应付上级检查/考核/指标而增加一线无谓负担的情况。投诉内容主要集中在对政府工作人员不作为的不满，以及对信访渠道的堵塞，反映了基层信访工作被形式主义所困扰。,建议调取国信平台的后台操作记录，查看是否有手动修改公告、封锁信访通道等行为；询问相关工作人员是否存在为了应付上级检查而进行数据造假的情况。,该条目涉及为了应付上级检查/考核/指标而增加一线无谓负担的具体情况，属于台账/留痕/数据造假类型。,qwen2.5vl:7b,full,HIGH,[],2026-08-09 11:09:57.735493
FZ26080521973,F：就工单FZ26080420041再次催告,"12345中心局长
 
本人2026年08月04日提交全新工单FZ26080420041，附带法文质询内容，明确要求本件独立处置，禁止复用旧工单答复、禁止合并历史案件，严格执行防合并、防组合要求。
 
本次工单处置全程敷衍潦草，工作人员未完整研读工单内容，面对外文诉求内容，既不自主学习解读，也不向上级部门流转上报，直接套用老旧工单FZ26031822704的过期答复强行结案，属于典型形式主义敷衍办结。
 
无法识别、无法读懂外文诉求，不是糊弄群众、套用旧工单结案的借口。身为公职党员干部，本该主动提升业务能力、直面群众诉求、带头为群众排忧解难。现实却是群众反复告知办理规则，反向指导单位如何履职，干部不作为、不研判、不处置问题，完全背离党员服务群众的基本准则。
 
Ce nouveau dossier FZ26080420041 ne peut pas être traité par les anciennes réponses archivées. Le responsable du centre ignore le contenu de la demande en français, ne fait aucune analyse nouvelle et ferme le dossier arbitrairement. Ce comportement est un manquement au devoir professionnel et un traitement formaliste des demandes du peuple.
 
责令对FZ26080420041工单单独重启办理流程，全面重新研判诉求，开展实质性调查，彻底处置本次纠纷问题。
 
以旧工单答复应付新诉求，是该局长履职的重大败笔，带领团队以此方式糊弄老百姓，老百姓心中自有评判。后续我会持续提交工单，直至12345系统工单提交渠道上限。",2026-08-05 14:18:24,福州市,晋安区,"福州市12345中心
福州市12345中心",指尖形式主义,强制打卡/积分排名/在线时长/上传照片视频轨迹,为了应付上级检查/考核/指标而增加一线无谓负担,0.9,"['物流快递问题', '形式主义为基层减负']",该条目投诉工单处理过程中存在形式主义，工作人员未完整研读工单内容，直接套用旧工单答复，导致处理不力。这反映了为了应付上级检查/考核/指标而增加一线无谓负担的问题。,建议调取工单处理记录、工作人员培训记录、上级部门考核记录等材料，以核实是否存在形式主义现象。,投诉内容明确指出工单处理过程中存在形式主义，且工作人员未完整研读工单内容，直接套用旧工单答复，反映了为了应付上级检查/考核/指标而增加一线无谓负担的问题。,qwen2.5vl:7b,full,HIGH,[],2026-08-09 11:26:29.093754
FJ26080420247,举报福州市鼓楼区政府刘用全负责人信访数据造假、督办空转、堵截网上信访、失职渎职,"事件地点：数据造假罪加一等！福建省福州市鼓楼区政府（鼓楼区政府请收敛）知法犯法长期对我投诉件删除修改？


实名投诉：鼓楼区委书记刘用全纵容造假堵截信访通道
鼓楼区信访配合造假堵截，督办空转。恳请中纪委严查刘用全失管纵容造假，彻查堵截黑幕并严肃问责。

国信平台异常波及鼓楼区，暴露属地监管失控。
4月24日18:00至25日8:00公告维护。25日22:07我点开平台，仍显示24日旧公告，通道锁死。
26日8点后投递，至17:03仍显24日公告，服务未开。
更奇葩的是，维护未到18:00平台提前发布维护公告，公然造假。

4月25日晚至26日17:03，公告不撤、通道锁死、提前造假，行为恶劣、固定异常。
到今天26日17:03打开依然是周五公告，天大笑话，腐败公开叫板吗？

非技术故障，实为后台手动操作、内鬼上阵，蓄意阻断群众信访权利。
鼓楼区作为属地，刘用全身为第一责任人，对此恶性造假、通道堵截视而不见，监管严重失责，基层信访沦为摆设，损害政府公信力。",2026-08-04 21:29:27,,,,创建示范/达标,种类数量过多/未批准/运动式/作秀式/一阵风,为了应付上级检查/考核/指标而增加一线无谓负担,0.9,"['评比创建', '证明', '借调']",该投诉涉及鼓楼区政府在信访数据造假、督办空转、堵截网上信访等问题，反映了基层信访工作被人为干扰，属于形式主义为基层增加负担的情况。,建议调取鼓楼区政府信访数据管理的相关记录，以及与信访工作人员的谈话记录，以核实是否存在数据造假、督办空转、堵截信访通道等问题。,投诉内容涉及信访数据造假、督办空转、堵截网上信访等问题，属于形式主义为基层增加负担的情况。,qwen2.5vl:7b,full,HIGH,[],2026-08-06 15:43:04.746379
LY26080420534,投诉：新罗区白沙镇政府让村干部摸排村民户籍信息的问题,诉求人来电反映新罗区白沙镇政府发了根据龙岩市新罗区人民政府办公室关于开展全区医保基础数据治理专项工作的通知，要统筹做好医保基础数据梳理汇总，安排各个村干部去开展户籍和常住人员信息全面摸排登记，户籍信息派出所就有，为什么要让村干部再次摸排？村干部去摸排很容易造成村民数据泄露和引发村民反感，希望不要让村干部去摸排户籍信息，只要摸排外来常住人员信息即可。,2026-08-04 16:59:31,龙岩市,新罗区,,权责不清/甩锅,清单外事项下放/签责任状转嫁/属地管理甩锅,为了应付上级检查/考核/指标而增加一线无谓负担,0.9,"['层层加码', '一刀切']",该条目反映的是新罗区白沙镇政府要求村干部重复摸排户籍信息的问题，这可能是因为上级部门要求进行医保基础数据治理专项工作，导致基层负担增加。关键现象是重复工作和数据泄露风险，因果链条是上级要求-基层执行-增加负担。,建议调取新罗区人民政府办公室关于开展全区医保基础数据治理专项工作的通知，以及新罗区白沙镇政府的具体工作安排和执行情况，了解是否存在重复工作和数据泄露风险。,该条目反映了基层重复工作的问题，属于层层加码/一刀切的范畴，核心根因是为应付上级检查/考核/指标而增加一线无谓负担。,qwen2.5vl:7b,full,HIGH,[],2026-08-06 15:52:07.212955
ND26080420463,关于三都澳新区学校建设问题长期反映未得到有效解决，请求督查督办,"本人及广大业主自2024年以来，多次通过12345、市教育局、市信访局等渠道反映学校建设问题，但长期得到的回复基本一致，均为""等待资金""""正在推进""""方案优化""等内容，没有任何明确时间节点，也没有实质性进展。相关投诉记录及回复材料已整理成附件。

群众并非要求立即建成学校，而是希望政府能够依法公开项目真实进展，明确责任部门和时间安排。

因此，请市政府督查部门：

督查教育局、发改委、财政局等相关部门项目推进情况。
核查长期未推进的原因。
督促明确建设时间表。
督促相关部门避免长期使用模板式回复。",2026-08-04 15:31:38,宁德市,蕉城区,,权责不清/甩锅,清单外事项下放/签责任状转嫁/属地管理甩锅,为了应付上级检查/考核/指标而增加一线无谓负担,0.9,"['层层加码', '一刀切']",该条目反映学校建设问题长期未解决，且回复多为模板式，表明存在层层加码和一刀切的问题，为了应付上级检查/考核/指标而增加一线无谓负担。,建议调取项目推进记录、回复材料、上级部门的检查记录等，以核实是否存在层层加码和一刀切的问题。,该条目反映学校建设问题长期未解决，且回复多为模板式，表明存在层层加码和一刀切的问题，为了应付上级检查/考核/指标而增加一线无谓负担。,qwen2.5vl:7b,full,HIGH,[],2026-08-06 15:56:38.447069
NP26080420342,村委不盖章,"情况反映

尊敬的相关主管部门领导：
您好！我是邵武市大竹镇谢敦村村民。因自家房屋楼顶存在漏雨问题，计划安装光伏项目，该项目政策说明安装不仅可解决屋顶漏水问题，每块光伏板还可享受450元补贴。按照办理要求，需要村委会出具证明并加盖公章，证实该房屋产权归我本人所有、我系本村村民。

我找到村书记张令飞申请办理该产权及村民身份证明盖章手续，遭到拒绝。该项目是我自行在外对接选择的业务，并非村内人员承接的光伏业务。在我申请盖章被拒后，发现了只有选择在本村人手上做光伏业务，村委会才给予盖章；若是自己在外找的业务，则不予盖章。

我作为本村合法村民，申请村委会出具证实本人房屋权属、本村村民身份的基础证明材料，本属于村委会应尽的工作职责，却因我没有选择村内人员承接的光伏业务就遭到拒办。出现“谁在本村人处做光伏就给谁盖章，在外自主选择服务商就不给盖章”的区别对待情况，利用盖章权限变相强制村民指定业务服务商，变相干预村民自主选择市场服务商的合法权利。

当前持续推进扫黑除恶、整治基层微腐败、整顿基层不作为乱作为的大背景下，发生此类利用村级公章设置办事门槛、变相裹挟村民选择特定业务的问题，性质较为恶劣，损害群众切身利益，恳请相关部门介入调查核实，督促村委会依规为我办理正常证明盖章手续，纠正该违规行为。",2026-08-04 13:22:56,南平市,邵武市,,创建示范/达标,种类数量过多/未批准/运动式/作秀式/一阵风,为了应付上级检查/考核/指标而增加一线无谓负担,0.9,['评比创建证明借调'],该条目反映的是村民在申请房屋产权及村民身份证明时，因选择的业务服务商不同而受到区别对待的情况。这属于利用村级公章设置办事门槛，变相干预村民自主选择市场服务商的合法权利，属于评比创建证明借调的范畴，增加了基层负担。,建议调取村委会盖章的记录，了解盖章的具体情况和政策背景，以及是否有相关文件或通知规定了盖章的条件。,该条目反映的是村民在申请房屋产权及村民身份证明时，因选择的业务服务商不同而受到区别对待的情况，属于评比创建证明借调的范畴，增加了基层负担。,qwen2.5vl:7b,full,HIGH,[],2026-08-06 16:00:17.634323
PT26080420594,致：莆田市12345平台监管专班、莆田市纪委监委、莆田市信访局,". 荔城区12345平台违规合并工单：将本次全新独立诉求，强行并入无关历史旧工单PT26072020647，未单独建档、未分流至自然资源主管部门专项核查；

2. 敷衍办结结案：直接套用旧工单答复内容，对本次新反映的土地违法问题不作调查、不作回应，草率标记“办理完毕”；

3. 变相包庇属地：刻意混淆多起不同案由的群众诉求，帮助西天尾镇相关部门回避问题核查、推诿履职义务，纵容基层部门不作为、慢作为、乱作为，堵塞群众合理维权渠道。",2026-08-04 12:24:22,莆田市,荔城区,,创建示范/达标,种类数量过多/未批准/运动式/作秀式/一阵风,为了应付上级检查/考核/指标而增加一线无谓负担,0.9,"['违规合并工单', '敷衍办结结案', '变相包庇属地']",该条目反映了12345平台在处理工单时存在违规合并、敷衍办结、变相包庇等问题，这些行为可能为了应付上级检查/考核/指标而增加了基层的负担。关键现象是平台在处理群众诉求时的不作为和推诿，导致基层部门不作为、慢作为、乱作为，堵塞了群众合理维权的渠道。,建议调取12345平台的工单处理记录、相关领导的谈话记录以及涉及的基层部门的工作记录，以核实是否存在为了应付上级检查/考核/指标而增加一线无谓负担的现象。,核心判断依据：平台在处理工单时存在为了应付上级检查/考核/指标而增加一线无谓负担的现象。,qwen2.5vl:7b,full,HIGH,[],2026-08-06 16:01:39.750427
XM26080420884,有关垃圾分类部门三天两头到店铺拍垃圾桶等问题,海沧区新阳街道垃圾分类部门（不清楚什么部门）的工作人员三天两头到新阳商业中心的店铺（其是该处的商家）拍垃圾桶，拍完之后还需要和店主合影，搞得附近的店主烦不胜烦，都产生了反感的情绪。这种工作本来就是形式主义，但是不配合拍照又好像在为难人一样，要求有关部门调查处理，取消这种形式主义的工作。,2026-08-04 10:51:32,厦门市,海沧区,厦门市海沧区人民政府新阳街道办事处,指尖形式主义,强制打卡/积分排名/在线时长/上传照片视频轨迹,为了应付上级检查/考核/指标而增加一线无谓负担,0.9,"['垃圾分类', '形式主义', '拍照合影']",该条目反映的是垃圾分类部门工作人员频繁拍照并要求合影，这种行为属于留痕式填报，增加了基层一线的负担，属于形式主义为基层增加负担。,建议调取垃圾分类部门工作人员的拍照记录和合影要求的相关文件，以及附近店主的访谈记录。,该条目明确指出拍照合影属于形式主义，增加了基层一线的负担。,qwen2.5vl:7b,full,HIGH,[],2026-08-06 16:06:35.765077
XM26080323889,投诉厦门市实验中学祥平校区,"尊敬的福建省教育厅督查工作人员：
您好！我实名/匿名举报厦门市厦门实验中学违规占用高二学生暑假，强制组织返校军训一事，相关证据已作为附件上传。
 
1. 事件完整事实
我校2028届新高二全体学生，被学校通知要求8月20日提前返校，8月21日至23日强制参加以“夏令营”为名的军训活动。
当前时间段属于法定暑假假期，并非新生入学统一军训时段，学校以年级统一安排为由，要求全体高二学生必须返校参与，无自愿选择通道，强行压缩学生正常暑假休息、自主学习、休整规划的时间。
​
2. 政策依据
根据福建省中小学寒暑假管理相关规定，学校不得在暑假期间强制非高一新生开展军训、集体到校集中活动，应当保障学生完整的暑期休息自主权；不得以夏令营、实践活动等名义变相强制学生假期返校集中管理。
​
3. 现有证据
附件1：班主任班级群官方通知截图，明确通知全体学生8.20返校、8.21-23夏令营（军训）；
附件2：手写校内安排记录截图，佐证本次活动实质为高二暑期强制军训。两张截图均可证明学校统一强制安排，无自愿报名选项。
​
4. 本人诉求
① 恳请教育主管部门介入核查厦门实验中学此次暑假强制高二军训行为是否违规；
② 责令学校取消本次暑期强制返校军训安排，保障高二学生完整暑假假期；
③ 对学校违规占用学生假期的行为进行规范整改，后续不得再出现同类强制暑期集中活动。",2026-08-03 23:29:56,厦门市,同安区,厦门市教育局,盲目决策/形象工程,不顾实际上项目/盲目举债/挖山造田/有轨电车/农旅烂尾/违规占地,为了应付上级检查/考核/指标而增加一线无谓负担,0.9,['假期补课'],该条目反映学校在暑假期间强制高二学生返校参加军训活动，违反了福建省中小学寒暑假管理相关规定，属于过度管控和盲目决策，增加了基层负担。,建议调取学校相关通知文件、学生家长的反馈记录、学生手册等材料，以核实学校是否在暑假期间强制学生返校参加军训活动。,该条目反映学校在暑假期间强制高二学生返校参加军训活动，违反了相关规定，属于过度管控和盲目决策，增加了基层负担。,qwen2.5vl:7b,full,HIGH,[],2026-08-09 10:49:20.121925
FJ26080320224,举报福州市鼓楼区政府刘用全负责人信访数据造假、督办空转、堵截网上信访、失职渎职,"事件地点：数据造假罪加一等！福建省福州市鼓楼区政府（鼓楼区政府请收敛）知法犯法长期对我投诉件删除修改？


实名投诉：鼓楼区委书记刘用全纵容造假堵截信访通道
鼓楼区信访配合造假堵截，督办空转。恳请中纪委严查刘用全失管纵容造假，彻查堵截黑幕并严肃问责。

国信平台异常波及鼓楼区，暴露属地监管失控。
4月24日18:00至25日8:00公告维护。25日22:07我点开平台，仍显示24日旧公告，通道锁死。
26日8点后投递，至17:03仍显24日公告，服务未开。
更奇葩的是，维护未到18:00平台提前发布维护公告，公然造假。

4月25日晚至26日17:03，公告不撤、通道锁死、提前造假，行为恶劣、固定异常。
到今天26日17:03打开依然是周五公告，天大笑话，腐败公开叫板吗？

非技术故障，实为后台手动操作、内鬼上阵，蓄意阻断群众信访权利。
鼓楼区作为属地，刘用全身为第一责任人，对此恶性造假、通道堵截视而不见，监管严重失责，基层信访沦为摆设，损害政府公信力。",2026-08-03 22:26:30,福州市,鼓楼区,"鼓楼区12345中心
鼓楼区12345中心",指尖形式主义,强制打卡/积分排名/在线时长/上传照片视频轨迹,为了应付上级检查/考核/指标而增加一线无谓负担,0.9,"['信访数据造假', '督办空转', '失职渎职']",该条目反映了福州市鼓楼区政府在信访数据造假、督办空转、堵截网上信访等方面的问题，属于指尖形式主义，即通过APP/系统打卡、积分排名、在线时长等方式来应付上级检查/考核/指标，增加了基层工作人员的负担。,建议调取鼓楼区政府的信访数据记录、相关会议记录、上级检查/考核/指标的文件等材料，以及与信访工作人员的谈话记录，以核实是否存在数据造假、督办空转、堵截网上信访等问题。,该条目反映了通过APP/系统打卡、积分排名等方式来应付上级检查/考核/指标，增加了基层工作人员的负担，属于指尖形式主义。,qwen2.5vl:7b,full,HIGH,[],2026-08-09 10:59:36.073780
QZ26080321931,投诉：晋江市教育局暑假期间安排教师加班整理消防台账不合理,诉求者为晋江市一名在校教师（具体学校不方便提供），从2026年7月14日开始，晋江市统一开展消防专项排查工作，导致市内多所中小学强制安排一线任课教师，放弃暑假休息，连续加班至今（8月3号），全程没有一天休息日，加班的工作内容均为制作消防排查台账，反复填报统计各类消防数据，完全不属于教育教学本职工作。依据教育部2025年最新教师减负文件明确规定，寒暑假无学生在校期间，原则上不得安排专职教师值班，承担各类社会摊派任务，严禁把消防台账这类行政事务下压给中小学教师。晋江学校的该任务安排已经违背了教师减负政策，同时违反教师法规定的寒暑假法定带薪休假权利，属于形式主义摊派，无偿强制加班。诉求要求立即停止占用教师暑假时间制作消防台账及统计数据这种加班任务。故来电反映，望部门核实处理。,2026-08-03 21:07:31,泉州市,晋江市,晋江市教育局,数据造假,虚假整改/迎检突击/边改边犯/不惩反奖,为了应付上级检查/考核/指标而增加一线无谓负担,0.9,"['教师减负', '消防台账', '加班', '形式主义']",该投诉反映教师在暑假期间被安排加班制作消防台账，这属于为了应付上级检查而增加一线无谓负担的情况，违反了教师减负政策和寒暑假法定带薪休假权利。,建议调取晋江市教育局关于消防专项排查工作的相关文件、教师加班安排的记录、以及教师减负政策文件，以核实是否存在形式主义摊派现象。,核心判断依据为：教师在暑假期间被安排加班制作消防台账，这属于为了应付上级检查而增加一线无谓负担的情况。,qwen2.5vl:7b,full,HIGH,[],2026-08-09 11:00:05.561059
QZ26080321773,投诉：消防过度整改,诉求者反映晋江池店赤塘村因消防整改，整个村的工厂都被封了，整改完了还要挑毛病，未给整改时间直接贴封条，一刀切过度整改，望相关部门核实处理。,2026-08-03 19:27:31,泉州市,晋江市,晋江市池店镇人民政府,权责不清/甩锅,清单外事项下放/签责任状转嫁/属地管理甩锅,为了应付上级检查/考核/指标而增加一线无谓负担,0.9,"['消防整改', '一刀切', '过度整改']",该条目反映的是消防整改过程中，村工厂被一刀切地封停，且整改后仍被挑毛病，这可能是因为为了应付上级检查而增加了基层的负担。,建议调取消防整改的文件、工厂被封停的记录、整改后的检查记录等，以核实整改过程中的具体操作。,该条目反映的是消防整改过程中，村工厂被一刀切地封停，且整改后仍被挑毛病，这可能是因为为了应付上级检查而增加了基层的负担。,qwen2.5vl:7b,full,HIGH,[],2026-08-09 11:01:09.270850
FJ26080220115,福建省12345平台不到三月三换号，就是用“处理完毕”遮丑,"福建省12345平台不到三月三换号，就是用“处理完毕”遮丑

2026年3月14日22:33，再次收到1068423541212345。
不到三个月频繁换号，我问题没解决，你们就不断换号挡枪。
你们向来只用“处理完毕”三个字遮丑，却偷偷干着删地点、改内容、合并推诿的勾当。
向上一级机关说“已受理、已抄告、已合并”，实质是逃避责任、制造假流水。
就是不敢直面我没解决的事，更不敢删了内容再承认。
反而在后台不停换号、做假数据、隔离我。这种只盖章、不办事的做法，本身就是失职。别再装死，出来正面给个说法",2026-08-02 19:26:28,,,"福建省12345中心
福建省12345中心",数据造假,虚假整改/迎检突击/边改边犯/不惩反奖,为了应付上级检查/考核/指标而增加一线无谓负担,0.9,"['12345平台', '弄虚作假']",该条目反映的是12345平台频繁换号，用“处理完毕”遮丑，实质是逃避责任、制造假流水。这表明为了应付上级检查/考核/指标而增加了基层的无谓负担。,建议调取12345平台的后台数据，查看换号记录、处理完毕记录等，以核实是否存在弄虚作假行为。,该条目反映的是平台为了应付上级检查而频繁换号，制造假流水，属于台账留痕迎检的典型形式主义。,qwen2.5vl:7b,full,HIGH,[],2026-08-09 10:46:28.589066
FZ26080220228,关于罗源县12345政务服务便民热线中心不履行督办职责、纵容承办部门以信访打包规避实质办理的投诉,"本人通过福州市12345平台反映涉及罗源县西外路改造项目相关问题。罗源县12345中心多次将新诉求不当归并、甚至越权代替承办单位直接答复，至今未作实质处理。
近日，罗源县土地收购储备中心向本人出具《告知书》（罗地储信访告知〔2026〕1号），将本人通过12345平台反映的所有诉求事项，统一打包归并为一个信访件（编号：罗源信来信〔2026〕15号）。

该《告知书》恰恰证明：承办部门至今未对本人提出的各项具体诉求作出任何实质性分别答复，而是以一份笼统的告知书将所有问题""一包了之""，实质上变相剥夺了本人通过12345渠道获得实质答复的合法权利。

更严重的是，罗源县12345平台作为督办机构，非但没有履行审核督办职责、纠正承办部门的错误做法，反而以此为由搪塞本人，助长了承办部门不实质办理、以信访件打包替代具体答复的违规行为。平台对此负有不可推卸的责任，其行为已构成行政不作为。

投诉请求：

1. 确认被投诉人未依法履行督办职责的行为违法；
2. 责令被投诉人依法履行督办职责，将本人诉求重新独立转派有权处理的职能部门办理；
3. 督促承办部门就本人各项具体诉求分别作出实质性书面答复，不得以信访打包方式替代；
4. 书面告知本人处理结果。

证据材料：

1. 罗源县土地收购储备中心出具的《告知书》（罗地储信访告知〔2026〕1号）
2. 12345平台相关诉求件归并及答复截图。

综上所述，请贵单位依法调查处理，并书面回复本人。
此件请福州市12345平台督办。

投诉人：欧钗俤
联系电话：18950226656
身份证号：35012319430318001×
日期：2026年8月2日",2026-08-02 08:28:53,福州市,罗源县,"罗源县12345中心
罗源县12345中心",数据造假,虚假整改/迎检突击/边改边犯/不惩反奖,为了应付上级检查/考核/指标而增加一线无谓负担,0.9,"['12345平台', '督办不力', '信访打包']",该条目反映的是罗源县12345政务服务便民热线中心在处理诉求时存在台账留痕和数据造假的问题，即通过将多个诉求打包归并为一个信访件，导致基层工作人员在处理具体诉求时负担增加。核心根因是为应付上级检查/考核/指标而增加一线无谓负担。,建议调取罗源县12345平台相关诉求件归并及答复的详细记录，以及罗源县土地收购储备中心出具的《告知书》等材料，以核实诉求打包归并的具体情况。,该条目反映的是通过将多个诉求打包归并为一个信访件，导致基层工作人员在处理具体诉求时负担增加，属于形式主义为基层增加负担。,qwen2.5vl:7b,full,HIGH,[],2026-08-09 10:43:22.818969
FZ26080122016,关于晋安区桂香苑一座2梯加梯，康山社区协调会违规投诉书,"康山社区于组织晋安区康山路桂香苑2梯加建电梯协调会，只是走形式，并未完全通知相关反对业主到位！未把开协调会真正的意义放在工作上，纯走形式！
第一，协调会时间通知不到位！通知了104业主周一下午（8月3号周一下午4点开协调会）。社区工作人员于7月31号（周五）致电103业主说下周一开协调会（并未说具体时间），103业主回复将协调会放在小区对面的旧社区会议室开，因为妻子怀孕月份大无法走到现新社区会议室，社区工作人员回复请示领导！后面社区便再无回复！第二，相关人员时间协调不到位，低层车库业主没空，提议退迟到8月10号之后，社区也无视其答复。第三，社区致电104业主说开协调会，提到你们低层的业主不来，视为弃权！什么叫视为弃权，我们低层业主递交的反对意见书，是提交的玩的吗？这不是协调，是挑起矛盾！分明自己工作职责通知协调不到位，反将因果推给百姓！
这样是要开协调会吗？不就是赤裸裸帮高层业主走形式，无视低层业主的合理权益，社区的职责又是什么？现只要求公平公正的对待这件事！
投诉康山社区工作不规范，不认真，同高层加梯业主侵犯低层业主权益！
康山社区这样的行为，真的很不尊重人！",2026-08-01 19:25:35,福州市,晋安区,福州市晋安区岳峰镇人民政府,精简会议,会议数量过多/层层召开/文山会海/年底扎堆/未批准直达基层,为了应付上级检查/考核/指标而增加一线无谓负担,0.9,"['会议文件泛滥', '层层陪会']",该条目反映的是社区在组织协调会时存在形式主义，未充分通知相关业主，导致协调会流于形式，增加了基层工作人员的负担。关键现象是社区工作不规范，未真正重视协调会的意义，导致基层负担增加。,建议调取社区组织协调会的相关会议记录、通知记录以及业主反馈记录，以核实社区是否真正通知了相关业主并听取他们的意见。,该条目反映的是社区在组织协调会时存在形式主义，未充分通知相关业主，导致协调会流于形式，增加了基层工作人员的负担。,qwen2.5vl:7b,full,HIGH,[],2026-08-09 10:23:16.344887
QZ26080120516,该门店存在违反劳动安全卫生规定的管理制度：,"该门店存在违反劳动安全卫生规定的管理制度：
 
​
1. 全体收银员上班期间强制全程站立，不允许坐下休息，没有配备休息座椅，长时间站立容易造成下肢、腰腿职业病隐患，未提供合理劳动保护条件。
​
2. 制度一刀切规定上班期间严禁购物。认可在岗应当专心工作，但建议区分在岗工作时段与合理休息时间，避免一刀切管理、随意处罚员工。
​
3. 要求所有管理人员、后勤人员手头工作做完后必须到现场，不允许留在办公室；如该安排导致无偿加班、侵占休息时间，请一并核查。
请求劳动监察上门核查劳动条件，督促门店整改，为收银员配备休息座椅、允许客流低谷短暂休息。",2026-08-01 12:10:32,泉州市,洛江区,"洛江区12345中心
洛江区12345中心",权责不清/甩锅,清单外事项下放/签责任状转嫁/属地管理甩锅,为了应付上级检查/考核/指标而增加一线无谓负担,0.9,"['层层加码', '一刀切']",该条目反映了一家门店存在违反劳动安全卫生规定的管理制度，如强制收银员全程站立、严禁购物等，这些规定可能为了应付上级检查而增加了基层员工的负担。,建议调取该门店的管理制度文件、员工工作日志、劳动监察部门的检查记录等，以核实是否存在为了应付上级检查而增加一线无谓负担的情况。,该条目反映了门店为了应付上级检查而采取了强制性规定，增加了基层员工的负担，符合核心判断逻辑。,qwen2.5vl:7b,full,HIGH,[],2026-08-09 10:27:45.575175
FZ26072021964,关于请求依法查处福清市办理遗体火化和领取骨灰过程中增设办理条件，造成镇村干部吃拿卡要的 腐败和增加农民负担的举报,"一、福清市存在乱象问题
福清市在群众办理遗体火化和领取骨灰过程中，要求死者家属必须先由镇、村有关工作人员签字，并填写《福清市骨灰安放（葬）备案表》，明确骨灰安放地点（如骨灰楼、公墓等）等情况，向贵单位举报，并请求依法调查核实。
目前福清市各镇（街）在群众办理遗体火化和领取骨灰过程中，要求死者家属先办理以下事项：
1、需经镇、村有关工作人员签字、加盖公章确认。
2、填写《福清市骨灰安放（葬）备案表》。
3、填报或者明确骨灰安放地点（如骨灰楼、公墓等）。
如未完成上述程序，将无法办理遗体火化和领取骨灰等相关事项。
群众反映，一个流程下来至少要盖多个单位公章及五、六个人签字，这就造成不少群众遭受吃拿卡要各种刁难，有时候经办人员找借口不在，群众跑断了腿、花了不少路费几天内还没办法办理好，有的死者因此未能及时火化，出现遗体变异、发臭，造成疾病传染的公共卫生安全风险。
当群众询问上述要求依据何种法律法规或者政府文件时，工作人员未能提供明确依据，仅表示按照领导工作要求执行。
据了解，该《福清市骨灰安放（葬）备案表》并非依据公开的法律、法规、规章或者规范性文件制定，而是作为基层办理相关事项过程中要求群众填写的材料实际执行。增加了农民的负担。
二、福清市的做法不依法依规，造成镇村干部腐败的根源
1、福建省人民政府办公厅《关于公布省级证明事项取消目录的通知》（闽政办〔2019〕3号）已取消《骨灰去向证明》事项，并明确要求取消后的证明事项不得再要求群众提供。
2、经查阅现行法律、法规及国家、省有关殡葬管理并无此规定。
3、福建省和福州市政府文件中未发现办理遗体火化、领取骨灰必须经镇、村工作人员签字、盖章确认的规定。
4、未发现要求群众必须填写《福清市骨灰安放（葬）备案表》作为办理相关事项前置条件的法律依据。
而福清市目前要求填写《福清市骨灰安放（葬）备案表》，要求明确骨灰安放地点，其内容和作用与已取消的《骨灰去向证明》存在实质关联，属于变相行为，值得依法调查核实。
三、请求及时纠正和取消事项
为维护法律法规的统一实施，保障人民群众依法办理殡葬事务的合法权益，恳请贵单位依法调查核实，并依法处理：
1、参照福州市殡仪馆等地做法，取消福清市这种违法违规做法。
2、调查确认上述做法缺乏明确依据，依法责令停止将《福清市骨灰安放（葬）备案表》作为办理遗体火化、领取骨灰等事项的前置条件。
3、督促有关部门全面清理、纠正无法律依据增加群众办事条件的做法，切实维护群众合法权益，减轻农民负担。
4、依法追究做出决定违规设立群众办事门槛相关领导责任。
5、依法将调查处理结果书面告知举报人。",2026-07-20 14:35:39,福州市,福清市,福清市民政局,精简文件,文件重复发文/多头转发/同一文件多次下发/收文负担,平台方内部流程混乱，客服承诺与执行脱节，导致用户反复沟通同一问题，增加群众办事负担,0.9,"['平台方', '客服', '虚假承诺', '重复沟通']",该条目反映的是平台方（美团）内部客服承诺与执行不一致，导致用户反复沟通同一问题，属于平台方内部管理混乱，增加群众办事负担，符合精简文件中关于收文负担、多头转发的特征。,调取美团客服通话录音、工单记录、客服承诺记录，核实客服承诺与执行不一致的情况。,平台方内部流程混乱，客服承诺与执行脱节，导致用户反复沟通同一问题，增加群众办事负担,qwen3.5:9b,full,HIGH,[],2026-08-10 11:48:03.618258
FJ26071920127,举报福州市鼓楼区政府刘用全负责人信访数据造假、督办空转、堵截网上信访、失职渎职,"事件地点：数据造假罪加一等！福建省福州市鼓楼区政府（鼓楼区政府请收敛）知法犯法长期对我投诉件删除修改？


实名投诉：鼓楼区委书记刘用全纵容造假堵截信访通道
鼓楼区信访配合造假堵截，督办空转。恳请中纪委严查刘用全失管纵容造假，彻查堵截黑幕并严肃问责。

国信平台异常波及鼓楼区，暴露属地监管失控。
4月24日18:00至25日8:00公告维护。25日22:07我点开平台，仍显示24日旧公告，通道锁死。
26日8点后投递，至17:03仍显24日公告，服务未开。
更奇葩的是，维护未到18:00平台提前发布维护公告，公然造假。

4月25日晚至26日17:03，公告不撤、通道锁死、提前造假，行为恶劣、固定异常。
到今天26日17:03打开依然是周五公告，天大笑话，腐败公开叫板吗？

非技术故障，实为后台手动操作、内鬼上阵，蓄意阻断群众信访权利。
鼓楼区作为属地，刘用全身为第一责任人，对此恶性造假、通道堵截视而不见，监管严重失责，基层信访沦为摆设，损害政府公信力。",2026-07-19 22:25:42,福州市,鼓楼区,"鼓楼区12345中心
鼓楼区12345中心",形式主义为基层减负,台账留痕/数据造假,为了应付上级检查/考核/指标而增加一线无谓负担,0.9,"['数据造假', '信访通道堵截', '基层失职']",该条目反映了信访数据造假、信访通道堵截等问题，属于为了应付上级检查而增加基层负担的形式主义表现。,建议调取相关信访数据记录、后台操作记录，以及与信访工作人员的谈话记录，以核实是否存在数据造假和信访通道堵截的情况。,条目内容涉及数据造假和信访通道堵截，属于为了应付上级检查而增加基层负担的形式主义表现。,qwen2.5vl:7b,full,HIGH,[],2026-08-10 08:28:58.283824
PT26071920487,投诉莆田市教师进修学院、荔城区教育局强制暑假集中培训，侵犯教师法定休假权益,"尊敬的12345平台工作人员：
本人系莆田市在职公办小学教师，现实名投诉莆田市教师进修学院、荔城区教育局集中将全部教师培训强制安排在暑假，多层叠加线下集中培训，严重侵占教师法定带薪暑假休息时间，侵犯教师合法休息权益，违反国家法律法规与教育部2026年暑期教师减负政策，具体事实如下：
一、违规培训事实（对应三份官方文件）
 
1. 莆市教院〔2026〕训3号：7月6日-7月10日，全市公费小学语文教师5天全天线下封闭培训，全员必须参训，缺勤不予认定继续教育学时；
​
2. 莆市教院〔2026〕训9号：7月12、15、16日全市中小学全员继续教育线下培训，强制三选二学习，全程签到，缺勤通报教育局；
​
3. 荔城区教育局扩容班主任培训：7月21-22日区级班主任线下集中培训，扩大参训范围，各校强制分配名额，逾期未报无法参训。
以上三场培训连续排布在7月暑假，培训均为全天线下集中学习，考勤严格，无灵活自主线上学习渠道，不允许自主调整时间，请假流程繁琐且限制严格，多层培训叠加，几乎占用教师整个暑假前半段，教师完全没有充足时间休整、陪护家人、自主安排个人生活。
 
二、法律与政策依据
 
1. 《中华人民共和国教师法》第七条明确规定：教师享有寒暑假期带薪休假的法定权利，寒暑假属于教师法定休息时间，任何单位不得单方面强制占用；
​
2. 《劳动法》规定，休息日强制安排工作（含强制培训），需协商一致并支付加班报酬或安排对等调休，本次所有暑期培训均未提供任何加班补贴、调休；
​
3. 教育部2026年暑期安全工作通知（教基厅函〔2026〕17号）明确要求：合理安排教师暑期休整，保障教师法定休假权益，杜绝层层加码、集中摊派培训任务，减轻教师假期负担；
​
4. 教育部教师减负文件提出，严控假期强制线下集中任务，培训应兼顾教师休息，优先提供自主、弹性线上学习渠道，不得将线下培训与继续教育学时硬性绑定强制参训。
 
三、本次行为造成的不良影响
 
1. 连续多场全天线下培训挤占全部暑假，教师日常教学高强度，假期无法身心休整，极易产生职业倦怠；
​
2. 家中老人、子女无人照料，无法正常陪伴家人，严重影响个人生活；
​
3. 全部培训强制线下、时间固定，无灵活选课、错峰参训机制，一刀切安排未考虑教师个人实际困难；
​
4. 将培训考勤、参训情况与继续教育学分、年度考核挂钩，变相强制参训，违背自愿进修原则。
 
四、本人合理诉求
 
1. 1. 责令莆田市教师进修学院、荔城区教育局对2026暑期集中培训安排进行整改，拆分暑期线下培训场次，错开集中培训时段；
​
2. 今后教师继续教育、专项能力培训、班主任培训不得全部集中安排在暑假，实行“学期内分散培训+弹性线上自主研修”结合模式，保障教师完整暑假休息时间；
​
3. 取消强制线下参训硬性要求，提供线上回看、错峰参训等弹性学习方式，不得仅以线下签到认定学时；
​
4. 规范暑期培训管理，若确需假期开展集中培训，应提前征求教师意见，提供对应调休或劳务补助，简化合理请假流程，不得无故限制教师请假；
​
5. 向全市教师公开整改方案与后续培训时间规划，落实教育部教师暑期减负相关要求。
 
本人承诺以上内容全部属实，相关培训文件文号均可提供佐证，恳请教育主管部门介入核查、及时整改，并书面反馈处理结果，严格保密投诉人信息，请勿泄露给学校、培训承办单位，仅线上文字回复。",2026-07-19 15:16:15,莆田市,,"莆田市教育局
荔城区教育局",形式主义为基层减负,层层加码/一刀切,为了应付上级检查/考核/指标而增加一线无谓负担,0.9,"['教师待遇', '暑假培训', '过度管控']",该投诉涉及教师暑假培训问题，教师被强制安排在暑假进行集中培训，这可能违反了国家法律法规和教育部关于教师减负的相关政策，属于过度管控和一刀切的行为，增加了教师的负担。,建议调取莆田市教师进修学院、荔城区教育局的相关培训文件，了解培训的具体安排和考核机制，以及是否有相关的上级文件或政策支持这些培训。,投诉内容涉及教师暑假培训问题，教师被强制安排在暑假进行集中培训，这可能违反了国家法律法规和教育部关于教师减负的相关政策，属于过度管控和一刀切的行为，增加了教师的负担。,qwen2.5vl:7b,full,HIGH,[],2026-08-10 08:37:24.449034
FZ26071822547,"＂关于既有住宅（龙峰新村12号楼2梯）增设电梯规划事宜的投诉信＂
，","关于既有住宅（龙峰新村12号楼2梯）增设电梯规划事宜的投诉信
尊敬的相关主管部门领导：
本人是福州市鼓楼区龙峰新村12号楼2梯业主，本楼栋属于老旧小区，楼内多位住户均为八九十岁高龄老人，行动不便，日常上下楼极为困难，加装电梯是我们迫切的民生需求。
我们依规申请老旧小区增设电梯，规划部门向鼓楼区文体旅局（区文物局）征求意见后，收到该局2026年5月12日出具的意见函，明确本楼栋处于省级文保单位龙峰泰山庙保护范围内，要求我们将设计方案逐级上报，最终需省政府审批。
在咨询办理流程的过程中，各文物部门相互推诿、权责划分模糊，存在踢皮球情况：咨询区文物局，告知要找市级部门；咨询市文物部门，又告知需上报省级单位，全程无工作人员一次性告知完整办理流程、所需材料、对接窗口，普通老百姓根本无从下手，还要自行联系考古单位勘察，流程繁琐、门槛过高，完全不贴合老旧小区加装电梯的民生便民政策初衷。
同小区其他楼栋（如14号楼1梯、10号楼3梯）已完成电梯加装，建筑距离泰山庙围墙同样不足20米，却顺利通过审批，唯独本楼栋审批标准不一致，政策执行尺度不统一，让我们业主难以理解。老旧小区加装电梯本是国家大力推行的惠民工程，文物保护与民生需求本应统筹协调，而非简单以文保红线一刀切、层层增设审批门槛，让高龄老人的出行难题长期无法解决。
 
现恳请上级部门介入协调：
1. 统一本小区加装电梯审批标准，解释已完工电梯与本楼栋审批要求不一致的原因；
2. 厘清省、市、区三级文物部门办理权责，一次性告知完整申报流程、材料清单、对接窗口，杜绝部门互相推诿踢皮球；
3. 简化本楼栋电梯加装文保审批流程，实地结合现场情况兼顾文物保护与居民刚需，协助我们推进电梯落地，解决高龄老人出行难题。
恳请主管部门重视群众实际困难，介入文物部门重新审核本单元加装电梯申请，切实落地惠民政策，解决居民出行困境。
 
投诉人：龙峰新村12号楼2梯全体业主
2026年7月16日",2026-07-18 23:45:10,福州市,鼓楼区,福州市鼓楼区文化体育和旅游局,形式主义为基层减负,层层加码/一刀切,为了应付上级检查/考核/指标而增加一线无谓负担,0.9,"['老旧小区电梯加装', '文物保护', '审批流程繁琐']",该条目反映了在老旧小区加装电梯过程中，由于文物保护政策的层层加码和审批流程的繁琐，导致审批标准不一致，政策执行尺度不统一，增加了基层的负担。核心根因是为了解决文物保护与民生需求之间的矛盾，但审批流程的复杂性增加了基层的负担。,建议调取各文物部门的审批流程文件、相关会议记录、审批标准文件等，以核实审批流程的复杂性和审批标准的不一致性。,该条目反映了在老旧小区加装电梯过程中，由于文物保护政策的层层加码和审批流程的繁琐，导致审批标准不一致，政策执行尺度不统一，增加了基层的负担。,qwen2.5vl:7b,full,HIGH,[],2026-08-10 08:15:26.961786
FJ26071820116,举报福州市鼓楼区政府刘用全负责人信访数据造假、督办空转、堵截网上信访、失职渎职,"事件地点：数据造假罪加一等！福建省福州市鼓楼区政府（鼓楼区政府请收敛）知法犯法长期对我投诉件删除修改？


实名投诉：鼓楼区委书记刘用全纵容造假堵截信访通道
鼓楼区信访配合造假堵截，督办空转。恳请中纪委严查刘用全失管纵容造假，彻查堵截黑幕并严肃问责。

国信平台异常波及鼓楼区，暴露属地监管失控。
4月24日18:00至25日8:00公告维护。25日22:07我点开平台，仍显示24日旧公告，通道锁死。
26日8点后投递，至17:03仍显24日公告，服务未开。
更奇葩的是，维护未到18:00平台提前发布维护公告，公然造假。

4月25日晚至26日17:03，公告不撤、通道锁死、提前造假，行为恶劣、固定异常。
到今天26日17:03打开依然是周五公告，天大笑话，腐败公开叫板吗？

非技术故障，实为后台手动操作、内鬼上阵，蓄意阻断群众信访权利。
鼓楼区作为属地，刘用全身为第一责任人，对此恶性造假、通道堵截视而不见，监管严重失责，基层信访沦为摆设，损害政府公信力。",2026-07-18 22:38:52,福州市,鼓楼区,"鼓楼区12345中心
鼓楼区12345中心",形式主义为基层减负,指尖形式主义,为了应付上级检查/考核/指标而增加一线无谓负担,0.9,"['指尖形式主义', '数据造假', '信访通道堵截']",该条目涉及信访数据造假、信访通道堵截等问题，反映了基层信访工作被人为干扰，增加了基层干部的负担。投诉内容提到鼓楼区信访配合造假堵截，督办空转，这表明为了应付上级检查或考核，基层信访工作被人为干扰，增加了基层干部的负担。,建议调取鼓楼区信访部门的内部文件、会议记录、相关工作日志等，以核实是否存在数据造假、信访通道被人为阻断的情况。,投诉内容涉及信访数据造假和信访通道被人为阻断，反映了为了应付上级检查或考核，基层信访工作被人为干扰，增加了基层干部的负担。,qwen2.5vl:7b,full,HIGH,[],2026-08-10 08:16:11.799580
FZ26071822260,关于既有住宅（龙峰新村12号楼2梯）增设电梯规划事宜的投诉信,"尊敬的相关主管部门领导：
本人是福州市鼓楼区龙峰新村12号楼2梯业主，本楼栋属于老旧小区，楼内多位住户均为八九十岁高龄老人，行动不便，日常上下楼极为困难，加装电梯是我们迫切的民生需求。
我们依规申请老旧小区增设电梯，规划部门向鼓楼区文体旅局（区文物局）征求意见后，收到该局2026年5月12日出具的意见函，明确本楼栋处于省级文保单位龙峰泰山庙保护范围内，要求我们将设计方案逐级上报，最终需省政府审批。
在咨询办理流程的过程中，各文物部门相互推诿、权责划分模糊，存在踢皮球情况：咨询区文物局，告知要找市级部门；咨询市文物部门，又告知需上报省级单位，全程无工作人员一次性告知完整办理流程、所需材料、对接窗口，普通老百姓根本无从下手，还要自行联系考古单位勘察，流程繁琐、门槛过高，完全不贴合老旧小区加装电梯的民生便民政策初衷。
同小区其他楼栋（如14号楼1梯、10号楼3梯）已完成电梯加装，建筑距离泰山庙围墙同样不足20米，却顺利通过审批，唯独本楼栋审批标准不一致，政策执行尺度不统一，让我们业主难以理解。老旧小区加装电梯本是国家大力推行的惠民工程，文物保护与民生需求本应统筹协调，而非简单以文保红线一刀切、层层增设审批门槛，让高龄老人的出行难题长期无法解决。
 
现恳请上级部门介入协调：
1. 统一本小区加装电梯审批标准，解释已完工电梯与本楼栋审批要求不一致的原因；
2. 厘清省、市、区三级文物部门办理权责，一次性告知完整申报流程、材料清单、对接窗口，杜绝部门互相推诿踢皮球；
3. 简化本楼栋电梯加装文保审批流程，实地结合现场情况兼顾文物保护与居民刚需，协助我们推进电梯落地，解决高龄老人出行难题。
恳请主管部门重视群众实际困难，介入文物部门重新审核本单元加装电梯申请，切实落地惠民政策，解决居民出行困境。
 
投诉人：龙峰新村12号楼2梯全体业主
2026年7月16日",2026-07-18 20:42:32,福州市,鼓楼区,福州市鼓楼区文化体育和旅游局,形式主义为基层减负,层层加码/一刀切,为了应付上级检查/考核/指标而增加一线无谓负担,0.9,"['层层加码', '一刀切']",该条目反映了在老旧小区增设电梯过程中，由于文物保护部门层层加码、一刀切的审批流程，导致审批标准不一致，给基层增加了不必要的负担。关键现象是文物部门相互推诿、权责划分模糊，导致审批流程繁琐、门槛过高，与惠民政策初衷相悖。,建议调取文物部门的审批流程文件、相关会议记录、文物部门与业主的沟通记录等，以核实审批流程的繁琐程度和权责划分情况。,该条目反映了在老旧小区增设电梯过程中，由于文物保护部门层层加码、一刀切的审批流程，导致审批标准不一致，给基层增加了不必要的负担。,qwen2.5vl:7b,full,HIGH,[],2026-08-10 08:17:04.401359
SM26071820266,汤川乡公共建设项目验收核查工作流于形式,我是汤川乡，辖区公共建设项目验收流于形式、敷衍应付。各类公共基础设施完工后，未实地核验落地成效与建设质量，核查工作草率马虎。相关公共建设工作落实浮于表面，存在突出形式主义问题，恳请上级部门实地核查，全面整改不规范的验收工作。,2026-07-18 17:59:45,三明市,尤溪县,"尤溪县12345中心
尤溪县12345中心",形式主义为基层减负,台账留痕迎检,为了应付上级检查/考核/指标而增加一线无谓负担,0.9,"['公共建设项目验收', '形式主义', '基层负担']",该条目反映的是汤川乡公共建设项目验收流于形式，未实地核验落地成效与建设质量，核查工作草率马虎，存在形式主义问题。核心根因是为应付上级检查而增加一线无谓负担。,建议调取验收工作的相关文件、实地核查记录、验收人员访谈记录等材料，以核实是否存在形式主义问题。,该条目描述了公共建设项目验收工作流于形式，未实际核查建设质量，属于为了应付上级检查而增加一线无谓负担，符合形式主义为基层增加负担的判断标准。,qwen2.5vl:7b,full,HIGH,[],2026-08-10 08:19:05.785008
FJ26071720234,福建省12345平台不到三月三换号，就是用“处理完毕”遮丑,"福建省12345平台不到三月三换号，就是用“处理完毕”遮丑

2026年3月14日22:33，再次收到1068423541212345。
不到三个月频繁换号，我问题没解决，你们就不断换号挡枪。
你们向来只用“处理完毕”三个字遮丑，却偷偷干着删地点、改内容、合并推诿的勾当。
向上一级机关说“已受理、已抄告、已合并”，实质是逃避责任、制造假流水。
就是不敢直面我没解决的事，更不敢删了内容再承认。
反而在后台不停换号、做假数据、隔离我。这种只盖章、不办事的做法，本身就是失职。别再装死，出来正面给个说法",2026-07-17 22:10:53,,,"福建省12345中心
福建省12345中心",形式主义为基层减负,指尖形式主义,为了应付上级检查/考核/指标而增加一线无谓负担,0.9,"['弄虚作假', '指尖形式主义']",该条目反映的是12345平台频繁换号、使用“处理完毕”遮丑的现象，这可能表明平台为了应付上级检查而采取了不实的处理方式，增加了基层工作人员的负担。,建议调取平台的处理记录、后台操作日志以及相关工作人员的访谈，以核实是否存在弄虚作假的情况。,该条目反映的是平台为了应付上级检查而采取了不实的处理方式，增加了基层工作人员的负担。,qwen2.5vl:7b,full,HIGH,[],2026-08-10 07:53:57.042914
FZ26071722760,"＂关于既有住宅（龙峰新村12号楼2梯）增设电梯规划事宜的投诉信＂
，","关于既有住宅（龙峰新村12号楼2梯）增设电梯规划事宜的投诉信
尊敬的相关主管部门领导：
本人是福州市鼓楼区龙峰新村12号楼2梯业主，本楼栋属于老旧小区，楼内多位住户均为八九十岁高龄老人，行动不便，日常上下楼极为困难，加装电梯是我们迫切的民生需求。
我们依规申请老旧小区增设电梯，规划部门向鼓楼区文体旅局（区文物局）征求意见后，收到该局2026年5月12日出具的意见函，明确本楼栋处于省级文保单位龙峰泰山庙保护范围内，要求我们将设计方案逐级上报，最终需省政府审批。
在咨询办理流程的过程中，各文物部门相互推诿、权责划分模糊，存在踢皮球情况：咨询区文物局，告知要找市级部门；咨询市文物部门，又告知需上报省级单位，全程无工作人员一次性告知完整办理流程、所需材料、对接窗口，普通老百姓根本无从下手，还要自行联系考古单位勘察，流程繁琐、门槛过高，完全不贴合老旧小区加装电梯的民生便民政策初衷。
同小区其他楼栋（如14号楼1梯、10号楼3梯）已完成电梯加装，建筑距离泰山庙围墙同样不足20米，却顺利通过审批，唯独本楼栋审批标准不一致，政策执行尺度不统一，让我们业主难以理解。老旧小区加装电梯本是国家大力推行的惠民工程，文物保护与民生需求本应统筹协调，而非简单以文保红线一刀切、层层增设审批门槛，让高龄老人的出行难题长期无法解决。
 
现恳请上级部门介入协调：
1. 统一本小区加装电梯审批标准，解释已完工电梯与本楼栋审批要求不一致的原因；
2. 厘清省、市、区三级文物部门办理权责，一次性告知完整申报流程、材料清单、对接窗口，杜绝部门互相推诿踢皮球；
3. 简化本楼栋电梯加装文保审批流程，实地结合现场情况兼顾文物保护与居民刚需，协助我们推进电梯落地，解决高龄老人出行难题。
恳请主管部门重视群众实际困难，介入文物部门重新审核本单元加装电梯申请，切实落地惠民政策，解决居民出行困境。
 
投诉人：龙峰新村12号楼2梯全体业主
2026年7月16日",2026-07-17 17:16:18,福州市,鼓楼区,福州市鼓楼区文化体育和旅游局,形式主义为基层减负,层层加码/一刀切,为了应付上级检查/考核/指标而增加一线无谓负担,0.9,"['电梯问题', '文物保护', '基层负担']",该条目反映了在老旧小区加装电梯过程中，由于文物保护政策的层层加码和不一致，导致审批流程繁琐，增加了基层负担。业主反映的问题核心在于政策执行尺度不统一，导致审批标准不一致，增加了不必要的行政负担。,建议调取文物部门的审批流程和标准，了解具体审批要求和流程，以及业主反映的审批标准不一致的具体情况。,该条目反映了在老旧小区加装电梯过程中，由于文物保护政策的层层加码和不一致，导致审批流程繁琐，增加了基层负担。,qwen2.5vl:7b,full,HIGH,[],2026-08-10 08:09:08.036856
XM26071722269,XM26071522307,"本人实名投诉厦门市湖里区江头派出所民警，以民族身份为由强制驱赶我搬离租住房屋，存在民族歧视、行政履职不当问题，具体事实完整陈述如下：
1.事发时间、地点：2026 年 7 月14日，厦门市湖里区江头城中村出租房。本人为少数民族，合法公民，来厦门短期出行，无任何违法违规行为。
2.事件完整经过：前期我接到后埔社区工作人员电话（18259266571、13101435984）确认我住在83号楼602室，于是我向他们咨询少数民族住房政策，接电人员（15980827174）明确告知少数民族可正常租房，仅需实名登记，不存在禁止租住城中村的规定； ② 入住后房东告知，社区内部通知禁止接纳我这类少数民族租客，称从事房屋出租的七年以来，一直不让新疆人租住在此，房东出示社区通知截图（未及时保存），受社区施压要求我立刻搬走； ③ 我拨打 12345 政务热线反馈该歧视问题，诉求社区、派出所停止逼迫我搬离； ④ 后续社区民警（电话18850878026）接到12345投诉后，社区民警上门告知此前有新疆同胞和房东吵架、新疆同胞和房东有矛盾所以不允许我居住等无端理由，催促我尽快搬离，要求我无条件配合社区安排然而房东告诉我社区长期存在不允许新疆人居住的情况，并且该社区只会在表面上允许新疆人居住，反过来施压房东让新疆人搬离否则将会罚款；7月15日21点07分我拨打市110寻求现场调解，先告知我无权管辖，要现场调解，然而警方始终无人上门处理，放任社区以民族理由驱赶我； ⑤社区警务室工作人员持续向房东施压，强制要求房东终止让我居住，被迫临时离开该片区，现已购买动车票、机票返回天津造成经济损失。
3.违法违规依据： 《中华人民共和国宪法》第四条明确规定，各民族一律平等，禁止任何形式的民族歧视、压迫，公民租房属于基本民事生活行为，不得因民族身份区别对待；社区、派出所无任何法律法规、正式文件作为依据，单纯以民族身份限制我租房居住，属于违法歧视；公安民警接到群众维权诉求后不调解、不制止歧视行为，反而协助驱赶群众，属于行政不作为、履职不当。
4.本人明确诉求： （1）对湖里区江头社区下发限制少数民族租房的相关工作人员开展调查，制止社区违规歧视性管控要求，出具书面调查结果；（2）核查江头派出所涉事民警处置投诉不作为、协助驱赶群众的问题，依规开展批评教育、整改； （3）规范江头片区城中村租房管理，废除针对特定民族的不合理限制，保障各民族群众平等租房的合法权利；（4）就本次歧视驱赶事件向本人书面反馈处理结果，并电话告知办理进度。
5.留存证据：110 通话记录、12345 投诉工单记录、与房东、民警、警务室工作人员沟通记录、往返交通票据等，可随时配合相关部门线上提交核验。
本人承诺以上内容全部属实，无捏造、夸大，恳请湖里区政府、湖里公安分局、江头街道联合核查处理，维护民族团结与公民合法平等权益。",2026-07-17 17:04:41,厦门市,湖里区,"厦门市公安局
湖里区12345中心
厦门市公安局
湖里区12345中心",形式主义为基层减负,过度管控/盲目决策,为了应付上级检查/考核/指标而增加一线无谓负担,0.9,"['过度管控', '民族歧视', '行政履职不当']",该条目反映的是基层民警因民族身份为由强制驱赶租住房屋的少数民族居民，存在民族歧视和行政履职不当问题。这可能与上级部门对基层的过度管控有关，导致基层工作人员在处理问题时存在盲目决策，增加了基层负担。,建议调取社区工作人员、派出所民警的通话记录、社区通知截图、12345投诉工单记录等材料，以核实是否存在过度管控和盲目决策的情况。,投诉内容涉及基层民警因民族身份为由强制驱赶租住房屋的少数民族居民，存在民族歧视和行政履职不当问题，可能与上级部门对基层的过度管控有关，增加了基层负担。,qwen2.5vl:7b,full,HIGH,[],2026-08-10 08:09:42.764357
PT26071720758,关于要求菜溪乡政府就“真实有效”结论提供依据的投诉（请求转仙游县人民政府直接督办）,"本人系仙游县菜溪乡园宅村村民。菜溪乡人民政府多次答复称：“该43.2亩《林木采伐许可证》属依法办理、真实有效，不存在骗取林木采伐证和盗伐集体林木行为。”

既然“依法办理、真实有效”，就请菜溪乡政府提供以下材料，证明其结论：

2023年6月22日园宅村基点会议记录原件照片（含全部签名页）；

该43.2亩林木贩卖所得款的银行流水原件照片。

上述两份材料是证明“依法办理、真实有效”的最基本依据。

会议记录证明林木处置经过了村民集体决议——没有会议记录，就没有所谓的“依法办理”。银行流水证明贩卖款项已进入集体账户——款项去向不明，就没有所谓的“真实有效”。

本人多次要求提供上述材料，菜溪乡政府多次回避，至今未提供，也未书面说明不提供的理由。

本人请问菜溪乡政府：

“经调查”的调查依据是什么？

没有会议记录、没有银行流水，凭什么认定“真实有效”？

一个连最基本的会议记录和资金流水都不敢公开的调查结论，如何让村民信服？

采伐证合法≠会议记录真实≠资金已入账。既然菜溪乡政府以“真实有效”答复本人，请用实实在在的材料证明其结论，而不是空口说白话。

请求事项：

1.恳请仙游县人民政府责令菜溪乡政府在15个工作日内提供：

①2023年6月22日园宅村基点会议记录原件照片（含全部签名页）；

②该43.2亩林木贩卖所得款的银行流水原件照片。

2.如菜溪乡政府届时仍不提供，请仙游县人民政府书面说明原因，并依据《福建省村集体财务管理条例》启动专项审计。

3.恳请将上述材料及处理情况书面答复本人。",2026-07-17 15:25:44,莆田市,仙游县,"仙游县12345中心
仙游县12345中心",形式主义为基层减负,台账/留痕/数据造假,为了应付上级检查/考核/指标而增加一线无谓负担,0.9,"['台账留痕', '数据造假']",该投诉内容涉及基层政府在提供林木采伐许可证的合法性证明时，要求提供会议记录和银行流水等材料，以证明其结论的真实性和有效性。这表明基层政府可能为了应付上级检查而增加了基层干部的负担，通过要求提供大量材料来证明其结论的真实性。,建议调取会议记录原件照片、银行流水原件照片等材料，以核实基层政府提供的证据是否真实有效。,投诉内容涉及基层政府为了应付上级检查而要求提供大量材料，增加了基层干部的负担。,qwen2.5vl:7b,full,HIGH,[],2026-08-10 08:01:36.158959
FJ26071720111,龙海区白水镇违规侵占确权水田，多次投诉遭虚假办结、推诿甩锅，恳请区级部门实地处理,"本人丈夫为持证残疾人，井园村园美后27号确权水田是全家唯一生计来源，先后4次提交征地诉求，工单编号：ZZ26063020599、ZZ26071520699、ZZ26071520997、ZZ26071620749。
每一次诉求我均书面明确要求工单不得分流至白水镇，申请龙海区督查室、自然资源局实地核查，但龙海区12345多次无视群众升级督办请求，强制将诉求转回涉事白水镇。
最新工单提交当日，无区级工作人员上门、无新增实地调查、未与我线下沟通，平台直接标记“办理完毕”，仅推送回避全部违法事实的旧答复，纯粹走流程闭环，属于敷衍履职、推诿群众合理诉求。
 
客观违法事实
 
1. 我户水田无合法征地审批、无本人签字补偿协议，就被强行占用建厂；前往市、省相关部门核查，未查询到地块征收公告、农转用审批、完整补偿台账。
​
2. 征地工作人员专程前往厦门哄骗我签字，在家门口张贴恐吓告示，委托厂房老板、亲戚私下传话施压，录音、纸质告示、土地确权档案等全部证据留存。
​
3. 我仅诉求置换同等水田维持残疾家庭生计，白水镇全程回避诉求，拒绝分管领导当面协商、不出具任何安置方案。
​
4. 镇政府刻意包庇未批先占、胁迫农户行为，拒不公开全套征地审批、补偿发放签字档案；现又启动涉及我户祖坟承包地的第二批征地，不顾第一批遗留纠纷未解决。",2026-07-17 13:34:01,漳州市,龙海区,"龙海区12345中心
龙海区12345中心",形式主义为基层减负,台账留痕迎检,为了应付上级检查/考核/指标而增加一线无谓负担,0.9,"['违规占地', '台账留痕迎检']",该投诉反映龙海区白水镇在处理征地诉求时，存在虚假办结、推诿甩锅的情况，且多次诉求均被标记为“办理完毕”，表明存在台账留痕迎检的问题，为了应付上级检查而增加了基层负担。,建议调取龙海区白水镇处理征地诉求的相关台账记录，了解是否存在虚假办结、推诿甩锅的情况。,投诉内容反映龙海区白水镇在处理征地诉求时存在台账留痕迎检的问题，为了应付上级检查而增加了基层负担。,qwen2.5vl:7b,full,HIGH,[],2026-08-10 08:03:39.088641
QZ26071720356,投诉：泉州市12345外包热线公职人员 M,基于工单QZ26042220516，部门已答复，诉求者表示问题没有解决，要投诉泉州市12345外包热线公职人员，表示外包解决不了问题，推诿扯皮不作为，搞假大空，严重形式主义，故再次反映，望部门核实处理。,2026-07-17 09:55:16,泉州市,泉州台商投资区,"泉州市12345中心
泉州市12345中心",形式主义为基层减负,指尖形式主义,为了应付上级检查/考核/指标而增加一线无谓负担,0.9,"['指尖形式主义', '推诿扯皮', '不作为']",该条目反映的是12345热线公职人员推诿扯皮、不作为的问题，属于形式主义为基层增加负担。诉求者表示外包解决不了问题，推诿扯皮不作为，搞假大空，严重形式主义。这表明为了应付上级检查/考核/指标而增加了基层工作人员的无谓负担。,建议调取12345热线的工单记录、公职人员的绩效考核记录、以及相关领导的会议记录，以核实是否存在形式主义行为。,该条目反映的是公职人员推诿扯皮、不作为的问题，属于形式主义为基层增加负担。,qwen2.5vl:7b,full,HIGH,[],2026-08-10 08:15:04.649412
QZ26071621935,工单提级督办申请（督办原工单：QZ26042021729）,"本人此前反映山霞镇下坑村公共通道违规扩建问题，并提交完整证据。对于承办单位本次办理回复，本人坚决不予认可。回复偏离客观事实，工作人员未到场实地核查，未落实实质整改，属于敷衍履职、虚假办结。
 
镇政府明确核定该通道硬化墙体施工厚度标准为10厘米。经现场实测，墙体实际厚度18厘米，超出标准80%，违反施工规范，构成违规扩建。
 
该通道是村内四十余户村民及小型加工点日常通行、消防应急、人员疏散唯一公共通道。违规扩建压缩通行宽度，通行环境持续恶化，多次发生车辆剐蹭，造成群众财产损失，持续存在出行与消防安全隐患，侵害村民公共通行权。
 
本次工单回复避重就轻、答非所问，没有针对“标准10厘米、实测18厘米违规超标”核心问题处置，安全隐患并未消除，属于无效整改。
 
现申请平台提级督办、重点核查，督促责任单位依法落实整改，诉求：
 
1. 依照官方10厘米施工标准，从原墙体起算，拆除整改超标部分，恢复通道原始通行条件；

2. 杜绝敷衍处置，彻底消除通道通行及消防安全隐患；

3. 提供完整整改台账与正式书面办结说明。
 
附件佐证清单
 
1. 邻里通道平面图、群众联签材料：证明该通道属于村民公共应急通道；

2. 现场实景照片：证明通道缩窄、车辆剐蹭、通行受阻情况；

3. 镇政府答复截图：佐证墙体施工标准为10厘米；

4. 现场实测照片：证实墙体厚度18厘米、严重超标；

5. 本次工单回复截图：证明承办单位敷衍履职、虚假整改。
 
2026年7月16日",2026-07-16 23:22:17,泉州市,惠安县,"惠安县12345中心
惠安县12345中心",形式主义为基层减负,台账留痕迎检,为了应付上级检查/考核/指标而增加一线无谓负担,0.9,"['道路管养', '无效整改', '敷衍履职']",该条目反映的是道路施工违规扩建问题，涉及无效整改和敷衍履职的情况，存在为了应付上级检查而增加一线无谓负担的问题。工单回复避重就轻，没有针对核心问题处置，安全隐患并未消除，属于无效整改。,建议调取工单回复截图、现场实测照片、镇政府答复截图等材料，以核实是否存在无效整改和敷衍履职的情况。,该条目反映的是道路施工违规扩建问题，涉及无效整改和敷衍履职的情况，存在为了应付上级检查而增加一线无谓负担的问题。,qwen2.5vl:7b,full,HIGH,[],2026-08-10 07:38:50.166037
FJ26071620271,举报福州市鼓楼区政府刘用全负责人信访数据造假、督办空转、堵截网上信访、失职渎职,"事件地点：数据造假罪加一等！福建省福州市鼓楼区政府（鼓楼区政府请收敛）知法犯法长期对我投诉件删除修改？


实名投诉：鼓楼区委书记刘用全纵容造假堵截信访通道
鼓楼区信访配合造假堵截，督办空转。恳请中纪委严查刘用全失管纵容造假，彻查堵截黑幕并严肃问责。

国信平台异常波及鼓楼区，暴露属地监管失控。
4月24日18:00至25日8:00公告维护。25日22:07我点开平台，仍显示24日旧公告，通道锁死。
26日8点后投递，至17:03仍显24日公告，服务未开。
更奇葩的是，维护未到18:00平台提前发布维护公告，公然造假。

4月25日晚至26日17:03，公告不撤、通道锁死、提前造假，行为恶劣、固定异常。
到今天26日17:03打开依然是周五公告，天大笑话，腐败公开叫板吗？

非技术故障，实为后台手动操作、内鬼上阵，蓄意阻断群众信访权利。
鼓楼区作为属地，刘用全身为第一责任人，对此恶性造假、通道堵截视而不见，监管严重失责，基层信访沦为摆设，损害政府公信力。",2026-07-16 21:50:08,福州市,鼓楼区,"鼓楼区12345中心
鼓楼区12345中心",形式主义为基层减负,指尖形式主义,为了应付上级检查/考核/指标而增加一线无谓负担,0.9,"['指尖形式主义', '信访数据造假', '基层减负']",该条目涉及信访数据造假和信访通道被堵截，反映了基层信访工作被人为干扰，增加了基层工作人员的负担，属于形式主义为基层增加负担的典型表现。,建议调取国信平台的后台操作记录，以及相关信访人员的访谈记录，以核实是否存在人为操作导致的信访数据造假和通道被堵截。,举报内容涉及信访数据造假和信访通道被人为干扰，反映了基层信访工作被人为干扰，增加了基层工作人员的负担。,qwen2.5vl:7b,full,HIGH,[],2026-08-10 07:39:35.329016
FZ26071623476,恳请福建省人大依法监督:厦门市信访局、人社局、海沧相关单位履职不作为，包庇违规聘用,"本人实名反映海沧区教育局违规复聘招聘阶段隐瞒病史人员范心琪，全套人事公文、事实证据早已完整提交各部门，但多家单位推诿包庇、拒不实质处置。 
海沧区教育局历次书面答复刻意避重就轻、答非所问，回避违规聘用核心事实；海沧区信访局仅简单转办诉求，不审核教育局答复、拒不履行督办职责，持续纵容敷衍处置。 
厦门市人社局存在监管失职，作出人事再申诉发回重审决定后，未按规定在三十日内审核下级全套备案材料，放任违规聘用落地，收到违纪线索不核查整改。 
厦门市信访局.接到我的督办申请后拒不履行市级信访督办法定义务，放任下级部门掩盖问题，多家单位长期不作为，存在严重官僚主义问题。 
现恳请福建省人大常委会行使法定监督职权，介入专项全面核查全部证据材料，督促各单位完整回应全部诉求，对包庇违规、怠于履职的工作人员依规追责问责。",2026-07-16 20:06:20,厦门市,海沧区,"厦门市12345中心
厦门市12345中心",形式主义为基层减负,评比创建证明借调,为了应付上级检查/考核/指标而增加一线无谓负担,0.9,"['评比创建证明借调', '基层减负', '人事招考']",该条目涉及人事招考中的包庇违规聘用问题，反映了基层单位在处理人事问题时存在推诿包庇、不作为的现象，增加了基层工作人员的负担，属于形式主义为基层增加负担的典型表现。,建议调取人事公文、信访记录以及相关单位的内部会议记录，以核实是否存在包庇违规聘用的问题。,举报内容涉及人事招考中的包庇违规聘用问题，反映了基层单位在处理人事问题时存在推诿包庇、不作为的现象，增加了基层工作人员的负担。,qwen2.5vl:7b,full,HIGH,[],2026-08-10 07:39:35.356902
FZ26071622263,关于投诉仓山区城门镇龙江村竹楼142号暴力拆迁问题,诉求编号：（FZ26052821194），答复收悉。本人翁金龙（电话：13809502617）对本次答复不认可，所有诉求均未解决。我主要投诉工作人员短时虚假回访、违规强行办结工单、房屋暴力拆迁三类问题，答复刻意回避干部作风违规事实，仅用模板套话搪塞，没有核查、没有整改、没有书面盖章回复，还推诿引导群众自行上访举报，拒不履职。要求平台作废本次办结记录，尽快移交仓山区政府、市级12345提级督办，限期出具盖公章正式处理文书；若继续交由城门镇敷衍处置，我将携带回访截图、工单记录向区纪委、市信访局逐级提交政风举报。继续投诉。,2026-07-16 15:39:43,福州市,仓山区,"仓山区12345中心
仓山区12345中心",形式主义为基层减负,过度管控/盲目决策,为了应付上级检查/考核/指标而增加一线无谓负担,0.9,"['过度管控', '盲目决策']",该投诉涉及工作人员短时虚假回访、违规强行办结工单、房屋暴力拆迁等问题，反映了基层工作人员在处理问题时存在过度管控和盲目决策的情况，增加了基层负担。,建议调取工单记录、回访截图、干部作风违规事实的证据材料，找相关工作人员谈话，了解具体处理过程和决策依据。,投诉内容涉及基层工作人员在处理问题时存在过度管控和盲目决策的情况，增加了基层负担。,qwen2.5vl:7b,full,HIGH,[],2026-08-10 07:51:36.554004
FZ26071621417,投诉鼓楼区卫健委政绩观偏差极其严重，在回复群众投诉件时候态度不耐烦，主动盖电话，服务意识淡泊。工作没有做到位的情况下，还推诿做不来，形式主义极其严重。挂电话太多让群众寒心。,投诉鼓楼区卫健委政绩观偏差极其严重，在回复群众诉求件（受理编号FZ26070822164）时，态度不耐烦，主动盖电话，服务意识淡泊。工作没有做到位的情况下，还推诿，公告贴一下就算了，才不管你群众看没看到，反正我贴了，照片拍了，台账做了，万事大吉，没有责任了，群众看没看到，有没有申请补贴都不关卫健委的事了，形式主义极其严重，挂掉电话的行为让群众寒心。整个社区三年以来出生人口不超过六十人，甚至更少，社区，卫生院，没一个能做到打电话？适龄孩童名单导出来和申请名单比对一下，几个电话，几分钟的事情，居然说没办法做到，食民禄，不担民忧，做台账，做报表，拍照片，花的时间都能打成百上千的电话，只是花时间做表面功夫，应付了事，没有落到实处，贴贴照片就算工作做到位了，毫无政绩可言。,2026-07-16 11:53:46,福州市,鼓楼区,"鼓楼区12345中心
鼓楼区12345中心",形式主义为基层减负,台账留痕迎检,为了应付上级检查/考核/指标而增加一线无谓负担,0.9,"['台账留痕', '迎检', '形式主义']",该投诉涉及基层卫健委在回复群众诉求件时，存在形式主义现象，如服务意识淡薄、工作不到位、做台账、拍照片等表面功夫，而忽视了实际工作。这表明为了应付上级检查/考核/指标而增加了基层一线的无谓负担。,建议调取卫健委的台账、照片等相关材料，以及与相关工作人员的谈话记录，以核实是否存在形式主义现象。,投诉内容涉及基层卫健委在回复群众诉求件时，存在形式主义现象，如服务意识淡薄、工作不到位、做台账、拍照片等表面功夫，而忽视了实际工作。,qwen2.5vl:7b,full,HIGH,[],2026-08-10 07:33:55.918365
QZ26071620648,投诉：永春县12345中心工作弄虚作假 M,诉求者来电反映原工单QZ26071320853，部门已答复，诉求者表示并未有撤件申请，永春县12345中心却回复已经撤件，故投诉永春县12345中心工作弄虚作假，欺骗市民，违反党的纲领，希望上级主管部门对此事严肃处理。故再次反映，望部门核实处理。,2026-07-16 11:23:44,泉州市,永春县,"泉州市12345中心
泉州市12345中心",形式主义为基层减负,台账留痕迎检,为了应付上级检查/考核/指标而增加一线无谓负担,0.9,"['投诉', '弄虚作假', '12345中心工作']",该投诉反映12345中心工作弄虚作假，存在台账留痕迎检的情况，即为了应付上级检查/考核/指标而增加一线无谓负担。投诉者表示工单未撤件，但12345中心却回复已经撤件，存在虚假整改的情况。,建议调取12345中心的工单记录，查看工单的真实处理情况，以及相关领导的谈话记录，以核实是否存在台账留痕迎检的情况。,投诉内容反映12345中心存在台账留痕迎检的情况，即为了应付上级检查/考核/指标而增加一线无谓负担。,qwen2.5vl:7b,full,HIGH,[],2026-08-10 07:35:54.695123
XM26071620815,15号的市领导接访日开同虚设,厦门市设立了每月15日的市领导信访接待日，但我们于15日提交诉求，每次都是转到有关部门，而有关部门也不处理，就是继续忽悠，每次要求见市领导而不得。等到下班就被信访局工作人员赶离。希望市领导接访日能真正名符其实，久而未决的问题如实解决，不要一直搞形式主义，让老百怨声载道。在此也顺便再次主请求（厦门）市领导能接见我们了解我们的问题，解决百姓心声。谢谢！,2026-07-16 10:45:15,厦门市,思明区,"厦门市12345中心
厦门市12345中心",形式主义为基层减负,评比创建证明借调,为了应付上级检查/考核/指标而增加一线无谓负担,0.9,"['机关事务工作', '形式主义']",该条目反映的是市领导接访日形同虚设，每次诉求都被转办，且信访局工作人员不处理，导致群众不满。这反映了为了应付上级检查/考核/指标而增加一线无谓负担的问题。,建议调取市领导接访日的记录、信访局工作人员的访谈记录、以及相关部门的处理记录，以核实是否存在形式主义现象。,该条目反映了为了应付上级检查/考核/指标而增加一线无谓负担的问题，符合形式主义为基层增加负担的判断逻辑。,qwen2.5vl:7b,full,HIGH,[],2026-08-10 07:37:04.787578
FJ26071520237,举报福州市鼓楼区政府刘用全负责人信访数据造假、督办空转、堵截网上信访、失职渎职,"事件地点：数据造假罪加一等！福建省福州市鼓楼区政府（鼓楼区政府请收敛）知法犯法长期对我投诉件删除修改？


实名投诉：鼓楼区委书记刘用全纵容造假堵截信访通道
鼓楼区信访配合造假堵截，督办空转。恳请中纪委严查刘用全失管纵容造假，彻查堵截黑幕并严肃问责。

国信平台异常波及鼓楼区，暴露属地监管失控。
4月24日18:00至25日8:00公告维护。25日22:07我点开平台，仍显示24日旧公告，通道锁死。
26日8点后投递，至17:03仍显24日公告，服务未开。
更奇葩的是，维护未到18:00平台提前发布维护公告，公然造假。

4月25日晚至26日17:03，公告不撤、通道锁死、提前造假，行为恶劣、固定异常。
到今天26日17:03打开依然是周五公告，天大笑话，腐败公开叫板吗？

非技术故障，实为后台手动操作、内鬼上阵，蓄意阻断群众信访权利。
鼓楼区作为属地，刘用全身为第一责任人，对此恶性造假、通道堵截视而不见，监管严重失责，基层信访沦为摆设，损害政府公信力。",2026-07-15 21:44:12,福州市,鼓楼区,"鼓楼区12345中心
鼓楼区12345中心",形式主义为基层减负,指尖形式主义,为了应付上级检查/考核/指标而增加一线无谓负担,0.9,"['指尖形式主义', '数据造假', '信访通道堵截']",该条目反映的是信访数据造假、信访通道堵截等问题，属于指尖形式主义的表现。投诉内容涉及鼓楼区政府在处理信访件时存在数据造假和信访通道被人为封锁的情况，反映了为了应付上级检查而增加基层负担的现象。,建议调取鼓楼区政府处理信访件的记录、数据管理系统的数据、以及信访人员的访谈记录，以核实是否存在数据造假和信访通道被人为封锁的情况。,投诉内容涉及信访数据造假和信访通道被人为封锁，反映了为了应付上级检查而增加基层负担的形式主义现象。,qwen2.5vl:7b,full,HIGH,[],2026-08-10 07:24:27.662931
ND26071520650,违规加班,"关于市县公司强制全员每日保险理财破零、无偿夜间约谈、违规强制加班的正式投诉信
 
尊敬的上级主管部门、纪检、劳动监察部门：
 
本人现就我市县公司近期严重违规、违反劳动法的管理行为，进行实名投诉。
 
近期，市县公司出台高压营销考核要求，强制全员每日保险、理财业务必须破零，并明确宣称“每日业务破零是全员最低工作底线”。
 
针对当日未完成破零任务的基层员工，县公司采取强制约谈追责措施：
要求未破零员工每晚 19:00至21:00、甚至延长至22:00，必须前往县公司集中约谈、复盘、训诫施压。
 
该行为存在多处严重违法、违规、不合理管理问题，具体如下：
 
一、强制全员每日破零，属于变相摊派营销任务，脱离基层实际
 
基层网点多为乡镇服务窗口，日常柜面业务、便民服务、社保医保、日常接待工作量极大，岗位职责本不以营销为主。县公司不分岗位、不分客流、不分客观条件，一刀切强制全员每日保险理财破零，完全无视基层客观现实，属于层层加码、违规摊派营销指标。
 
二、强制夜间无偿约谈，属于典型违法强制加班
 
根据《中华人民共和国劳动法》《劳动合同法》明确规定：
用人单位不得强迫、变相强迫劳动者加班；安排延长工作时间必须协商一致、必须依法支付加班费。
 
县公司以问责、施压、考核倒逼方式，强制全体未破零员工夜间超长驻点约谈，全程无任何加班费、无任何补休、无任何劳动报酬，属于典型的无偿强制加班，严重违反国家劳动法律法规。
 
每日夜间强制加班长达3–4小时，长期侵占员工法定休息时间，严重透支基层身心健康。
 
三、管理本末倒置，只谈业务底线，无视法律底线
 
县公司反复强调“破零是底线”，不断加码业务考核、追责约谈，却完全无视劳动法底线。
 
我认为：
守法经营、依法用工、保障员工合法劳动权益，才是企业管理真正的底线。
连国家劳动法都不遵守、连员工基本休息权、劳动报酬权都肆意剥夺的管理，没有资格谈所谓“业务底线”。
 
业务指标可以加压，但绝对不能凌驾于法律之上；工作可以要求进步，但绝不允许违法压榨基层。
 
四、长期高压违规管理，已造成基层大面积身心疲惫、怨气极大
 
近期全员长期被每日破零捆绑、被夜间无偿约谈恐吓，基层员工心理压力巨大、休息严重不足，工作心态极度失衡，不仅无法提升业绩，反而严重影响正常柜面服务质量，存在极大服务风险、舆情风险、合规风险。
 
正式诉求
 
1. 立即取消全员每日保险、理财强制破零的硬性考核摊派；

2. 立即停止每晚强制无偿夜间约谈、强制加班的违法管理行为；

3. 对前期所有无偿夜间加班时段依法核算、补发加班费；

4. 制止县公司层层加码、违规施压、违法用工的管理乱象；

5. 要求上级部门介入整顿基层考核乱象，杜绝变相压榨员工。",2026-07-15 20:08:53,宁德市,蕉城区,"宁德市12345中心
宁德市12345中心",形式主义为基层减负,层层加码/一刀切,为了应付上级检查/考核/指标而增加一线无谓负担,0.9,"['违规加班', '层层加码', '强制摊派任务']",该条目投诉了市县公司强制全员每日保险理财破零、无偿夜间约谈、违规强制加班等行为，属于层层加码、违规摊派营销指标，违反了劳动法，增加了基层员工的负担。,建议调取公司内部文件、会议纪要、员工访谈记录，查看是否存在强制摊派任务、加班管理规定等。,投诉内容涉及强制摊派任务、无偿加班等，属于层层加码、违规摊派指标，增加了基层员工的负担。,qwen2.5vl:7b,full,HIGH,[],2026-08-10 07:25:22.864467
ND26071520629,关于柘荣县卫健局精防办一刀切管控精神类疾病患者的投诉函,"领导：

　　　您好，本人投诉柘荣县卫健委下属精防办违规粗放管控精神类病患问题。
该精防办仅依靠就医大数据台账建档，工作人员无专业医学资质，无法区分精神分裂症、双相障碍、抑郁症、焦虑症等病症的病情、风险差异，将所有精神科就诊记录人员全部定性为高危精神病患者，实行一刀切管控。
　　　不管是轻症抑郁、焦虑、早已痊愈恢复正常生活的人员，还是重症病患，全部统一电话回访、不定期上门家访，时常联合村干部、民警入户，极易泄露个人病情隐私，遭受邻里非议。长期监视式打扰，给轻症、康复人员造成严重心理压力，诱发情绪恶化、病情反复，多名当事人申请按病种分级减少随访均被以大数据名单不可更改为由拒绝。
　　　依据《严重精神障碍管理治疗工作规范》，应当按病种、风险分级管理，轻症心理疾病非高危人群不应强制上门管控。现恳请贵单位督促柘荣县精防办整改：
 
1. 联合精神科医生重新甄别在册人员，区分重症与轻症、痊愈人员；

2. 对抑郁症、焦虑症等无肇事风险人员取消上门家访、减少电话随访；

3. 完善名单退出机制，痊愈人员移出重点管控台账；

4. 规范家访流程，保护患者隐私。
 
      盼予以核查。",2026-07-15 19:34:36,宁德市,柘荣县,柘荣县卫生健康局,形式主义为基层减负,层层加码/一刀切,为了应付上级检查/考核/指标而增加一线无谓负担,0.9,"['层层加码', '一刀切']",该条目反映的是精防办对精神类疾病患者实行一刀切管控的问题，工作人员无专业医学资质，将所有精神科就诊记录人员全部定性为高危精神病患者，实行统一电话回访、不定期上门家访等，给轻症、康复人员造成严重心理压力。这属于为了应付上级检查/考核/指标而增加一线无谓负担的问题。,建议调取精防办的工作台账、工作人员的资质证明、上级部门的考核文件等材料，以核实是否存在一刀切管控的情况。,投诉内容反映的是精防办对精神类疾病患者实行一刀切管控的问题，属于为了应付上级检查/考核/指标而增加一线无谓负担的问题。,qwen2.5vl:7b,full,HIGH,[],2026-08-10 07:26:00.844497
FJ26071520136,诉求编号:FJ26071420183的补充说明,补充诉求说明：本督办工单已下派泉港区12345，本人此前三次自主投诉工单均流转后龙镇，全程无上门、无沟通、未解决通水问题即违规办结。现郑重要求本次督办处置不得仅转交后龙镇村委会单独处理，需区级工作人员牵头上门现场勘查调解，明确上门时间与负责人，以实际通水施工完成作为办结条件。若本次依旧程序式敷衍办结，本人将同步向福建省信访、国家互联网督查平台再次提交全部工单证据追责。,2026-07-15 15:23:46,泉州市,泉港区,"泉港区12345中心
泉港区12345中心",形式主义为基层减负,评比创建/证明/借调,为了应付上级检查/考核/指标而增加一线无谓负担,0.9,"['评比创建', '证明', '借调']",该条目反映了基层干部在处理通水问题时，由于上级要求程序式敷衍办结，导致基层干部需要额外进行现场勘查和调解，增加了基层工作负担。这属于为了应付上级检查/考核/指标而增加一线无谓负担的情况。,建议调取相关督办工单的处理流程和记录，了解基层干部在处理过程中是否确实存在程序式敷衍办结的情况，以及是否有上级部门要求进行现场勘查和调解的指示。,投诉内容反映了基层干部在处理通水问题时，由于上级要求程序式敷衍办结，导致基层工作负担增加，属于为了应付上级检查/考核/指标而增加一线无谓负担的情况。,qwen2.5vl:7b,full,HIGH,[],2026-08-10 07:13:49.201891
FJ26071420299,投诉福州市12345及分管处级干部陈文抱团敷衍、漠视督办乱象,"投诉福州市12345及分管处级干部陈文抱团敷衍、漠视督办乱象

置顶警告！陈文也是敏感词，不然把你经办书写进去你看如何？


事件地点：福建省福州市12345市长热线平台
打卡福州市12345“虚假政绩风景区”！滤镜里是“为民服务”假象，实景是删诉求、瞒问题的猫腻现场！

本人向福建省12345实名投诉福州市12345热线，及分管领导、福州市城管委二级调研员（处级）陈文，上下勾结、抱团履职失责，漠视国、市级重点督办，严重侵害群众权益。本人核心医社保、拆迁诉求，获2019年国信重点跟踪督办、市长督办一年多，却被福州市12345敷衍漠视。

陈文身为处级分管领导，监管缺位、纵容包庇，放任热线机械登记、模板回复，接而不办、以“已办结”敷衍塞责；手下工作人员跟风应付，全流程无监管、无落实，上下一心推诿扯皮，把便民热线办成“堵心路”，让上级督办成空话。如此一家人抱团乱作为，既加重群众维权负担，更严重损毁政务公信！

恳请省级平台彻查严办，追责陈文及相关人员，督促整改落地，兑现群众合法权益，本人愿提供佐证并担责",2026-07-14 23:45:54,福州市,,"福州市12345中心
福州市12345中心",形式主义为基层减负,评比创建证明借调,为了应付上级检查/考核/指标而增加一线无谓负担,0.9,"['12345热线', '敷衍', '漠视督办']",该条目主要反映的是福州市12345热线及分管领导陈文在处理群众诉求时存在敷衍、漠视督办乱象的问题。投诉内容涉及为了应付上级检查/考核/指标而增加一线无谓负担的情况，具体表现为热线机械登记、模板回复、接而不办、以“已办结”敷衍塞责等。,建议调取福州市12345热线的记录、陈文的履职记录、相关领导的会议记录等材料，以核实是否存在敷衍、漠视督办的现象。,该条目主要反映的是为了应付上级检查/考核/指标而增加一线无谓负担的情况，具体表现为敷衍、漠视督办等现象。,qwen2.5vl:7b,full,HIGH,[],2026-08-10 07:07:22.176892
SM26071420212,三明市住建局违规加码行政审批阻碍建筑安全员证书调出业务办理，违规设置审批壁垒。,本人陈峰，身份证编号： 632126199905231639，安全员证书编号：闽建安A(2025)8101075 证书目前所在单位：福建烁新建设有限公司 。本人于2026年6月30日提交的证书跨省调出申请，至今未通过。三明市住建局未落实省住建厅的相关要求，采取层层加码的方式，阻拦证书调出办理事项。对本人的工作现已造成影响。恳请主管部门尽快协调处理。,2026-07-14 12:17:16,三明市,,三明市住房和城乡建设局,形式主义为基层减负,层层加码/一刀切,为了应付上级检查/考核/指标而增加一线无谓负担,0.9,"['行政审批', '层层加码', '工作负担']",该条目反映三明市住建局在行政审批过程中采取层层加码的方式，阻碍建筑安全员证书调出业务办理，增加了基层工作人员的工作负担，属于形式主义为基层增加负担。,建议调取三明市住建局的审批流程、相关文件、工作记录等材料，了解其在行政审批过程中是否存在层层加码的情况。,该条目反映了基层在行政审批过程中存在层层加码的情况，增加了基层工作人员的工作负担。,qwen2.5vl:7b,full,HIGH,[],2026-08-10 06:59:06.497253
PT26071420289,莆田市拱辰街道社区卫生服务中心拒绝接诊常见病、整改承诺长期落空、基层医疗服务缺位,"本人为拱辰街道辖区居民，现实名投诉莆田市拱辰街道社区卫生服务中心违规缩减诊疗服务、拒不履行基层医疗机构基本职责、前期整改承诺完全未落实，具体情况如下：
 
一、事发经过（2026年7月13日）
 
本人今日因喉咙疼痛（普通常见病），前往莆田市拱辰街道社区卫生服务中心就诊。
现场导诊台工作人员明确告知：本中心现在只接诊高血压、糖尿病慢性病患者，普通感冒、喉咙痛等常见病一律不看病、不接诊、不开药，直接拒绝我的正常就医需求。
 
二、历史投诉与整改承诺（重点：承诺整改但4个月无任何改善）
 
本人早在2026年3月，就已通过12345平台投诉过该中心药品不全、基本诊疗瘫痪、无法满足居民常见病就医问题。
当时相关部门答复：该中心将尽快整改、补齐药品、恢复正常基础诊疗服务。
 
时至今日（2026年7月），距离官方承诺整改已过去整整4个月，该中心不仅没有配齐药品、恢复全科基础诊疗，反而进一步缩减服务范围，直接公开拒收所有常见病患者，仅保留慢病随访业务。
 
三、该中心行为违规、不合理
 
根据莆田市分级诊疗条例及社区卫生服务中心职能，基层卫生院必须承担辖区居民感冒、咽痛、炎症等常见病、多发病的接诊与开药工作，构建15分钟便民就医圈。
 
拱辰卫生服务中心目前状态：
 
1. 变相停诊普通门诊，只做慢病，严重缩水公共医疗服务；
​
2. 群众小病无法就近就医，被迫跑大医院，浪费时间、增加就医负担；
​
3. 政府整改通知流于形式，整改4个月零进展，属于典型履职不到位、敷衍整改。
 
四、本人诉求
 
1. 彻查拱辰社区卫生服务中心擅自停收常见病患者、缩减基础医疗服务的违规行为；
​
2. 解释2026年3月下达整改通知后，4个月未配齐药品、未恢复正常门诊的具体原因及责任人；
​
3. 要求该中心立即恢复普通常见病接诊、补齐常备药品、全面恢复基层基础医疗服务；
​
4. 要求主管部门对该中心整改不力、服务缺位问题进行问责，并书面回复整改完成时限。",2026-07-14 10:20:53,莆田市,荔城区,荔城区卫生健康局,形式主义为基层减负,层层加码/一刀切,为了应付上级检查/考核/指标而增加一线无谓负担,0.9,"['基层医疗服务', '基层医疗机构职责', '整改承诺未落实']",该条目反映基层医疗机构因上级检查/考核/指标而缩减诊疗服务，导致基层医疗服务缺位，属于层层加码/一刀切，增加了基层一线的无谓负担。,建议调取该中心的整改通知、药品配备情况、诊疗服务范围等材料，以及相关部门的回复和整改进展记录。,投诉内容显示基层医疗机构因上级检查/考核/指标而缩减诊疗服务，增加了基层一线的无谓负担。,qwen2.5vl:7b,full,HIGH,[],2026-08-10 07:02:07.548394
FZ26071323587,闽清县教育局要求学生打卡诗经,暑假叫孩子打卡什么学习《诗经》，老人家在家里弄了几个小时打不来卡！还要家长专门从外地赶回来打卡！家里几个孩子还要分别打好几次。而且那些幼儿园小孩子就算打了卡又听不懂又看不懂这些诗经意义，这不是纯纯的形式主义吗？,2026-07-13 22:35:41,福州市,闽清县,闽清县教育局,形式主义为基层减负,指尖形式主义,为了应付上级检查/考核/指标而增加一线无谓负担,0.9,"['打卡', '形式主义', '学生负担']",该条目描述了学生家长为了完成打卡任务而花费大量时间和精力，且打卡内容与学生年龄和理解能力不符，属于典型的指尖形式主义，增加了基层教育工作者的负担。,建议调取教育局关于学生打卡的文件、家长和学生的访谈记录、以及学生家长的反馈记录，以核实是否存在为了应付上级检查而增加学生和家长负担的情况。,核心判断依据：为了应付上级检查/考核/指标而增加一线无谓负担,qwen2.5vl:7b,full,HIGH,[],2026-08-10 06:41:26.521633
PT26071321315,莆田秀屿力高仟喜荟,问题并未解决，每次这谈那谈，都停留在口头，并未付出实际行动，而且政府办事，都是一拖再拖，都是等到后面拖得不行了，才事缓则圆。人民站在第三视角，看出政府各部门解决问题都没有时效性，都是口头说按流程一步步走，但实际并没有半点动静，都是纸上谈兵。人民想看到的是你付诸行动，而不是停留在这些形式主义，各种回复、答复，然后所有人坐在办公室喝茶，一点动静都没有。收起,2026-07-13 21:56:13,莆田市,秀屿区,"秀屿区12345中心
秀屿区12345中心",形式主义为基层减负,过度管控/盲目决策,为了应付上级检查/考核/指标而增加一线无谓负担,0.9,"['过度管控', '盲目决策']",该条目反映了政府各部门解决问题拖延，口头承诺但未付诸实际行动，存在形式主义为基层增加负担的情况。关键现象是政府各部门解决问题拖延，口头承诺但未付诸实际行动，导致基层干部和群众不满。,建议调取政府各部门解决问题的记录、会议纪要、相关文件等材料，找基层干部和群众谈话，了解具体问题和处理过程。,该条目反映了政府各部门解决问题拖延，口头承诺但未付诸实际行动，存在形式主义为基层增加负担的情况。,qwen2.5vl:7b,full,HIGH,[],2026-08-10 06:47:06.175109
FJ26071320216,荔城区12345中心违法拦截投诉，48小时内必须省级直接受理并启动问责！,"本人就荔城区12345中心违法拦截系统性投诉一事，向贵平台提出终极督办请求！2026年6月23日，本人提交诉求编号FJ2662320216的投诉，明确指出荔城区公安分局镇海派出所经办人微信超过1个月不回复合理建议（杨警员曾在电话里沟通时承诺说可以把建议和诉求发微信告诉他）、程序违法、证据造假等严重问题，并在投诉标题和正文多次强调""严禁再转回莆田市、荔城区""，明确声明""本投诉件如再被转回荔城区12345中心处理，本人将视为平台故意包庇地方违法""。然而，贵平台明知投诉内容和明确警告，依然将投诉转回荔城区12345中心，该中心于6月25日仅用2天时间即以""详见旧件""机械拦截，完全未对投诉中列明的杨警员微信超过1个月不回复、程序违法、证据造假等新问题作任何核实调查。
贵平台的这一操作是在纵容！《福建省12345政务服务便民热线管理办法》第15条明确规定：""对涉及重大、紧急事项的投诉，上级平台应直接督办或指定其他地区承办""。本人投诉中详细列明的派出所经办人微信超过1个月不履职、证据造假、12345系统沦陷等问题，已构成紧急事项，贵平台却又将其转回问题发生地，这种""将鸡蛋交给狐狸保管""的操作，实质是为地方保护主义提供合法外衣，是对公民维权权利的剥夺！从投诉到拦截仅用2天，充分证明该流程已形成固定套路：省级平台转回→区级12345中心拦截→出具模板回复→公民再次投诉→循环往复。这种死循环已使12345平台从""便民热线""异化为""地方保护工具""，法治尊严荡然无存！
本人要求：贵平台必须在48小时内直接受理本案，由省级平台提级督办，不能再转回莆田市、荔城区！立即启动三项紧急措施：第一，对荔城区12345中心""未经核实即结案""的形式主义行为启动问责，7日内书面告知处理结果；第二，责令荔城区公安分局7日内传唤骑手陈志松到派出所接受问询制作笔录，15日内出具载明""经核查，2025年12月1日确实发生外卖骑手陈志松对当事人进行辱骂并扰乱办公秩序行为""的正式法律文书；第三，指定非莆田市、荔城区人员与本人直接联系，每周反馈督办进展。如贵平台再次将投诉转回或48小时内未启动提级督办，本人将视为贵平台与地方保护主义合谋，即向国家信访局、中央纪委国家监委、公安部12389平台实名举报，并通过媒体全面曝光！法治尊严不容践踏，公民维权之路不容堵死，恳请贵平台主持公道，立即纠正错误做法！",2026-07-13 21:06:22,莆田市,荔城区,"荔城区12345中心
荔城区12345中心",形式主义为基层减负,指尖形式主义,为了应付上级检查/考核/指标而增加一线无谓负担,0.9,"['12345平台', '系统性投诉', '程序违法', '证据造假']",该条目反映了12345平台在处理投诉时存在形式主义行为，如系统性拦截投诉、程序违法、证据造假等，这些行为是为了应付上级检查/考核/指标而增加了基层工作人员的负担。,建议调取12345平台的投诉处理记录、微信聊天记录、相关会议文件等，以核实是否存在形式主义行为。,该条目反映了12345平台在处理投诉时存在形式主义行为，增加了基层工作人员的负担。,qwen2.5vl:7b,full,HIGH,[],2026-08-10 06:47:42.883836
ND26071320651,自从闽东医院程序性以“依法依规”的名义予以回复以后，不管老百姓发起什么诉求都是用这三个编号：FZ26050922006、FZ26051121824、FZ26051123290来搪塞、推诿、应付性、敷衍,郭强先生来电反映，他的诉求件ND26070820479，部门答复“您反映的事项宁德市闽东医院已依法依规予以答复，详见诉求件（诉求编号:FZ26050922006、FZ26051121824、FZ26051123290），您可通过查看短信中的办理情况链接进行查阅”，他表示自从闽东医院程序性以“依法依规”的名义予以回复以后，他的所有诉求件答复都是用以上这三个编号（例如：FZ26063020963、FZ26063020047、FZ26062923840、ND26062920706、ND26062920698、ND26062920625、ND26062920616、ND26062820275、FZ26062820849）来搪塞、推诿、应付性、敷衍性回复老百姓的诉求。不管老百姓提什么诉求，都是用上面三个编号，老百姓今天一天已经30次打这个热线，反馈同样的问题，闽东医院都以同样的回复拒绝、搪塞老百姓诉求。请宁德12345中心的领导、宁德市人民政府领导帮忙督办、关注以上诉求的相关处理结果，给老百姓公平公正的处理。（根据《国务院办公厅关于进一步优化地方政务服务便民热线的指导意见》（国办发〔2020〕53号）原文规定不受理已进入信访渠道的事项，这里的关键限定词是正在进入、正在办理过程中的信访事项，文件没有写信访已经办结出具答复意见书后群众不能再来12345提交监督督办诉求。（国办函〔2025〕66号）（2025年新规）明确禁止简单分流一刀切推诿群众诉求，要求区分诉求是否新增监督、问责、督办新内容，不能仅因历史有信访单号直接打发群众。现就上述情况进行投诉，要求福安市12345给出合理的解释，烦请相关部门核实处理。,2026-07-13 18:19:47,宁德市,福安市,"宁德市12345中心
宁德市12345中心",形式主义为基层减负,层层加码/一刀切,为了应付上级检查/考核/指标而增加一线无谓负担,0.9,"['层层加码', '一刀切']",该条目反映的是闽东医院在处理老百姓诉求时，使用固定的编号来搪塞、推诿、应付性回复，这可能是因为为了应付上级检查或考核而增加了基层的负担。投诉者提到的三个编号（FZ26050922006、FZ26051121824、FZ26051123290）可能代表了上级部门的考核或检查要求，导致基层在处理诉求时采取了简单应付的方式。,建议调取闽东医院的内部考核或检查文件，以及相关领导的会议记录，以核实是否存在为了应付上级检查而增加基层负担的情况。,该条目反映的是闽东医院在处理老百姓诉求时，使用固定的编号来搪塞、推诿、应付性回复，这可能是因为为了应付上级检查或考核而增加了基层的负担。,qwen2.5vl:7b,full,HIGH,[],2026-08-10 06:51:01.779726
PT26071320774,莆田市拱辰街道社区卫生服务中心拒绝接诊常见病、整改承诺长期落空、基层医疗服务缺位,"本人为拱辰街道辖区居民，现实名投诉莆田市拱辰街道社区卫生服务中心违规缩减诊疗服务、拒不履行基层医疗机构基本职责、前期整改承诺完全未落实，具体情况如下：
 
一、事发经过（2026年7月13日）
 
本人今日因喉咙疼痛（普通常见病），前往莆田市拱辰街道社区卫生服务中心就诊。
现场导诊台工作人员明确告知：本中心现在只接诊高血压、糖尿病慢性病患者，普通感冒、喉咙痛等常见病一律不看病、不接诊、不开药，直接拒绝我的正常就医需求。
 
二、历史投诉与整改承诺（重点：承诺整改但4个月无任何改善）
 
本人早在2026年3月，就已通过12345平台投诉过该中心药品不全、基本诊疗瘫痪、无法满足居民常见病就医问题。
当时相关部门答复：该中心将尽快整改、补齐药品、恢复正常基础诊疗服务。
 
时至今日（2026年7月），距离官方承诺整改已过去整整4个月，该中心不仅没有配齐药品、恢复全科基础诊疗，反而进一步缩减服务范围，直接公开拒收所有常见病患者，仅保留慢病随访业务。
 
三、该中心行为违规、不合理
 
根据莆田市分级诊疗条例及社区卫生服务中心职能，基层卫生院必须承担辖区居民感冒、咽痛、炎症等常见病、多发病的接诊与开药工作，构建15分钟便民就医圈。
 
拱辰卫生服务中心目前状态：
 
1. 变相停诊普通门诊，只做慢病，严重缩水公共医疗服务；
​
2. 群众小病无法就近就医，被迫跑大医院，浪费时间、增加就医负担；
​
3. 政府整改通知流于形式，整改4个月零进展，属于典型履职不到位、敷衍整改。
 
四、本人诉求
 
1. 彻查拱辰社区卫生服务中心擅自停收常见病患者、缩减基础医疗服务的违规行为；
​
2. 解释2026年3月下达整改通知后，4个月未配齐药品、未恢复正常门诊的具体原因及责任人；
​
3. 要求该中心立即恢复普通常见病接诊、补齐常备药品、全面恢复基层基础医疗服务；
​
4. 要求主管部门对该中心整改不力、服务缺位问题进行问责，并书面回复整改完成时限。",2026-07-13 15:32:22,莆田市,荔城区,"莆田市12345中心
莆田市12345中心",形式主义为基层减负,台账留痕迎检,为了应付上级检查/考核/指标而增加一线无谓负担,0.9,"['基层医疗服务', '基层减负', '台账留痕']",该条目反映基层医疗服务中心违规缩减诊疗服务、拒不履行基层医疗机构基本职责，存在为了应付上级检查/考核/指标而增加一线无谓负担的情况。投诉内容涉及基层医疗服务中心未能履行职责，导致群众就医需求无法得到满足。,建议调取该中心的诊疗服务记录、药品库存记录、整改通知及落实情况等，以了解具体违规行为和整改情况。,投诉内容涉及基层医疗服务中心未能履行职责，存在为了应付上级检查/考核/指标而增加一线无谓负担的情况。,qwen2.5vl:7b,full,HIGH,[],2026-08-10 06:44:50.140545
FZ26071321448,"一、12345投诉文稿（直接复制粘贴）
 
 
平潭海坛街道违规推进融信大卫城物管委组建：推选全程业主不知情、公示严重滞后，主任及物业关联人员无任职资格，侵害全体业主合法权益","投诉人：平潭融信大卫城小区业主
诉求属地：平潭综合实验区海坛片区海坛街道办事处
投诉事项：针对海坛街道2026年7月8日盖章出具的《平潭融信大卫城小区物业管理委员会组建情况公示》，反映多项程序、资格违规问题，申请区级住建部门、片区督查组直接督办，禁止工单仅下发海坛街道自查，要求出具书面核查答复。
1、物管委推选全程未告知全体业主，绝大部分业主完全不知情。文件标注委员经业主推荐推选产生，但街道未通过小区公告栏、全体业主群、上门通知等渠道公示推选事宜，仅极少数业主知晓推选工作，广大业主没有参与提名、监督的渠道，推选流程违反《物业管理条例》业主自治公开透明的法定要求，推选结果合法性存在重大瑕疵。
2、公示发布严重滞后，变相剥夺业主法定异议权。该公示成文日期为2026年7月8日，公示期规定为2026年7月9日至7月15日，但公示文件直至2026年7月13日才发送至小区楼栋业主群，公示剩余期限仅3天，业主没有充足时间收集证据、撰写书面异议，街道延迟公示的行政不作为行为，直接压缩、侵害法律法规赋予业主的异议权利。
3、物管委主任林桂香为社区公职人员，委员薛春枝任职融信项目运营，二人与小区融信物业存在利益关联，不具备物管委任职资格。
①主任林桂香本职为海坛社区工作人员，属于基层公职人员，兼任小区物管委主任，双重身份存在中立性冲突，无法公正监督物业、维护全体业主权益；
②委员薛春枝职业为融信项目运营，本小区物业服务企业为融信旗下主体，该人员与物业存在直接利益绑定，根据物业管理相关规定，与物业公司有利害关系人员应当回避，不得担任物管委成员，街道未开展资格筛查、未公示利益冲突说明，存在严重监督漏洞。
 
本人诉求：
1、立即暂停本次物业管理委员会全部任职流程，暂缓确认所有委员任职资格；
2、由平潭综合实验区城乡建设与交通运输局牵头，重新组织面向全体业主、流程合法公开的物管委推选工作；
3、针对海坛街道延迟公示、未全面告知业主、未核查委员任职资格等违规行为，出具书面整改答复；
4、禁止本投诉工单仅流转至海坛街道办事处自查，要求区级主管部门直接督办并回复处理结果。
附件证据：1、海坛街道盖章公示文件照片；2、2026年7月13日业主群才收到公示的聊天截图
 
 
 
 
举报平潭海坛街道履职不作为，违规组建小区物管委，公职人员兼任主任存在利益冲突，放任物业关联人员进入自治组织
 
正文
 
举报人：平潭融信大卫城小区业主
被举报单位：平潭县人民政府海坛街道办事处
涉事公职人员：林桂香（海坛社区工作人员、本次物管委主任）
举报事实：
1、海坛街道在融信大卫城物管委推选、公示工作中履职不作为，存在形式主义问题。街道2026年7月8日出具物管委公示文件，公示起始时间为7月9日，但直至7月13日才向小区业主公示文件，刻意延后公示时间，大幅压缩业主法定异议期限；同时整个推选阶段未面向全体业主发布通知，绝大多数业主对推选事宜毫不知情，街道未依法保障群众知情权、监督权，工作流于形式，损害基层政府公信力。
2、社区公职人员林桂香违规兼任小区物管委主任，存在身份利益冲突。林桂香本职为海坛社区公职工作人员，同时被街道任命为本小区物管委主任，双重身份叠加，后续处理物业纠纷、核算小区公共收益、监督物业服务时无法保持中立客观，极易偏袒管理方、忽视业主诉求，街道未评估、规避该身份冲突风险，人员资格审查存在重大疏漏。
3、街道履职审查失职，放任与物业存在利益关联人员担任物管委委员。本次公示委员薛春枝为融信项目运营人员，本小区物业为融信旗下企业，二者存在直接利益绑定，按照物业自治相关管理规定，此类人员应当回避，不得进入物管委；但街道未排查该利害关系，直接将其纳入公示名单，审查工作严重失职，将导致物管委无法公正监督物业公司，损害全体业主共有财产权益。
 
举报诉求：
1、纪检监察部门介入核查海坛街道本次物管委组建全流程工作，对工作人员履职不作为、资格审查疏漏、延迟公示等问题开展调查追责；
2、核查公职人员林桂香兼任物管委主任是否合规，出具正式核查意见，妥善处置身份利益冲突问题；
3、督促街道立即暂停本次物管委任职流程，重新依法依规组织推选，完整保障全体业主参与权、异议权；
4、向举报人书面反馈本次线索核查、整改处置全部完整结果。
佐证材料：1、海坛街道盖章的物管委公示文件；2、7月13日业主群公示文件的聊天记录截图",2026-07-13 12:29:39,福州市,,海坛片区管理局,形式主义为基层减负,层层加码/一刀切,为了应付上级检查/考核/指标而增加一线无谓负担,0.9,"['业委会建设管理', '基层公职人员兼任']",该条目反映了平潭海坛街道在组建物业管理委员会过程中存在形式主义问题，如公示时间滞后、推选流程不透明、利益冲突未回避等，这些都属于为了应付上级检查而增加基层负担的表现。,建议调取海坛街道盖章的物管委公示文件、业主群公示文件的聊天记录截图，以及街道的内部会议记录和相关文件，以核实是否存在形式主义问题。,该条目反映了平潭海坛街道在组建物业管理委员会过程中存在形式主义问题，如公示时间滞后、推选流程不透明、利益冲突未回避等，这些都属于为了应付上级检查而增加基层负担的表现。,qwen2.5vl:7b,full,HIGH,[],2026-08-10 06:31:26.791529
FJ26071320011,欺骗中央第一生态环境保护督察组、中央第四巡视组、违反了政府文件规定精神、违背诺言,摆样子、表面秀场、华丽的文字材料、精致的工作台账，造势的镜头画面，脱离民生实际、背离群众期盼，拿来主义式履职，事事留痕，实则架空了政策初衷、堵塞了民意通道、稀释了治理效能，群众的殷殷期盼终将落地无声，是典型的形式主义、懒政怠政。,2026-07-13 08:25:02,莆田市,秀屿区,"秀屿区12345中心
秀屿区12345中心",形式主义为基层减负,指尖形式主义,为了应付上级检查/考核/指标而增加一线无谓负担,0.9,"['指尖形式主义', '台账留痕', '虚假整改']",该条目反映的是形式主义、懒政怠政的问题，涉及摆样子、表面秀场、华丽的文字材料、精致的工作台账等现象，这些都属于为了应付上级检查/考核/指标而增加一线无谓负担的形式主义表现。,建议调取相关工作台账、会议记录、上级检查/考核/指标文件等材料，找相关责任人谈话，了解具体操作过程和原因。,投诉内容涉及形式主义、懒政怠政，且提到摆样子、表面秀场、华丽的文字材料、精致的工作台账等现象，这些都属于为了应付上级检查/考核/指标而增加一线无谓负担的形式主义表现。,qwen2.5vl:7b,full,HIGH,[],2026-08-10 06:39:23.250493
FZ26071221788,恳请上级专项督查！海沧区信访局拒不督办，放任教育局信访答复，答非所问包庇违规问题,"本人实名反映海沧区教育局违规复聘招聘时隐瞒病史的范心琪，全套佐证材料、完整提交。
海沧区信访局收到诉求后拒不履行督察督办职责，持续性包庇，未对海沧区教育局已出具的信访答复开展审核把关。教育局多份书面答复刻意避重就轻、答非所问，全程回避诉求人所提出违规聘用的核心事实。
该局明知责任单位敷衍答复、刻意掩盖问题，仍持续纵容包庇，不开展独立核查，长期拖延处置，存在严重不作为、官僚主义问题。
恳请上级专项督查，调取全部工单与证据重新全面核查，责令相关单位如实回应全部诉求，对拒不履职、包庇问题的工作人员依规追责。",2026-07-12 20:52:55,福州市,,"福州市12345中心
福州市12345中心",形式主义为基层减负,评比创建/证明/借调,为了应付上级检查/考核/指标而增加一线无谓负担,0.9,"['评比创建', '证明', '借调']",该条目反映的是信访局不履行督察督办职责，包庇违规问题，属于为了应付上级检查/考核/指标而增加一线无谓负担。关键现象是信访局不作为、包庇问题，因果链条是上级督查压力导致基层不作为。,建议调取全部工单与证据，找信访局工作人员谈话，查看相关系统记录。,该条目内容涉及信访局不履行督察督办职责，包庇违规问题，属于为了应付上级检查/考核/指标而增加一线无谓负担。,qwen2.5vl:7b,full,HIGH,[],2026-08-10 06:26:10.286567
FJ26071220130,福建省12345平台不到三月三换号，就是用“处理完毕”遮丑,"福建省12345平台不到三月三换号，就是用“处理完毕”遮丑

2026年3月14日22:33，再次收到1068423541212345。
不到三个月频繁换号，我问题没解决，你们就不断换号挡枪。
你们向来只用“处理完毕”三个字遮丑，却偷偷干着删地点、改内容、合并推诿的勾当。
向上一级机关说“已受理、已抄告、已合并”，实质是逃避责任、制造假流水。
就是不敢直面我没解决的事，更不敢删了内容再承认。
反而在后台不停换号、做假数据、隔离我。这种只盖章、不办事的做法，本身就是失职。别再装死，出来正面给个说法",2026-07-12 20:43:06,,,"福建省12345中心
福建省12345中心",形式主义为基层减负,台账/留痕/数据造假,为了应付上级检查/考核/指标而增加一线无谓负担,0.9,['弄虚作假'],该条目反映的是福建省12345平台频繁换号和使用“处理完毕”遮丑的现象，表明平台可能在进行虚假处理，以逃避责任，这属于形式主义为基层增加负担。,建议调取平台的后台数据，查看是否有频繁换号和修改内容的行为，以及是否有其他形式的弄虚作假。,该条目反映的是平台在处理问题时存在弄虚作假的行为，属于形式主义为基层增加负担。,qwen2.5vl:7b,full,HIGH,[],2026-08-10 06:26:24.660441
ZZ26071220511,投诉：学校在没有任何文件的情况下说整合资源要求初三学子搬离怀恩中学到南城中学,"这次学校所谓“整合资源、腾教室给新生”的搬迁方案，背后是房企和学校的共建合作，为了楼盘配套宣传、接纳新生，牺牲我们冲刺中考的初三孩子。
整件事从头到尾没有提前通知，我们买学区房本就是为了三年在校就读，现在要把孩子送去高铁旁的南城校区，日夜噪音干扰学习，还要强制住宿，家长自费装的空调也全部白费。我们不反对资源整合，但不能拿毕业班学生的前途让步，我们的诉求很简单：暂缓初三搬迁，让孩子在原校区安心备考，同时公开本次校区调整、房企合作全部资料，给所有家长一个合理答复。

多名家长核实确认：校内怀恩重点快班全部留在本校校区不用搬迁，只有普通班级全体强制迁往南城中学。同样是初三应届考生，面临一样的中考，却划分三六九等区别安置，教学环境、学习条件出现巨大差距，严重违背教育公平原则，伤害普通班级学生与家长。
1. 我们买了这边学区房入学，入学时没有告知中途要换校区；

2. 搬迁这么大的事没有提前通知、没有和家长提前协商；

3. 孩子是初三备考关键期，新校区噪音大、还要强制住宿，严重影响学习；

4. 家长刚自费装好教室空调，还没使用就要搬走；

5. 同时我们也担心新校区师资不稳定，耽误孩子升学。

6.初三是决定中考的一年，拿几百个孩子的前途仓促折腾，试问谁能接受？
全班家长都无法接受这个方案，恳请学校重新规划，不要折腾毕业班。
最后恳请最快给出一个答复",2026-07-12 16:35:52,漳州市,诏安县,诏安县教育局,形式主义为基层减负,层层加码/一刀切,为了应付上级检查/考核/指标而增加一线无谓负担,0.9,"['层层加码', '一刀切']",该条目反映了学校在没有提前通知和协商的情况下，强制搬迁初三学生到新校区，导致学生面临巨大的学习环境变化和学习条件差距，违背了教育公平原则。这可能是因为上级部门为了楼盘配套宣传而要求学校进行资源整合，导致基层学校在执行过程中增加了不必要的负担。,建议调取学校与上级部门的沟通记录、搬迁方案的审批文件、家长与学校之间的沟通记录等材料，以核实是否存在为了应付上级检查/考核/指标而增加一线无谓负担的情况。,该条目反映了学校在没有提前通知和协商的情况下，强制搬迁初三学生到新校区，导致学生面临巨大的学习环境变化和学习条件差距，违背了教育公平原则。这可能是因为上级部门为了楼盘配套宣传而要求学校进行资源整合，导致基层学校在执行过程中增加了不必要的负担。,qwen2.5vl:7b,full,HIGH,[],2026-08-10 06:29:46.102495
FJ26071120153,举报福州市鼓楼区政府刘用全负责人信访数据造假、督办空转、堵截网上信访、失职渎职,"事件地点：数据造假罪加一等！福建省福州市鼓楼区政府（鼓楼区政府请收敛）知法犯法长期对我投诉件删除修改？


实名投诉：鼓楼区委书记刘用全纵容造假堵截信访通道
鼓楼区信访配合造假堵截，督办空转。恳请中纪委严查刘用全失管纵容造假，彻查堵截黑幕并严肃问责。

国信平台异常波及鼓楼区，暴露属地监管失控。
4月24日18:00至25日8:00公告维护。25日22:07我点开平台，仍显示24日旧公告，通道锁死。
26日8点后投递，至17:03仍显24日公告，服务未开。
更奇葩的是，维护未到18:00平台提前发布维护公告，公然造假。

4月25日晚至26日17:03，公告不撤、通道锁死、提前造假，行为恶劣、固定异常。
到今天26日17:03打开依然是周五公告，天大笑话，腐败公开叫板吗？

非技术故障，实为后台手动操作、内鬼上阵，蓄意阻断群众信访权利。
鼓楼区作为属地，刘用全身为第一责任人，对此恶性造假、通道堵截视而不见，监管严重失责，基层信访沦为摆设，损害政府公信力。",2026-07-11 22:18:34,福州市,鼓楼区,"鼓楼区12345中心
鼓楼区12345中心",形式主义为基层减负,指尖形式主义,为了应付上级检查/考核/指标而增加一线无谓负担,0.9,"['指尖形式主义', '数据造假', '信访通道堵截']",该条目反映鼓楼区政府在信访数据造假、督办空转、信访通道堵截等问题，这些行为可能为了应付上级检查而增加了基层的无谓负担。,建议调取鼓楼区政府的信访数据记录、相关会议记录、上级检查考核记录等，以核实是否存在为了应付上级检查而增加基层负担的情况。,条目内容涉及信访数据造假、信访通道堵截等问题，这些行为可能为了应付上级检查而增加了基层的无谓负担。,qwen2.5vl:7b,full,HIGH,[],2026-08-10 06:10:17.207830
FZ26071121521,家庭医生 健康体检数据造假,"虚构数据，记录信息不符，（2013.06.28-2025.07.19）6次记录都非真实数据体
是基层为了应付工作随便填的吗
此网页由ryt.fzwjbm.com提供

居民档案号：35012110800401057",2026-07-11 15:27:53,福州市,闽侯县,闽侯县卫生健康局,形式主义为基层减负,台账留痕/数据造假,为了应付工作随便填数据,0.9,"['其他医疗服务', '数据造假']",该条目反映基层为了应付工作而虚构数据，存在台账留痕和数据造假的问题，属于形式主义为基层增加负担。,建议调取居民健康档案记录，查看是否存在虚构数据的情况，以及相关工作人员的工作记录和考核情况。,投诉内容明确指出基层为了应付工作而虚构数据，属于台账留痕和数据造假，符合形式主义为基层增加负担的定义。,qwen2.5vl:7b,full,HIGH,[],2026-08-10 06:08:06.328380
ZZ26071120343,投诉：街道办事处渎职不履行职责，把街道一条街卖了250多万，没有管理,芝山街道办事处把甘棠路盐管路段一条街承包给第三方，金额250几万，但是没有人管理，导致很混乱，本人会每天过来关注拍照，请纪检部门或者上级部门督查监管，没有任何工作人员在这里负责劝导，可能之前在这里卖十盆水仙花就要被抓被扣，那么请问这是什么现象？而且没有拍照，没有录像取证就是这样子，随意执法，没有工作证，投诉到芝山街道办事处，他们推诿不负责任，推尾扯皮，没有定点留痕，对于信访工作没有严格履行，对投诉人没有进行劝导，官僚作风非常严重，开口闭口就是领导不在，开口闭口就是领导很忙。,2026-07-11 12:10:56,漳州市,芗城区,"芗城区12345中心
芗城区12345中心",形式主义为基层减负,指尖形式主义,为了应付上级检查/考核/指标而增加一线无谓负担,0.9,"['街道办事处渎职', '官僚作风', '随意执法']",该投诉反映街道办事处存在随意执法、没有工作证、没有定点留痕等问题，可能为了应付上级检查而增加了基层工作人员的负担。,建议调取街道办事处的内部管理文件、工作记录、视频监控等材料，以核实是否存在为了应付上级检查而增加基层负担的情况。,投诉内容涉及街道办事处的随意执法和官僚作风问题，可能为了应付上级检查而增加了基层工作人员的负担。,qwen2.5vl:7b,full,HIGH,[],2026-08-10 06:12:37.979032
FZ26071120927,福州市事业单位台风天全员上班是否符合国家法律法规，有什么文件依据？非应急单位上班的意义何在？冒着生命危险去搞形式主义？工作人员不用谈安全？居家不是更安全？不放假就算了，还强迫上班，尤其还不补休，合理吗,福州市事业单位台风天全员上班是否符合国家法律法规，有什么文件依据？非应急单位上班的意义何在？冒着生命危险去搞形式主义？工作人员不用谈安全？居家不是更安全？不放假就算了，还强迫上班，尤其还不补休，合理吗？有些窗口单位的管委会，为方便自己，各种不管，排班都搞不清楚，还什么服务中心管委会？搞笑，建议彻查这些管委会一些无能的人,2026-07-11 11:39:26,福州市,仓山区,"福州市12345中心
福州市12345中心",形式主义为基层减负,过度管控/盲目决策,为了应付上级检查/考核/指标而增加一线无谓负担,0.9,"['过度管控', '盲目决策']",投诉内容涉及事业单位在台风期间要求全员上班，且不补休，这可能与上级检查、考核、指标有关，增加了基层工作人员的负担。关键现象是单位为了应对上级检查而要求员工在非应急情况下加班，导致员工面临生命危险。,建议调取单位的加班安排文件、上级检查考核文件、员工加班记录等材料，以核实是否存在为了应付上级检查而增加一线无谓负担的情况。,投诉内容涉及单位在非应急情况下要求全员加班，且不补休，这可能与上级检查、考核、指标有关，增加了基层工作人员的负担。,qwen2.5vl:7b,full,HIGH,[],2026-08-10 06:16:21.174575
FJ26071020227,举报福州市鼓楼区政府刘用全负责人信访数据造假、督办空转、堵截网上信访、失职渎职,"事件地点：数据造假罪加一等！福建省福州市鼓楼区政府（鼓楼区政府请收敛）知法犯法长期对我投诉件删除修改？


实名投诉：鼓楼区委书记刘用全纵容造假堵截信访通道
鼓楼区信访配合造假堵截，督办空转。恳请中纪委严查刘用全失管纵容造假，彻查堵截黑幕并严肃问责。

国信平台异常波及鼓楼区，暴露属地监管失控。
4月24日18:00至25日8:00公告维护。25日22:07我点开平台，仍显示24日旧公告，通道锁死。
26日8点后投递，至17:03仍显24日公告，服务未开。
更奇葩的是，维护未到18:00平台提前发布维护公告，公然造假。

4月25日晚至26日17:03，公告不撤、通道锁死、提前造假，行为恶劣、固定异常。
到今天26日17:03打开依然是周五公告，天大笑话，腐败公开叫板吗？

非技术故障，实为后台手动操作、内鬼上阵，蓄意阻断群众信访权利。
鼓楼区作为属地，刘用全身为第一责任人，对此恶性造假、通道堵截视而不见，监管严重失责，基层信访沦为摆设，损害政府公信力。",2026-07-10 21:18:16,福州市,鼓楼区,"鼓楼区12345中心
鼓楼区12345中心",形式主义为基层减负,指尖形式主义,为了应付上级检查/考核/指标而增加一线无谓负担,0.9,"['指尖形式主义', '数据造假', '信访通道堵塞']",该条目涉及信访数据造假和信访通道堵塞的问题，反映了基层工作人员为了应付上级检查而增加了无谓的负担。举报内容提到鼓楼区政府在处理信访件时存在数据造假和信访通道堵塞的问题，这表明基层工作人员可能被要求进行留痕式填报和电子台账，以满足上级检查的要求。,建议调取鼓楼区政府的信访数据管理系统记录，查看是否存在数据造假的情况；同时，建议与基层信访工作人员进行谈话，了解他们是否被要求进行留痕式填报和电子台账。,举报内容主要涉及信访数据造假和信访通道堵塞的问题，反映了基层工作人员为了应付上级检查而增加了无谓的负担。,qwen2.5vl:7b,full,HIGH,[],2026-08-10 06:04:07.059030
PT26071020911,关于登记门诊日期的问题,秀屿区东峤镇市民反映：其是基层医生，今天接到莆田市疾控中心通知，说每个病人看诊都要登记门诊日期，这个门诊日期电脑里面都很清楚，给基层医生增加了不必要的工作和负担，希望相关部门介入为什么要这样子做。,2026-07-10 16:10:44,莆田市,秀屿区,莆田市疾控中心,形式主义为基层减负,指尖形式主义,为了应付上级检查/考核/指标而增加一线无谓负担,0.9,"['基层医生', '门诊日期登记', '增加工作负担']",该条目反映基层医生在看诊时需要登记门诊日期，这增加了医生的工作负担，属于为了应付上级检查而增加一线无谓负担的形式主义。,建议调取相关文件、医生的工作记录以及上级部门的通知，以核实是否为形式主义增加负担。,该条目反映基层医生在看诊时需要登记门诊日期，增加了医生的工作负担，属于为了应付上级检查而增加一线无谓负担的形式主义。,qwen2.5vl:7b,full,HIGH,[],2026-08-10 05:45:38.113602
FZ26071022080,受理编号：FZ26070422136 关于实名举报福建红十字刘丽琴部长政绩观错位、履职形式主义、违规干预考务工作、私自篡改考生报考信息的投诉（补充材料）,"本次师资分级考核考务设计严重畸形，整套考核流程、试卷安排、实操考评标准、分级统筹工作全部由刘丽琴部长一人全权设计、部署、落地执行。本次大面积考务乱象，充分暴露刘丽琴部长考务业务极度不熟悉、专业履职能力严重不足、工作统筹混乱、随意乱指挥的突出问题，其个人无序操作完全违背红十字运动公正核心基本原则，严重违反师资分级考核公平、公开、分层管理的制度要求。红十字公正原则明确要求所有考核工作必须依规分级、标准清晰、一视同仁、梯度施策，坚决杜绝考核标准失衡、分级流于形式、人为制造考核不公等问题。
 
本次考核共计31人参与，其中二级师资报考13人、合格6人，通过率46.15%；三级基础师资报考18人、合格仅6人，通过率低至33.33%。按照全省红十字师资分级考核制度设计初衷，三级为入门基础层级，考核内容浅显、实操简单、准入门槛低，正常通过率必然远高于进阶提升的二级师资。但因刘丽琴部长统筹混乱、不懂分级考核规则、随意指挥考务工作，直接造成本次考核数据完全倒置，高级别通过率反超基础级别，考核数据严重畸形、完全不符合常态化考核规律，问题反常、疑点突出。
 
经本人全程核实，刘丽琴部长在本次考核组织工作中主观随意安排、违规统一统筹、无视分级规范，存在严重乱指挥行为：其擅自决定让二级师资、三级师资全程共用同一套理论考卷，未按照等级差异单独命题、分层出题。在最核心的实操考核环节，刘丽琴部长同样一刀切式统一标准、随意简化分级体系，二级师资高阶实操考题与三级基础师资考题高度重合、考点基本一致、实操难度几乎无区别。
 
且本次参与考核的二级、三级人员均为在岗骨干救护师资，常规创伤处置、特殊伤情处理、应急处置等基础核心技能本就是全体师资必备能力，所有人本身均熟练掌握。刘丽琴部长未设置任何二级师资专属的高阶授课能力、复杂场景研判、多灾种综合处置、教学带教能力等高阶差异化考核内容，直接导致二级、三级师资实操区分度彻底归零。
 
刘丽琴部长在完全不懂分级考务业务、不掌握分层考核标准的情况下，擅自统筹整体考务、随意制定考核方案、盲目统一考评尺度，把本应梯度分明、难易有序、逐级进阶的分级考核制度，指挥成“两级一套题、高低一个标准、分级无差别”的敷衍式考核。原本用来区分师资能力层级、筛选高阶骨干师资的分级机制彻底失效，分层筛选、逐级提升、因材施教、分级培育的制度价值彻底落空，是典型的重表面政绩、轻业务规范、重数据包装、轻考核实效的严重形式主义履职问题。
 
上述系统性考务乱象，与其前期滥用岗位职权、私下劝导、强势施压学员强制升级报考二级师资的违规行为完全相互印证，充分凸显刘丽琴部长严重政绩观错位、业务能力缺失、工作胡乱指挥的多重履职问题。其为片面完成二级师资扩容纸面指标、堆砌漂亮业务数据，不惜人为抹平二级、三级考核难度差异，无视红十字公正准则、无视全省统一考核管理制度、无视全体考生公平考试权益。
 
红十字救护师资是红十字公益事业的核心骨干力量、一线服务根基、应急救援主力军，是整个红十字志愿服务体系的基石。刘丽琴部长手握培训管理职权，非但不服务师资、保障师资权益、规范培育体系，反而依托岗位权力肆意拿捏、刻意压制参训师资，服务意识极度淡薄、官僚作风突出。长期以个人主观意志凌驾制度之上，通过干预报考、乱设考核标准、扭曲分级体系等方式操控师资考核，严重伤害广大红十字师资的从业积极性与归属感，严重破坏全省红十字师资培育生态。
 
正因刘丽琴部长胡乱统筹、违规设考、分级失序的错误指挥，导致众多依规合规报考三级基础师资的学员，被迫统一面对无差异化、无难度分层的考核模式，基础层级考生无法体现基础层级优势，最终大面积考试失利。本人严格依规报考三级师资，最终因考务设置不公、分级形同虚设、刘丽琴履职乱作为导致考核不合格，切身遭受不公待遇。其个人无序指挥、专业缺位、政绩错位、作风官僚、服务缺失的多重履职问题，直接造成本次批次考务全面失真、考核失效、标准失控，形成全省师资培训考务系统性乱象，严重损害红十字考核公信力与公正性。",2026-07-10 15:00:55,福州市,鼓楼区,"福州市12345中心
福州市12345中心",形式主义为基层减负,评比创建/证明/借调,为了应付上级检查/考核/指标而增加一线无谓负担,0.9,"['评比创建', '证明', '借调']",该条目主要涉及师资分级考核过程中存在的形式主义问题，投诉内容指出考务设计严重畸形，考核流程、试卷安排、实操考评标准等均由刘丽琴部长一人全权设计、部署、落地执行，导致考核数据严重畸形、完全不符合常态化考核规律。这表明为了应付上级检查/考核/指标而增加了基层干部的无谓负担。,建议调取师资分级考核的考务设计文件、试卷安排文件、实操考评标准文件，以及刘丽琴部长的考务部署和落地执行记录，以了解是否存在形式主义为基层增加负担的情况。,该条目主要涉及师资分级考核过程中存在的形式主义问题，投诉内容指出考务设计严重畸形，考核流程、试卷安排、实操考评标准等均由刘丽琴部长一人全权设计、部署、落地执行，导致考核数据严重畸形、完全不符合常态化考核规律。这表明为了应付上级检查/考核/指标而增加了基层干部的无谓负担。,qwen2.5vl:7b,full,HIGH,[],2026-08-10 05:51:51.848794
ND26071020430,投诉部门问题（请求12345平台履行热线独立督办职权，核查承办单位敷衍答复，恶意引导群众通过司法途径或其他途径规避行政监管职责问题）,郭先生来电反映，此前他登记反映的诉求编号：FZ26062721356，被福安市12345以“您反映的事项已通过信访渠道反映（国信网诉〔2026〕25619号），根据《国务院办公厅关于进一步优化地方政务服务便民热线的指导意见》（国办发〔2020〕53号），建议您通过原渠道或其他相应法定渠道反映”直接答复，他表示不满，进线登记新的诉求编号：ND26070120235，但部门依然用上述话术答复，老百姓进线五十多次反映该问题，福安市12345一直无视、漠视老百姓的诉求，多次应付性、敷衍性地回复老百姓的问题。他表示他的信访件已经办结了，根据《国务院办公厅关于进一步优化地方政务服务便民热线的指导意见》（国办发〔2020〕53号）原文规定不受理已进入信访渠道的事项，这里的关键限定词是正在进入、正在办理过程中的信访事项，文件没有写信访已经办结出具答复意见书后群众不能再来12345提交监督督办诉求。（国办函〔2025〕66号）（2025年新规）明确禁止简单分流一刀切推诿群众诉求，要求区分诉求是否新增监督、问责、督办新内容，不能仅因历史有信访单号直接打发群众。现就上述情况再次进行投诉，要求福安市12345给出合理的解释，烦请相关部门核实处理。,2026-07-10 14:43:47,宁德市,福安市,"福安市12345中心
福安市12345中心",形式主义为基层减负,评比创建/证明/借调,为了应付上级检查/考核/指标而增加一线无谓负担,0.9,['敷衍应付'],该条目反映的是12345平台在处理群众诉求时存在敷衍应付的情况，属于为了应付上级检查/考核/指标而增加一线无谓负担的形式主义问题。,建议调取福安市12345平台的处理记录、群众反映的诉求编号、以及相关信访件的处理情况，以核实是否存在敷衍应付的情况。,该条目反映的是12345平台在处理群众诉求时存在敷衍应付的情况，属于为了应付上级检查/考核/指标而增加一线无谓负担的形式主义问题。,qwen2.5vl:7b,full,HIGH,[],2026-08-10 05:52:23.015119
ND26071020402,请求12345平台履行热线独立督办职权，核查承办单位敷衍答复、恶意引导群众通过司法途径规避行政监管职责问题，请求省12345，福建省人民政府介入度督办，谢谢您,郭强先生来电反映，他对ND26070720643诉求件答复不满意，请求12345平台履行热线独立督办职权，核查承办单位敷衍答复、恶意引导群众通过司法途径规避行政监管职责问题 国办发〔2020〕53号原文：不受理已进入信访渠道的事项 这里关键限定词：正在进入、正在办理过程中的信访事项 文件没有写：信访已经办结、出具答复意见书之后，群众不能再来12345提交【监督督办诉求】 国办函〔2025〕66号（2025年新规）明确禁止：简单分流、一刀切推诿群众诉求，要求区分诉求是否新增监督、问责、督办新内容，不能仅因历史有信访单号直接打发群众。 基层现在的违规套路： 信访已经办结→群众不满意，去12345要求热线平台履行独立督办职能，查处基层敷衍答复、恶意引导起诉规避行政监管 平台直接套用53号文一句话打发，无视你新增的【监督履职类新诉求】，属于机械执法、敷衍处置，恳请福建省12345平台介入督办。,2026-07-10 14:15:42,宁德市,福安市,"福安市12345中心
福安市12345中心",形式主义为基层减负,评比创建/证明/借调,为了应付上级检查/考核/指标而增加一线无谓负担,0.9,"['评比创建', '证明', '借调']",该条目反映的是12345平台在处理群众诉求时，存在敷衍应付、机械执法的现象。投诉人认为基层在处理群众诉求时存在敷衍答复、恶意引导群众通过司法途径规避行政监管职责的问题。这反映了基层在处理群众诉求时，为了应付上级检查或考核，而增加了基层一线的无谓负担。,建议调取12345平台的处理记录、群众的投诉记录、基层的答复记录等，以核实是否存在敷衍应付、机械执法的现象。,该条目反映的是基层在处理群众诉求时，为了应付上级检查或考核，而增加了基层一线的无谓负担。,qwen2.5vl:7b,full,HIGH,[],2026-08-10 05:53:10.797176
PT26071020701,我接到通知如约在城厢区开复查会，看关键核心人物知情人包组长没有来，就问他没来开什么复查会，他说他没有空，我就生气地说没来开什么复查会，分明是形式主义，请市长接访当面对质，谁说假话是小狗。,"一、信访复查刻意阻挠关键证人到场，事后歪曲事实、虚假办结12345诉求
受理编号PT26070920679，本人7月9日投诉区信访局复查搞形式主义。本次复查会刻意阻拦知晓征地、道路侵占全部内情的关键证人包组长到场，工作人员谎称证人没空。缺少核心证人无法还原事实，本次复查从一开始就不具备公正性，我当场提出质疑，却被单方面认定为情绪激动、拒绝沟通。
事后城厢区12345直接标记办理完毕，出具片面说辞掩盖阻挠证人、走过场复查的事实，属于典型弄虚作假、敷衍信访群众，用官方话术规避履职过错，属于信访领域形式主义、官僚主义。
 

 

 
四、核心诉求
 
1. 严查城厢区信访局阻挠关键证人参会、复查走过场，事后歪曲事实、虚假办结12345工单的官僚渎职问题；",2026-07-10 14:07:41,莆田市,城厢区,"城厢区12345中心
城厢区12345中心",形式主义为基层减负,会议文件泛滥/层层陪会,为了应付上级检查/考核/指标而增加一线无谓负担,0.9,"['信访复查', '形式主义', '官僚主义']",该条目投诉信访复查过程中存在形式主义，工作人员刻意阻挠关键证人到场，导致复查不公正。这反映了为了应付上级检查/考核/指标而增加一线无谓负担的问题，即通过形式主义手段来完成上级任务，而忽视了实际问题的解决。,调取信访复查会议记录、工作人员访谈记录、证人证词等材料，以核实是否存在形式主义行为。,投诉内容明确指出信访复查过程中存在形式主义，工作人员刻意阻挠关键证人到场，导致复查不公正，反映了为了应付上级检查/考核/指标而增加一线无谓负担的问题。,qwen2.5vl:7b,full,HIGH,[],2026-08-10 05:50:08.019108
XM26071021147,受理编号xm26060520772与受理编号xm26062623352回复不一致,"1.厦门市公安局的回复本次受理编号xm26060520772与受理编号：xm26062623352回复不一致，受理编号：xm26062623352提出路口设置停车位不符合规范,存在安全隐患时厦门市公安局回复此道路为村庄配套道路，此次又说明此为城市主干道，两次回复完全不一致，不实事求是解决居民问题，存在敷衍了事，形式主义作风。
2受理编号：xm26062623352翔安区马巷街道办事处回复.反光镜装置问题，此为最优位置，有没有根据实际来处理？，路口出去是左侧来车，存在重大安全隐患，装置在左边要看那一边的车？看逆行来的车辆吗？存在应付了事，草率应对现象",2026-07-10 11:15:15,厦门市,翔安区,"厦门市公安局
厦门市翔安区人民政府马巷街道办事处",形式主义为基层减负,台账留痕迎检,为了应付上级检查/考核/指标而增加一线无谓负担,0.9,"['台账留痕', '迎检']",该条目反映了厦门市公安局和翔安区马巷街道办事处在回复居民问题时存在不一致和敷衍了事的情况，可能与为了应付上级检查/考核/指标而增加一线无谓负担有关。投诉内容涉及多次回复不一致，存在形式主义作风。,建议调取厦门市公安局和翔安区马巷街道办事处的回复记录，以及相关会议文件和检查记录，以核实是否存在为了应付上级检查/考核/指标而增加一线无谓负担的情况。,投诉内容涉及多次回复不一致，存在形式主义作风，可能与为了应付上级检查/考核/指标而增加一线无谓负担有关。,qwen2.5vl:7b,full,HIGH,[],2026-08-10 05:57:00.869221
FZ26071021182,连江县城区公办幼儿园的奇葩现象,连江县所有城关幼儿园（实验园、二实幼、附属园、第二附属园、温泉园、江南园、凤城园、敖江园）的园长都没有上课（接到这份诉求件幼儿园一定会向教育局提供她们的课时表！拜托这些课时证明都是假的，因为公章在园长，开具证明的工作人员是自己人，怎么可能会有真实的证明？），这些园长没有一个有上课的，却能年年课时量合格，还能竞聘上高级职称，真是天大的笑话，她们仗着自己手上的权利谋取最大的利益，不用上一节课，天天动动嘴皮子教训一线老师，官僚主义、形式主义、个人主义……哪项不犯？可是一点都不耽误人家年度考核名列前茅，也不耽误人家上高级呀！领导呢？睁一眼闭一眼，默许……因为有关系有后台呀！连江县教育界谁人不知这些园长都是靠关系上去的，上去也就上去了，她们在领导面前“讲漂亮话”“自诩清流”……在一线教师面前搞得跟土皇帝似的，还搞“顺我者昌，逆我者亡”这一套，对不服的想方设法打压，各种刁难，各种穿小鞋……遇到功劳就抢，遇到事情“甩锅一流”……领导又偏听偏信，官官相护，还觉得这些园长能力强，那是能力强吗？是伪装的好，是会捞功劳，是能言善辩！！！幼儿园一线老师多少的癌症，多少的结节，多少的健康出问题，苦不堪言，领导知道吗？关心过吗？个别园的园长真的很不是人，一点也没把老师当人看，高高在上。真不知道这样的日子还要熬到什么时候？写这封诉求件并不是为了要一个解释（因为解释并不能真正的掩盖事实），而是让高高在上的领导们看看连江县幼教界的现状，不要掩耳盗铃了！！！综上所述真的是句句属实，在此我表态：不管教育局怎么回复，我是都会填满意，但是，请领导老爷们关注下，整顿下连江县的幼教！！！深夜思索要不要写这篇诉求件，怕被报复（毕竟得罪的是整个连江幼教界），但更怕连江县幼教界风气不正，真的太重要了！！！,2026-07-10 11:11:25,福州市,连江县,福建省连江县教育局,形式主义为基层减负,评比创建证明借调,为了应付上级检查/考核/指标而增加一线无谓负担,0.9,"['校风校纪', '评比创建证明借调']",该条目反映幼儿园园长通过伪造证明材料来应付上级考核，导致一线教师负担增加。关键现象是园长通过伪造证明材料来获得高级职称，而一线教师则面临被打压和不公平待遇。因果链条是园长通过伪造证明材料来应付上级考核，导致一线教师负担增加。,建议调取幼儿园园长的课时表、证明材料、高级职称评定材料等，以及一线教师的考核记录和工作情况。,投诉内容涉及园长通过伪造证明材料来应付上级考核，导致一线教师负担增加，符合形式主义为基层增加负担的判断逻辑。,qwen2.5vl:7b,full,HIGH,[],2026-08-10 05:57:10.625455
XM26070923252,关于江头街道在在抗台风工作中层层加码等问题,其要投诉湖里区江头街道在抗台风工作中层层加码、形式主义。中央和市里一直在要求要给基层减负，但是江头街道为了抗台风将压力嫁接到基层社区，强制要求在抗台风期间社区全员取消双休，并且没有正式的文件通知，且现在台风只是四级响应。要求江头街道严格按照市里抗台风的响应机制来执行。,2026-07-09 22:02:49,厦门市,湖里区,厦门市湖里区人民政府江头街道办事处,形式主义为基层减负,层层加码/一刀切,为了应付上级检查/考核/指标而增加一线无谓负担,0.9,"['层层加码', '形式主义']",该条目投诉江头街道在抗台风工作中层层加码，强制要求社区全员取消双休，且没有正式文件通知，这符合为了应付上级检查/考核/指标而增加一线无谓负担的特征。,建议调取江头街道关于抗台风工作的相关文件、通知，以及社区工作人员的工作记录，以核实是否存在层层加码的情况。,投诉内容涉及基层社区在抗台风工作中被要求取消双休，且没有正式文件通知，这符合为了应付上级检查/考核/指标而增加一线无谓负担的特征。,qwen2.5vl:7b,full,HIGH,[],2026-08-10 05:33:15.606903
FZ26070923540,惠闽宝每个人强行摊派30户任务没完成10倍扣罚,惠闽宝每个人强行摊派30户任务没完成10倍扣罚，全行所有一线人员都强制自己先买，全家都要买，亲戚都要买，所有认识不认识的人都要强制买,2026-07-09 21:21:11,福州市,鼓楼区,"福州市12345中心
福州市12345中心",形式主义为基层减负,层层加码/一刀切,为了应付上级检查/考核/指标而增加一线无谓负担,0.9,"['任务摊派', '强制购买', '基层负担']",该投诉反映惠闽宝在一线人员中强行摊派任务，并且未完成任务则进行10倍扣罚，这种做法明显是为了应付上级检查/考核/指标而增加了一线人员的无谓负担。投诉内容涉及层层加码/一刀切的问题。,建议调取惠闽宝的考核制度、任务分配记录、一线人员反馈记录等材料，以了解任务摊派的具体情况和考核制度。,投诉内容反映惠闽宝在一线人员中强行摊派任务，并且未完成任务则进行10倍扣罚，这种做法是为了应付上级检查/考核/指标而增加了一线人员的无谓负担。,qwen2.5vl:7b,full,HIGH,[],2026-08-10 05:34:07.554502
QZ26070921502,南安环保局工作人员来现场穿便衣。执法过程中偏袒对方。说话不合理，合规。执法人员没有公平公正。形式主义，官僚主义,2026年7月9号下午5点左右南安环保局来南安市柳城街道办事处。杏莲工业区圣元环保，南安环保局工作人员来现场穿便衣。执法过程中偏袒对方。说话不合理，合规。执法人员没有公平公正。形式主义，官僚主义（南安市柳城街道）,2026-07-09 19:01:17,泉州市,南安市,"泉州市12345中心
泉州市12345中心",形式主义为基层减负,过度管控/盲目决策,为了应付上级检查/考核/指标而增加一线无谓负担,0.9,"['形式主义', '官僚主义']",该条目描述了环保局工作人员在执法过程中偏袒对方，说话不合理，合规，执法人员没有公平公正。这表明为了应付上级检查或考核，环保局可能采取了形式主义和官僚主义的做法，增加了基层的负担。,建议调取环保局的执法记录、相关会议记录、上级检查考核的文件等材料，以核实是否存在为了应付上级检查而增加基层负担的情况。,该条目描述了环保局在执法过程中偏袒对方，这可能与为了应付上级检查/考核/指标而增加一线无谓负担有关。,qwen2.5vl:7b,full,HIGH,[],2026-08-10 05:37:03.336592
ND26070920669,投诉部门无视七十多次诉求问题，宁德12345还是一如既然同一话术回复老百姓合理诉求,本人对FZ26062923826诉求处理不满意，本人对宁德市12345中心工作处理不满意，老百姓进线70多次反映这些问题，为什么宁德市12345中心还是“已依法依规予以答复”办结，敷衍应付老百姓、无视诉求，导致他的问题得不到公平公正合理的解决？请问宁德市12345中心的领导在审核什么？还是存在官官相护？宁德市政府都是这么腐败吗？现希望部门积极配合解决问题，请上级领导督促相关单位，对他反映的问题做出实质性的回复，并正视问题的处理。 “根据《国务院办公厅关于进一步优化地方政务服务便民热线的指导意见》（国办发〔2020〕53号）原文规定不受理已进入信访渠道的事项，这里的关键限定词是正在进入、正在办理过程中的信访事项，文件没有写信访已经办结出具答复意见书后群众不能再来12345提交监督督办诉求。（国办函〔2025〕66号）（2025年新规）明确禁止简单分流一刀切推诿群众诉求，要求区分诉求是否新增监督、问责、督办新内容，不能仅因历史有信访单号直接打发群众”。此外，他于7月2日向宁德12345平台反映的诉求件ND26070220723，承办部门多次答复内容一致，均为模板化回复，未就其具体问题予以实质性回应与解决。现就该部门敷衍答复、流于形式的问题提出正式投诉。现希望有关部门调查核实，并督促其重新认真办理。烦请相关部门核实处理。（群众要求将该诉求件批转至福建省12345办理）,2026-07-09 18:43:34,宁德市,福安市,"宁德市12345中心
宁德市12345中心",形式主义为基层减负,评比创建/证明/借调,为了应付上级检查/考核/指标而增加一线无谓负担,0.9,"['评价热线', '敷衍答复', '模板化回复']",该条目主要涉及对宁德市12345中心处理群众诉求的不满，投诉内容包括多次重复的模板化回复，以及对部门敷衍答复、流于形式的批评。这符合为了应付上级检查/考核/指标而增加一线无谓负担的情况，因为投诉内容显示12345中心在处理群众诉求时存在敷衍应付的情况。,建议调取宁德市12345中心处理群众诉求的记录，包括多次回复内容，以及相关领导的审核记录，以核实是否存在敷衍应付的情况。,投诉内容显示12345中心在处理群众诉求时存在敷衍应付的情况，符合为了应付上级检查/考核/指标而增加一线无谓负担的情况。,qwen2.5vl:7b,full,HIGH,[],2026-08-10 05:25:55.685612
FZ26070922979,安全隐患,"本村村内一处老旧房，房屋屋檐主梁松动悬空，严重倾斜，随时有断裂坠落垮塌风险，隐患极大。该房紧邻村内日常通行主干道，此道路是周边村民出行必经之路，日常务农、出行都从此处经过，村民向村委会，村委向乡镇政府如实上报重大安全隐患，乡工作人员到场后，仅说要拉起安全警戒线，未采取任何加固、拆除等实质性除险整改措施。工作人员还直言说做警示提醒，劝阻村民不要从此通行，并称村民执意要走他们也没有办法。但这条路属于必经通道，单纯拉线警示完全起不到实质安全防护作用，丝毫没有从根源消除坠梁伤人、塌梁出事的重大安全隐患，放任危险持续存在，随时极易引发砸伤路人、发生人身安全隐患（走马观花走一圈，形式主义）
此前本地遭遇强暴雨天气，屋旁大树受风雨冲击倾倒，直接砸压到我家房屋屋檐，造成房屋受损。事发前村干部、乡镇相关工作人员未提前开展辖区树木、房屋周边安全隐患巡查排查，未能提前预判险情、做好防范。险情发生次日，相关人员也未第一时间进村实地到场查看核验情况，既未及时处置倒伏树木消除后续风险，也未跟进排查周边同类安全隐患，漠视群众居住安全与财产损失，相关安全巡查、灾情核查及隐患处置工作严重缺位。第二、三、四张图片之前强暴雨之后拍照（之前强暴雨无工作人员值班也无人员排查隐患）要表扬的是村妇联，她非常尽责，值班期间都在岗。",2026-07-09 18:16:33,福州市,闽清县,闽清县桔林乡人民政府,形式主义为基层减负,评比创建证明借调,为了应付上级检查/考核/指标而增加一线无谓负担,0.9,"['基层负担', '形式主义', '安全隐患']",该条目投诉村内老旧房屋存在安全隐患，但工作人员仅采取了拉起安全警戒线的措施，未采取实质性整改措施，属于形式主义为基层增加负担。关键现象是工作人员未采取实质性整改措施，只做形式上的警示，导致安全隐患持续存在。,建议调取工作人员的巡查记录、安全隐患排查记录、整改措施落实情况等材料，以及与工作人员的谈话记录，以核实是否存在形式主义现象。,投诉内容涉及工作人员未采取实质性整改措施，仅做形式上的警示，属于评比创建证明借调中的形式主义现象。,qwen2.5vl:7b,full,HIGH,[],2026-08-10 05:27:06.358588
XM26070921389,【停车不便利专项整治线索提供】,"我的邻居发现梧村城管中队门口人行道私设道闸、存在安全隐患后，已向相关部门反映，近期收到城管部门答复文不对题。邻居诉求核心并非核实道闸安装主体，而是公共人行道属于市政公共资源，未经许可不得擅自加装道闸圈占、改造为停车区域。即便道闸由酒店布设，也不能违规占用市政人行通道；该路段途经学生众多，道闸严重影响行人通行，存在突出交通安全隐患。
 承办单位仅简单界定安装主体，未核查占用城市人行道设置道闸是否具备合法审批手续，未实地核验市政道路占用许可材料，便直接认定不存在违规行为，调查核查流于形式，相关问题未得到实质性处置。
恳请结合停车不便利专项整治工作，责成市、区两级整治工作专班牵头，统筹交警、住建、自规、城管、发改委、属地街道等单位开展联合复查，重新核查该道闸占用公共人行道设置的合法性，依据法律法规妥善处置，消除道路安全隐患。",2026-07-09 12:43:39,厦门市,思明区,"厦门市公安局
思明区城市管理和综合执法局",形式主义为基层减负,台账留痕迎检,为了应付上级检查/考核/指标而增加一线无谓负担,0.9,"['台账留痕', '迎检', '形式主义']",该条目内容涉及城管部门在整治工作中流于形式，未进行实质性核查，仅凭安装主体界定，未核查占用城市人行道设置道闸是否具备合法审批手续。这表明为了应付上级检查而增加了基层的无谓负担。,建议调取城管部门的核查记录、审批手续材料、相关法律法规文件，以及与基层工作人员的谈话记录，以核实是否存在形式主义行为。,该条目内容描述了城管部门在整治工作中流于形式，未进行实质性核查，仅凭安装主体界定，未核查占用城市人行道设置道闸是否具备合法审批手续，符合为了应付上级检查而增加基层负担的定义。,qwen2.5vl:7b,full,HIGH,[],2026-08-10 05:22:14.049069
FZ26070823808,投诉仓山区城门镇政府核查群租履职敷衍、结论不实，请求区级部门介入复核,"原受理编号FZ26060922876
本人两次反馈阳光城大都会C区1015复式房屋分层隔断、两套独立对外违规出租问题：

1. 该镇工作人员首次上门仅门口拍个照提供的整改视频是该房东25年发布的招租视频 未进屋上楼查验二楼独立租住区域，勘验流程缺失；

2. 工单配套视频疑似往期旧素材，并非本次现场实拍，依据无效材料出具无违规结论；

3. 本人提出异议二次反馈后，该镇仍未安排人员全面复查整套房屋，刻意回避违规事实，未开展整治工作，属于履职不作为。
现诉求：

4. 由仓山区住建局、区房管部门独立上门复核，不受城门镇干预；

5. 对城门镇本次核查流于形式、处置不作为行为予以监督问责；

6. 依法查处1015室分层分割违规出租行为。
附件上传房门实拍图、压缩完成的现场视频。
第一个视频是仓山区人民政府提供的整改视频 第二个是房东25年发布的招租视频 第三个是该房屋二楼的视频",2026-07-08 22:20:37,福州市,仓山区,"仓山区12345中心
仓山区12345中心",形式主义为基层减负,层层加码/一刀切,为了应付上级检查/考核/指标而增加一线无谓负担,0.9,['群租房管理'],该条目反映的是关于群租房管理的投诉，投诉内容涉及镇工作人员在核查过程中存在履职不作为的情况，且核查流于形式。这可能是因为为了应付上级检查/考核/指标而增加了基层工作人员的负担，导致核查流于形式，未能有效解决问题。,建议调取核查过程中的相关视频和照片，以及核查人员的访谈记录，以核实核查过程是否流于形式，是否存在履职不作为的情况。,投诉内容涉及基层工作人员在核查过程中存在履职不作为的情况，且核查流于形式，可能是因为为了应付上级检查/考核/指标而增加了基层工作人员的负担。,qwen2.5vl:7b,full,HIGH,[],2026-08-10 05:08:57.458698
FJ26070820208,举报福州市鼓楼区政府刘用全负责人信访数据造假、督办空转、堵截网上信访、失职渎职,"事件地点：数据造假罪加一等！福建省福州市鼓楼区政府（鼓楼区政府请收敛）知法犯法长期对我投诉件删除修改？


实名投诉：鼓楼区委书记刘用全纵容造假堵截信访通道
鼓楼区信访配合造假堵截，督办空转。恳请中纪委严查刘用全失管纵容造假，彻查堵截黑幕并严肃问责。

国信平台异常波及鼓楼区，暴露属地监管失控。
4月24日18:00至25日8:00公告维护。25日22:07我点开平台，仍显示24日旧公告，通道锁死。
26日8点后投递，至17:03仍显24日公告，服务未开。
更奇葩的是，维护未到18:00平台提前发布维护公告，公然造假。

4月25日晚至26日17:03，公告不撤、通道锁死、提前造假，行为恶劣、固定异常。
到今天26日17:03打开依然是周五公告，天大笑话，腐败公开叫板吗？

非技术故障，实为后台手动操作、内鬼上阵，蓄意阻断群众信访权利。
鼓楼区作为属地，刘用全身为第一责任人，对此恶性造假、通道堵截视而不见，监管严重失责，基层信访沦为摆设，损害政府公信力。",2026-07-08 22:11:11,福州市,鼓楼区,"鼓楼区12345中心
鼓楼区12345中心",形式主义为基层减负,台账留痕迎检,为了应付上级检查/考核/指标而增加一线无谓负担,0.9,"['台账留痕', '迎检', '数据造假']",该条目涉及鼓楼区政府在处理信访数据时存在造假和督办空转的问题，反映了为了应付上级检查而增加基层负担的现象。举报内容指出鼓楼区在处理信访件时存在删除修改、堵截网上信访等行为，这些都属于为了应付上级检查而增加基层负担的表现。,建议调取鼓楼区政府处理信访件的台账记录，以及相关信访件的处理流程和结果，以核实是否存在数据造假和督办空转的情况。,举报内容指出鼓楼区政府在处理信访件时存在删除修改、堵截网上信访等行为，这些都属于为了应付上级检查而增加基层负担的表现。,qwen2.5vl:7b,full,HIGH,[],2026-08-10 05:08:58.387910
PT26070821358,投诉莆田移动违背整改承诺、虚假反馈完工及夜间电话威胁,"投诉莆田移动违背整改承诺、虚假反馈完工及夜间电话威胁

【事发地点】
[您的具体地址]

【被投诉方】
中国移动通信集团福建有限公司莆田分公司

【核心事实与证据】
1.  违背承诺，欺骗用户（有截图为证）：
    我此前已投诉过该处电缆杆隐患问题。根据移动公司在12345平台的正式回复（见附件截图），他们明确承诺“预计7月7日前完成”迁移盒子。
    现状是： 今天已经是7月8日晚上了，现场旧盒子依然悬挂，线缆杂乱垂落地面（我有最新照片为证）。他们所谓的“移走了”完全是谎言。

2.  虚假结单，敷衍塞责：
    截图显示移动公司声称“2026/07/01联系客户，客户接受”。这是虚假记录！ 我从未接受这种拖延，且至今问题未解决。这是典型的为了考核达标而虚假结单，欺瞒监管部门和用户。

3.  夜间骚扰，言语威胁：
    在问题根本没解决的情况下，工作人员今晚前前后后打了两个电话给我，不仅不安排整改，反而对我进行言语威胁，态度极其恶劣，严重干扰我的生活。

【我的诉求】
1.  核查历史记录： 请调阅我之前的投诉工单（附件截图），核实他们承诺的“7号移走”是否属实，为何超时未完工？
2.  立即履约： 责令移动公司别再打电话骚扰我，立刻派人到现场把线收好、盒子拆掉，消除安全隐患。
3.  追究责任： 针对这种“嘴上说做完了实际没做”的欺诈行为以及威胁用户的员工，要求给出处理结果并道歉。

💡 关键点提示（打电话时强调）：

-   “我有证据”：告诉接线员，“我有之前的投诉记录截图，也有现在的现场照片，他们就是在撒谎”。
-   “安全隐患还在”：强调线还在地上，万一电到人或者绊倒人，移动公司要负全责。
-   “不要回访，要结果”：如果移动公司再打电话来只是动嘴皮子，直接告诉12345：“我不接受电话解释，我要看到现场整改干净。”

这样写逻辑就很顺了：先有承诺 -> 再有违约 -> 后有欺骗 -> 最后还威胁。这一套组合拳下来，12345肯定会重视",2026-07-08 21:27:07,莆田市,荔城区,中国移动通信集团福建有限公司莆田分公司,形式主义为基层减负,指尖形式主义,为了应付上级检查/考核/指标而增加一线无谓负担,0.9,"['通信线缆', '虚假反馈', '夜间骚扰']",该条目涉及中国移动通信集团福建有限公司莆田分公司在处理通信线缆问题时，存在虚假反馈和夜间骚扰的情况，反映了为了应付上级检查而增加一线无谓负担的问题。,建议调取中国移动通信集团福建有限公司莆田分公司处理通信线缆问题的历史记录，以及相关工作人员的夜间骚扰记录。,该条目涉及通信线缆问题处理中存在虚假反馈和夜间骚扰，反映了为了应付上级检查而增加一线无谓负担的问题。,qwen2.5vl:7b,full,HIGH,[],2026-08-10 05:10:01.010411
FJ26070820159,关于 FJ26070220177 工单办理敷衍、履职缺位问题的再诉求,"一、海峡本次答复四大履职问题
招聘会统筹缺位，刻意回避公办岗位缺失问题
群众询问宝龙广场招聘会无机关、国企、事业单位招聘缘由，海峡只拿企业自愿报名搪塞，群众只是咨询没有要求，切勿回避主办方统筹邀约、均衡岗位供给的主体责任，纯粹推诿卸责。
毕业生政策宣传敷衍，未履行信息公开义务
最关键海报小字标注毕业生政策，企业却含糊其辞。诉求要求解读小字对应政策，海峡仅丢网页链接，不做原文释义，把答疑责任全部推给群众自行查阅，人为制造信息壁垒。
公益岗咨询答非所问，回避核心政策问题
咨询灵活就业人员能否报考公益岗位，海峡只说本场无公益岗，不答复报考资质、政策依据，单纯引导自行翻阅各区县官网，未落实基础政策答疑职责。
工单办理流程违规，无视群众监督评价
一是未按我指定时段致电，非约定时间拨打未接通就直接办结，未用短信、平台留言补充沟通；二是我两次提交不满意评价，海峡至今无回访、无补答复，政务服务闭环完全失效。
二、硬性整改要求
1、正面说明宝龙招聘会未邀约公办单位参会完整原因，出台线下招聘会均衡引入体制内岗位整改措施。
2、完整提供海报小字对应的毕业生政策原文并逐条解读，完善现场政策宣讲、专人答疑机制。
3、依据省市文件，明确答复灵活就业人员报考公益岗资格、限制条件、官方报名渠道，列明政策依据。
4、自查本次敷衍答复、流程违规问题，落实责任人；按指定时段回访，出具完整补正答复；建立不满意工单即时复核回访机制。
      还望12345中心及有关部门尽量在24小时内理清来龙去脉后严加督办，全力保障群众合法权益与个人信息安全，积极作为推动问题妥善解决以争取群众满意好评，切勿包庇护短、疏于审核或变相打击报复、出言不逊，以免一并向上依法反映及差评（无事不扰，如需致电，请于上午12点或下午5-6点联系，如遇忙音请务必稍后再拨。谢谢！）",2026-07-08 17:49:59,,,中国海峡人才市场,形式主义为基层减负,评比创建证明借调,为了应付上级检查/考核/指标而增加一线无谓负担,0.9,['评比创建证明借调'],该条目主要反映的是海峡在处理工单时敷衍应付，未履行信息公开义务、回避核心政策问题、未落实基础政策答疑职责等问题。投诉内容涉及评比创建证明借调问题，反映了为了应付上级检查/考核/指标而增加一线无谓负担。,建议调取海峡在处理工单时的相关记录、群众咨询的详细记录、政策宣传的文件等材料，以核实是否存在为了应付上级检查/考核/指标而增加一线无谓负担的情况。,投诉内容涉及评比创建证明借调问题，反映了为了应付上级检查/考核/指标而增加一线无谓负担。,qwen2.5vl:7b,full,HIGH,[],2026-08-10 04:52:54.603037
SM26070820386,民政局擅自侵占合法承包的私人林地,"没有得到民政局的明确回复，存在推诿扯皮、办事不作为现象，多次沟通中工作人员相互推脱，不直面核心侵权问题，不担当、不办实事，形式主义问题突出，一次次消耗群众维权时间与精力，导致该林地侵占纠纷数年悬而未决，问题始终得不到化解，严重损害公职部门公信力。
本人合法林权证权属清晰，侵权事实证据确凿，本该依法快速调处化解，却因民政局工作人员怠于履职、敷衍忽悠，致使维权之路艰难漫长。现一并投诉该单位懒政怠政、不作为乱作为、忽悠群众不办实事的工作作风问题，",2026-07-08 16:46:19,三明市,大田县,"三明市12345中心
三明市12345中心",形式主义为基层减负,评比创建证明借调,为了应付上级检查/考核/指标而增加一线无谓负担,0.9,['评比创建证明借调'],该条目反映的是民政局工作人员在处理林地侵占纠纷时存在推诿扯皮、办事不作为现象，形式主义问题突出，导致维权之路艰难漫长。核心根因在于为了应付上级检查/考核/指标而增加一线无谓负担。,建议调取民政局处理林地侵占纠纷的相关文件、工作人员的工作记录、群众的投诉记录等材料，以核实是否存在形式主义问题。,该条目反映了民政局工作人员在处理纠纷时存在推诿扯皮、办事不作为现象，属于评比创建证明借调类型，核心根因在于为了应付上级检查/考核/指标而增加一线无谓负担。,qwen2.5vl:7b,full,HIGH,[],2026-08-10 04:57:37.394525
SM26070820378,关于多年民政局擅自侵占合法承包的私人林地,"民政局多年侵占合法承包的私人林地，从2023年开始协商至今没有给予解决。全程只做口头搪塞忽悠，每次沟通均以“正在开会研究、等待上级批复、后续统一处理”等模糊话术拖延，从来没有出具书面调查受理回执、没有划定办理时限、没有开展实地勘验核查，没有拿出任何实质性解决方案，属于典型口头答复、虚假回应￼￼￼。对待群众合理维权诉求消极懈怠，2023年一直延续至今，漠视群众合法林权财产权益。存在推诿扯皮、办事不作为现象，多次沟通中工作人员相互推脱，不直面核心侵权问题，不担当、不办实事，形式主义问题突出，一次次消耗群众维权时间与精力，导致该林地侵占纠纷数年悬而未决，问题始终得不到化解，严重损害公职部门公信力。
本人合法林权证权属清晰，侵权事实证据确凿，本该依法快速调处化解，却因民政局工作人员怠于履职、敷衍忽悠，致使维权之路艰难漫长。现一并投诉该单位懒政怠政、不作为乱作为、忽悠群众不办实事的工作作风问题，恳请纪检、林业、信访部门一并核查追责，限期给出书面处理结果。",2026-07-08 16:38:02,三明市,大田县,大田县民政局,形式主义为基层减负,评比创建证明借调,为了应付上级检查/考核/指标而增加一线无谓负担,0.9,"['民政局', '侵占林地', '形式主义']",该条目反映的是民政局工作人员在处理群众合法林权财产权益问题时，存在推诿扯皮、办事不作为现象，形式主义问题突出。这表明为了应付上级检查/考核/指标而增加了基层的无谓负担。,建议调取民政局处理该林地侵占纠纷的相关会议记录、文件、调查报告等材料，以及与相关工作人员的谈话记录，以核实是否存在形式主义问题。,该条目反映了民政局工作人员在处理群众合法林权财产权益问题时，存在推诿扯皮、办事不作为现象，形式主义问题突出，属于为了应付上级检查/考核/指标而增加了基层的无谓负担。,qwen2.5vl:7b,full,HIGH,[],2026-08-10 04:58:00.721192
FZ26070723849,要求有关部门直接对接新都会花园广场领导层立即拆一楼大堂外卖柜,"本人此前已就新都会花园广场一楼大堂违规设置外卖柜一事进行诉求反馈，后续收到街道来电回复，告知会协调新都会物业与本人对接处理此事。但目前对接沟通的人员依旧是物业一线基层在岗员工，问题始终无法得到实质性解决。
在此本人郑重说明：新都会物业所有一线基层员工均对外卖柜的设置存在极大抵触，普遍认为该设施设置极其不合理，在岗基层员工曾私下反馈，外卖柜不仅占用大堂公共空间、影响大堂正常通行，还大幅增加了一线站岗人员的工作负担与管理压力，严重影响基层员工正常工作秩序。
基层一线员工仅为制度执行者，无权更改物业管理层的决策，每日在岗值守、直面现场问题的是基层员工，并非物业管理层领导。物业领导层长期脱离现场实际、脱离一线实情，只注重形式主义管理，不顾现场实际隐患、不顾租户与基层员工的切身权益，单方面推行不合理设施设置，完全忽视群众与一线工作人员的真实诉求。
该一楼大堂外卖柜不仅占用公共公摊区域、不合规占用消防通行空间、存在重大安全隐患，同时严重损害新都会全体入驻租户的日常出行权益、破坏大堂整体环境秩序，长期以来给租户经营出行、基层员工日常工作造成极大困扰，属于完全没必要、不合理、弊大于利的违规设施。
为此，本人再次郑重向有关部门诉求：
1. 请街道直接对接新都会物业高层管理领导，跳过基层员工传话环节，由物业负责人直面问题、承担管理责任；
2. 要求物业立即整改，彻底拆除一楼大堂违规设置的外卖柜，消除现场安全隐患；
3. 要求物业摒弃形式主义管理模式，充分听取租户、一线基层员工真实心声，杜绝增设损害群众权益、存在安全隐患的不合理设施。
群众的诉求真实且合理，现场问题有目共睹，恳请职能部门重视普通租户与基层工作人员的合法权益，督促物业尽快落实拆除整改，恢复大堂安全、通畅、有序的公共环境，保障全体人员正常的工作与出行权益。",2026-07-07 22:27:41,福州市,鼓楼区,福州市鼓楼区人民政府水部街道办事处,形式主义为基层减负,过度管控/盲目决策,为了应付上级检查/考核/指标而增加一线无谓负担,0.9,"['物业管理', '基层员工', '工作负担']",该条目反映了基层员工在处理物业设置不合理设施时的困扰，认为物业领导层只注重形式主义管理，忽视了基层员工的实际工作负担和现场实际隐患。这符合过度管控/盲目决策的类型，即为了应付上级检查/考核/指标而增加一线无谓负担。,建议调取物业领导层的决策文件、基层员工的工作日志、物业与街道的沟通记录等材料，以核实是否存在形式主义管理的问题。,该条目反映了物业领导层只注重形式主义管理，忽视了基层员工的实际工作负担和现场实际隐患，符合过度管控/盲目决策的类型。,qwen2.5vl:7b,full,HIGH,[],2026-08-10 04:39:56.257465
FJ26070720213,举报福州市鼓楼区政府刘用全负责人信访数据造假、督办空转、堵截网上信访、失职渎职,"事件地点：数据造假罪加一等！福建省福州市鼓楼区政府（鼓楼区政府请收敛）知法犯法长期对我投诉件删除修改？


实名投诉：鼓楼区委书记刘用全纵容造假堵截信访通道
鼓楼区信访配合造假堵截，督办空转。恳请中纪委严查刘用全失管纵容造假，彻查堵截黑幕并严肃问责。

国信平台异常波及鼓楼区，暴露属地监管失控。
4月24日18:00至25日8:00公告维护。25日22:07我点开平台，仍显示24日旧公告，通道锁死。
26日8点后投递，至17:03仍显24日公告，服务未开。
更奇葩的是，维护未到18:00平台提前发布维护公告，公然造假。

4月25日晚至26日17:03，公告不撤、通道锁死、提前造假，行为恶劣、固定异常。
到今天26日17:03打开依然是周五公告，天大笑话，腐败公开叫板吗？

非技术故障，实为后台手动操作、内鬼上阵，蓄意阻断群众信访权利。
鼓楼区作为属地，刘用全身为第一责任人，对此恶性造假、通道堵截视而不见，监管严重失责，基层信访沦为摆设，损害政府公信力。",2026-07-07 22:20:37,福州市,鼓楼区,"鼓楼区12345中心
鼓楼区12345中心",形式主义为基层减负,指尖形式主义,为了应付上级检查/考核/指标而增加一线无谓负担,0.9,"['指尖形式主义', '信访数据造假', '基层信访通道堵塞']",该条目反映的是鼓楼区政府在处理信访问题时存在数据造假、信访通道堵塞等问题，这些现象可能与基层工作人员为了应付上级检查/考核/指标而增加无谓负担有关。举报内容涉及信访数据的修改、信访通道的堵塞，这些都可能与基层工作人员为了完成上级任务而采取的措施有关。,建议调取鼓楼区政府信访数据管理系统记录、信访工作人员的工作记录、上级检查/考核/指标的相关文件等，以核实是否存在数据造假和信访通道堵塞的情况。,举报内容涉及信访数据的修改和信访通道的堵塞，这些现象可能与基层工作人员为了应付上级检查/考核/指标而增加无谓负担有关。,qwen2.5vl:7b,full,HIGH,[],2026-08-10 04:40:08.609079
FJ26070720168,多户民众向12345投诉肖玉树违规占地确无人跟进处理，明明违规占地相关政府人员不处理，涵江12345工作人员不明确事实真相，次次退回诉求以同样话术回复,请涵江12345继续传达相关问题，你不传达下去，相关部门如何解决，而不是推脱给纪检单位。 1、肖玉树户2023年5月违规搭建围墙投诉至今无人处理，该围墙位署及周边，以前为我户及其他村民旧厕所位置。去年向村委寻求帮助时，村里解释九几年“厕改”时上述位置已收归国有，并明确说明肖玉树户未有报批手续，即肖玉树搭建围墙行为违法，请相关部门依法拆除，相关部门也明确回复说，涉及利益帮忙解决，结果上一条这么说，下一条回复又是推卸责任，请相关部门履行职责。 2、投诉跟进此项工作的政府相关人员，该投诉未办结，已被无故关闭520次投诉通道，未完成的诉求就按完成结案。 3、多户乡民向12345投诉肖玉树违规占地，你们确至今都是不处理。,2026-07-07 17:59:36,莆田市,涵江区,"涵江区12345中心
涵江区12345中心",形式主义为基层减负,层层加码/一刀切,为了应付上级检查/考核/指标而增加一线无谓负担,0.9,"['层层加码', '一刀切']",该条目涉及违规占地问题，投诉反映政府相关部门在处理此类问题时存在推诿现象，导致问题长期得不到解决。这可能是因为为了应付上级检查或考核，基层工作人员在处理问题时存在推诿现象，增加了基层负担。,建议调取相关部门处理违规占地问题的记录，了解是否存在推诿现象，以及是否存在上级检查或考核的压力。,投诉内容反映政府相关部门在处理违规占地问题时存在推诿现象，可能是因为为了应付上级检查或考核，增加了基层负担。,qwen2.5vl:7b,full,HIGH,[],2026-08-10 04:44:14.456595
FJ26070620197,投诉：对有关单位敷衍了事、不实答复、欺上瞒下的投诉,此前就相关问题向平台反馈投诉，结果依旧是敷衍了事，虚假回复，严重欺骗人民群众。实际现场依旧堆积着成堆的黑色塑料袋、白色泡沫箱，铁架也依旧存在，而7月2日给出的答复却是告知“经核查，前期现场留存部分铁架，已清除完成，周边部分黑色塑料袋也已清除完成”。请问，这是经过亲自到现场核查的结果吗？明显就是弄虚作假、隐瞒事实、敷衍了事，虚假回复，欺上瞒下。做为一个公职人员，就要对自己给予人民群众的答复负责任，能让人信服，如此的敷衍了事，对得起自己公职岗位的使命担当吗？对得起广大纳税人的血汗钱吗？现要求核查真实现场情况，如实反馈处理结果。如果能让人信服，请提供附件图位置空无一物的证据！！！谢谢！！！,2026-07-06 19:47:53,漳州市,龙海区,龙海区海澄镇人民政府,形式主义为基层减负,台账留痕迎检,为了应付上级检查/考核/指标而增加一线无谓负担,0.9,"['敷衍应付', '虚假回复', '欺上瞒下']",该条目反映的是相关部门在处理问题时存在敷衍应付、虚假回复、欺上瞒下的现象，属于为了应付上级检查/考核/指标而增加一线无谓负担，符合台账留痕迎检的类型。,建议调取相关部门的回复记录、现场核查记录、相关文件等材料，找相关人员谈话，以核实是否存在虚假回复、欺上瞒下的情况。,该条目反映的是为了应付上级检查/考核/指标而增加一线无谓负担，属于台账留痕迎检的类型。,qwen2.5vl:7b,full,HIGH,[],2026-08-10 04:26:54.463623
FZ26070623535,盖山镇南社一路十字路口烧烤摊扰民，投诉盖山镇政府懒政怠政不作为！,仓山区盖山镇南社一路十字路口烧烤摊扰民问题一直得不到解决，每天晚上7点到凌晨此烧烤摊都在十字路口摆摊营业。油烟味扰民，居民无法正常呼吸。盖山镇政府视而不见，拍照打卡一走了之，形式主义严重！懒政怠政！不为民解决问题！坚决投诉盖山镇政府，坚决投诉仓山区城管！,2026-07-06 19:18:43,福州市,仓山区,福州市仓山区盖山镇人民政府,形式主义为基层减负,指尖形式主义,为了应付上级检查/考核/指标而增加一线无谓负担,0.9,"['指尖形式主义', '懒政怠政']",该条目反映的是盖山镇政府在处理烧烤摊扰民问题时，仅拍照打卡而未实际解决问题，存在形式主义现象。关键现象是镇政府在处理问题时仅做表面文章，未采取有效措施解决扰民问题，导致投诉者不满。,建议调取镇政府处理烧烤摊扰民问题的相关记录，包括拍照打卡的图片、处理过程的记录等，以核实镇政府是否仅做形式上的处理。,投诉内容反映的是镇政府在处理扰民问题时仅做表面文章，未采取有效措施解决，属于形式主义为基层增加负担。,qwen2.5vl:7b,full,HIGH,[],2026-08-10 04:12:26.647779
FZ26070623324,关于投诉茶园派出所要求到派出所配合反诈的问题,晋安区茶园街道茶园派出所今天打电话通知反诈宣传，要到派出所或者到现场家中拍照，并且还说如果不去派出所后续银行卡会被冻结，有100多户，浪费我们老百姓的时间，该行为形式主义一刀切，质疑不合理，特此投诉。,2026-07-06 18:21:42,福州市,晋安区,福州市公安局晋安分局,形式主义为基层减负,层层加码/一刀切,为了应付上级检查/考核/指标而增加一线无谓负担,0.9,"['地方金融监管', '派出所反诈宣传']",投诉内容反映派出所要求居民到派出所配合反诈宣传，且存在一刀切现象，浪费了老百姓的时间，属于为了应付上级检查而增加基层负担。,建议调取派出所相关工作记录、通知文件、居民反馈记录等，以核实是否存在形式主义行为。,投诉内容反映派出所要求居民到派出所配合反诈宣传，且存在一刀切现象，属于为了应付上级检查而增加基层负担。,qwen2.5vl:7b,full,HIGH,[],2026-08-10 04:13:32.042152
ND26070620279,投诉12345平台及诉求件答复问题,郭先生来电反映，他此前在宁德12345平台登记诉求（编号：ND26070320657），宁德12345总是以“鉴定不服可重新鉴定”为由，恶意应付性，程序性拒绝其合理诉求，未对问题实质作出任何回应。他表示每次反映的问题内容不同，但是宁德市12345平台答复均是以以上这三个编号（诉求编号：FZ26050922006、FZ26051121824、FZ26051123290）来搪塞、推诿、应付性、敷衍性地回复他。认为平台领导未对其反映的问题进行实质审核，存在敷衍答复的情况。他要求12345平台明确回应，行政监管类事项是否属于12345平台的职责范围？为何行政监管部门未能实质解决他反映的问题，宁德市12345平台却多次建议他通过司法途径处理，宁德市12345平台在诉求办理过程中是否存在监督履职不到位的行为？现希望有关部门再次介入核实，实质解决他反映的问题。烦请相关部门核实处理。（群众强烈要求部门核查并答复，要求12345平台将问题转至部门解决，不要敷衍答复。）,2026-07-06 12:43:43,宁德市,福安市,"宁德市12345中心
宁德市12345中心",形式主义为基层减负,评比创建/证明/借调,为了应付上级检查/考核/指标而增加一线无谓负担,0.9,['敷衍应付'],该条目反映的是12345平台敷衍应付诉求的问题，属于为了应付上级检查/考核/指标而增加一线无谓负担。,建议调取12345平台的内部文件、领导批示、会议记录等材料，以核实是否存在敷衍应付的情况。,该条目反映的是12345平台敷衍应付诉求的问题，属于为了应付上级检查/考核/指标而增加一线无谓负担。,qwen2.5vl:7b,full,HIGH,[],2026-08-10 04:11:28.580097
ZZ26070620333,投诉：中考填报志愿期间违规举办夏令营、公益衔接课,"2026 年漳州市中考志愿填报时间为 7 月 16 日 00:00—7 月 18 日 18:00，当前正处于全市统一知分填报志愿窗口期。
涉事学校在此期间组织面向本届初三考生的夏令营集中培训活动，以线下集中授课、夏令营、公益衔接课、校园宣讲、志愿引导等形式开展活动，人为占用考生填报志愿时间、干扰考生自主选择高中学校，变相限制考生自由填报志愿。
参与对象：本届全体初三应届考生；活动形式：校内封闭夏令营 、线下集中宣讲培训",2026-07-06 10:45:15,漳州市,,漳州市教育局,形式主义为基层减负,会议文件泛滥/层层陪会,为了应付上级检查/考核/指标而增加一线无谓负担,0.9,"['会议文件泛滥', '层层陪会']",该条目反映涉事学校在中考志愿填报期间违规举办夏令营、公益衔接课，占用考生填报志愿时间，干扰考生自主选择高中学校。这属于为了应付上级检查/考核/指标而增加一线无谓负担的情况。,建议调取涉事学校在中考志愿填报期间的活动安排表、学生反馈记录等材料，以核实学校是否违规举办夏令营、公益衔接课，占用考生填报志愿时间。,该条目反映的是学校在中考志愿填报期间违规举办夏令营、公益衔接课，占用考生填报志愿时间，属于为了应付上级检查/考核/指标而增加一线无谓负担的情况。,qwen2.5vl:7b,full,HIGH,[],2026-08-10 04:21:27.073603
QZ26070620017,惠安县人社局、泉州市人社局推诿扯皮、持续拖延，拒不履职。,"惠安县人社局、泉州市人社局推诿扯皮、持续拖延，拒不履职。
一、投诉事项
1.2023年来，信访人多次向惠安县人社局、泉州市人社局咨询“取得矿业权评估师证书能否聘用中级职称”,惠安县人社局、泉州市人社局多次以已公示废止多年的不当文件（人社部发【2015】65号）答复信访，并长期拖延、推诿扯皮。
至2026年2月2日，信访人再次投诉该事项后，泉州市人社局:拒不答复相关投诉事项、拒不对“以废止文件答复信访”事项进行说明、拒不落实《信访工作条例》“第四十五条”、拒不责令惠安县人社局及时改正。惠安县人社局仍持续推诿扯皮：此前不断以已废止多年的文件为由，干扰信访人及时聘用中级职称，在信访人多年来持续提供正确文件情况下，仍拒不承认现行文件；2月14日答复又称“现行文件解释权不在人社部门”拒不及时改正，持续性拖延，推诿扯皮；信访人持续等待至今，现已历141天，无任何进展，效率极其低下。
2.2023年信访人投诉以来，惠安县人社局不断向信访人所在单位领导及同事散布“信访人无理取闹，因此耽误全单位职称聘用”，导致信访人所在单位许多不明情况的领导和同事因错误高估其业务水平而相信其不实说法，因此信访人名誉及信访人与同事之间原本融洽的关系遭到破坏，给信访人带来本不应承受的巨大社会压力，影响信访人身心健康。
二、诉求
2023年至今，长期等待无果，又无明确整改期限，特此再次投诉。
1.望督促泉州市人社局、惠安县人社局及时整改，消除信访人因其极其低下的业务水平而未能聘用所受的影响。
2.望督促泉州市人社局、惠安县人社局立即公开道歉，消除所散布不实信息对信访人名誉及同事评价影响。
3.望明确告知整改期限。",2026-07-06 00:29:04,泉州市,,"惠安县12345中心
惠安县12345中心",形式主义为基层减负,层层加码/一刀切,为了应付上级检查/考核/指标而增加一线无谓负担,0.9,"['层层加码', '一刀切']",该条目描述了惠安县人社局和泉州市人社局在处理信访事项时推诿扯皮、持续拖延的情况，反映了为了应付上级检查/考核/指标而增加了一线无谓负担的问题。,建议调取惠安县人社局和泉州市人社局的内部文件、会议记录、信访记录等材料，以核实是否存在为了应付上级检查/考核/指标而增加一线无谓负担的情况。,该条目描述了基层部门在处理信访事项时推诿扯皮、持续拖延的情况，反映了为了应付上级检查/考核/指标而增加了一线无谓负担的问题。,qwen2.5vl:7b,full,HIGH,[],2026-08-10 04:03:05.237579
XM26070522062,关于同安区教师进修学校在暑假安排教师比赛的问题,同安区教师进修学校（地址：同安区汀溪镇隘头村33号）强制全区青年教师在2026年整个暑假期间，参加教学比赛，强行要求全员备赛和参赛，恶意占用教师法定的休假时间。教育部减负规定，严禁寒暑假强制老师参与教学评比和高强度备赛等，占用教师休息时间，违规加码，学校的行为大幅度增加年教师工作负担。其有以下诉求：一、要求上级部门核查学校2026年在暑假开展比赛的行为，确认是否超出年度正规评比清单，要求对违规加码的行为要纠正和整改；二、今后规范区级各类教学竞赛、评比等安排，一律在学期内的工作日进行安排，严禁寒暑假安排青年教师备赛参赛评比；三、为有实际困难的老师开通缓赛，不用到现场，简化参赛通道，切实保障教师的合法休假权益。据其了解整个厦门市都这样，要求有关部门核实处理。,2026-07-05 22:59:41,厦门市,同安区,厦门市同安区教育局,形式主义为基层减负,层层加码/一刀切,为了应付上级检查/考核/指标而增加一线无谓负担,0.9,"['层层加码', '一刀切']",该条目涉及同安区教师进修学校在暑假期间强制全区青年教师参加教学比赛，占用教师法定的休假时间，违反教育部减负规定，属于层层加码/一刀切的形式主义问题。,建议调取学校2026年在暑假开展比赛的相关文件、会议记录、通知等材料，以及教师的休假安排记录，以核实是否存在违规加码行为。,该条目明确指出学校在暑假期间强制教师参加教学比赛，违反教育部减负规定，属于层层加码/一刀切的形式主义问题。,qwen2.5vl:7b,full,HIGH,[],2026-08-10 03:55:29.832684
FJ26070520112,龙岩市12345对“差评复核时限”咨询欺上瞒下、公然对抗群众诉求，两次敷衍塞责，要求省政府记录、追责，并纳入绩效考评！,"针对龙岩市12345中心7月3日的二次回复，必须给予差评并提出严正批评！该回复依旧在玩弄文字游戏，避重就轻，对核心诉求采取故意隐瞒态度，已涉嫌行政不作为！

第一次我问的是“工单办结、群众给差评后，龙岩市12345平台自身要在多少工作日内决定是否二次流转回承办单位重办”，本质是平台内部差评复核的人工决断时限，你方却答成“对职能部门答复不满意建议重新提交诉求”，把“平台主动核责重流”和“群众对办理结果不满主动重报”两码事完全混为一谈，等于从根上没读懂问题；第二次更会玩话术，只丢一句“经核实确属承办单位责任的，系统将自动流转”，绝口不提“核实”二字本就来是平台要做的人工审核环节——这个人工审核要在几个工作日内完成，才是我问了一万遍的核心，你方拿“系统自动”四个字当挡箭牌，意思是我问的“平台几天内做决断”这个问题，你方要么答不出，要么不敢答？《福建省12345政务服务便民热线管理办法》里对差评复核的时限白纸黑字有规定，你方作为平台经办人答不出是业务失职，答得出故意不说就是欺瞒群众，两者都是板上钉钉的不作为！更何况本人原诉求——第一第二次投诉、咨询都明确备注了“需要电话答复”，而收到的两次答复都是冷冰冰的模板文字，连一个电话的功夫都不肯花，嘴上挂着便民服务平台，做的却是把群众诉求当皮球踢的事，这哪是简单的业务不熟，分明是对群众合理要求的傲慢无视！12345窗口是群众感知政府作风的第一道门，连这么直白的咨询都要绕三圈糊弄，经办人这种连诉求都懒得逐字读的作风，是怎么进的政务服务队伍？

当下全面从严治党、反腐坚持无禁区、全覆盖、零容忍，二十届中央纪委三次、四次全会连续把政务服务窗口形式主义官僚主义列为监督执纪重点领域，明确要求12345等直面群众的渠道诉求办理情况要全流程可追溯、差评件必倒查！说白了就是管你们履职的制度笼子只会越扎越紧，盯你们作风的探头只会越来越多，你们现在连“差评复核时限”这种有明确规则的简单咨询都要绕三圈糊弄、连群众备注的电话答复要求都敢无视，那真遇到涉及老百姓切身利益、情况更复杂的疑难诉求，你们龙岩市12345还打算怎么瞒、怎么拖呢?

人在做，天在看。头顶三尺有神明，不畏党纪国法，也该存一丝敬畏良知。你方经办人员对待群众诉求这种推诿糊弄、阳奉阴违的行径、看似在钻制度的空子，实则是在耗损自身的福报与德行。天道昭昭，因果不虚，这般作风早晚必有清算之日！

现郑重要求你方立即指派专人（非一线敷衍坐席）。严格按党中央全心全意为人民服务的根本宗旨，致电群众说明情况，针对“差评复核时限”这一原始咨询出具附带规则出处的明确书面答复！请端正姿态，照章办事，不要再试图蒙混过关、一错再错！望你方好自为之！",2026-07-05 22:05:04,龙岩市,,"龙岩市12345中心
龙岩市12345中心",形式主义为基层减负,过度管控/盲目决策,为了应付上级检查/考核/指标而增加一线无谓负担,0.9,"['12345热线', '差评复核时限', '形式主义']",该条目投诉12345平台在处理群众诉求时存在形式主义，表现为对群众合理要求的傲慢无视，以及对简单咨询的绕三圈糊弄。投诉内容涉及平台内部差评复核的人工决断时限，平台在处理群众诉求时存在过度管控和盲目决策，未严格按照规定流程办理，增加了基层工作人员的负担。,建议调取12345平台的差评复核记录，查看是否存在故意隐瞒群众诉求的情况；同时，可以找相关工作人员谈话，了解平台在处理群众诉求时的具体流程和存在的问题。,投诉内容涉及平台在处理群众诉求时存在形式主义，表现为对群众合理要求的傲慢无视，以及对简单咨询的绕三圈糊弄，增加了基层工作人员的负担。,qwen2.5vl:7b,full,HIGH,[],2026-08-10 03:55:59.512779
SM26070520156,三明日报记者违规摊派增加基层负担,"三明日报搞“有偿新闻”违规摊派增加基层负担

1. 大搞“有偿新闻”。三明日报社记者杨家璋以“宣传报道”为名义，长期向基层单位、企业索取“合作费”“版面费”“赞助费”等费用，将新闻报道与有偿服务直接挂钩。其行为严重违反了《中国新闻工作者职业道德准则》《新闻出版署关于禁止有偿新闻的若干规定》。
2. 硬性摊派合作费。杨家璋记者每年都会硬性向乡镇、街道及基层单位摊派“新闻合作费""，要求签订宣传合作协议并缴纳1至3万元不等的“合作费用”，他个人可获取高达20％的回扣。据了解，目前永安的住建局、人社局、残联、档案局、景区管委会、上坪乡等20多个单位已被迫与他签订了合作协议，他每年从中可获利10多万元。
3. 恶意举报威胁。若我们不合作，杨家璋说与报社分管报纸的李顺亮主任是兄弟，可封杀我们的新闻稿，不让我们的正常工作宣传见报，同时以“舆论监督”“向上级反映问题”相威胁，将对我们单位进行“曝光”或“负面报道”。在利益的驱使下，杨家璋甚至经常蹲点在我们单位，拍摄职工迟到、早退等现象，以及领导办公室动态及来访人员情况，捏造或夸大事实进行恶意举报，严重干扰了我们的正常工作秩序，让我们苦不堪言。
4. 加重基层负担。在报社领导李顺亮的纵容下，杨家璋肆无忌惮，到处硬性摊派新闻合作费用，这对经费本就紧张的基层单位而言，无疑是一笔沉重的负担。不仅与中央“为基层减负”的精神严重相悖，也违反了中央八项规定及其实施细则精神。
针对上述情况，恳请有关部门对三明日报社的上述行为进行全面调查核实，并依法依规予以调查处理；同时督促三明日报社开展整改，建立健全新闻采编管理制度，坚决杜绝有偿新闻行为。",2026-07-05 12:47:29,三明市,,三明市融媒体中心,形式主义为基层减负,指尖形式主义,为了应付上级检查/考核/指标而增加一线无谓负担,0.9,"['有偿新闻', '基层负担', '新闻报道']",该条目描述了三明日报社记者杨家璋以有偿新闻的形式向基层单位摊派费用，增加了基层负担。这种行为违反了新闻工作者职业道德准则，属于指尖形式主义，增加了基层的无谓负担。,建议调取三明日报社的内部文件、杨家璋的新闻报道记录、与基层单位签订的合作协议等材料，以核实其有偿新闻行为和摊派费用的情况。,该条目描述了有偿新闻行为，增加了基层的无谓负担，属于指尖形式主义。,qwen2.5vl:7b,full,HIGH,[],2026-08-10 03:50:35.672376
FJ26070420146,福建省12345平台不到三月三换号，就是用“处理完毕”遮丑,"福建省12345平台不到三月三换号，就是用“处理完毕”遮丑

2026年3月14日22:33，再次收到1068423541212345。
不到三个月频繁换号，我问题没解决，你们就不断换号挡枪。
你们向来只用“处理完毕”三个字遮丑，却偷偷干着删地点、改内容、合并推诿的勾当。
向上一级机关说“已受理、已抄告、已合并”，实质是逃避责任、制造假流水。
就是不敢直面我没解决的事，更不敢删了内容再承认。
反而在后台不停换号、做假数据、隔离我。这种只盖章、不办事的做法，本身就是失职。别再装死，出来正面给个说法",2026-07-04 23:26:53,,,"福建省12345中心
福建省12345中心",形式主义为基层减负,台账留痕迎检,为了应付上级检查/考核/指标而增加一线无谓负担,0.9,"['台账留痕', '迎检', '弄虚作假']",该条目反映12345平台频繁换号，用“处理完毕”遮丑，实质是逃避责任、制造假流水，属于台账留痕迎检问题。核心根因是为应付上级检查而增加一线无谓负担。,建议调取12345平台的后台数据，查看换号记录、处理完毕记录等，以核实是否存在弄虚作假行为。,该条目反映12345平台频繁换号，用“处理完毕”遮丑，实质是逃避责任、制造假流水，属于台账留痕迎检问题。核心根因是为应付上级检查而增加一线无谓负担。,qwen2.5vl:7b,full,HIGH,[],2026-08-10 03:32:57.441144
ND26070420447,增坂村配电箱安全隐患无需停用、只需盖好——第三次也是最后的机会，请漳湾镇政府回归常识、上传一张“盖子盖好”的照片,"宁德市12345便民服务平台：

本件编号ND26050220382，系针对“增坂村户外配电箱漏电安全隐患”的第三次跟进。此前两次答复（5月19日、7月1日），漳湾镇政府的处理方向均偏离了市民的本意。此次可能是承办单位最后一次答复机会，请务必准确理解诉求实质，避免再次答非所问。

一、请正视诉求本意：不是要“停用”，是要“安全地用”

市民从未要求“停止使用”该充电设施。增坂村环卫垃圾车需要充电，这是客观刚需。市民反映的问题是：使用者用完电箱后，箱门大开、不关不锁，内部带电接线裸露，雨水溅入可致漏电，路人尤其是儿童可误触，安全隐患客观存在。

因此，市民的核心诉求始终简洁明了：

1. 每次充电结束后，必须把配电箱盖子盖好、关严；
2. 盖好后拍一张现场照片，通过12345平台上传反馈。

仅此而已。不需停用、不需迁移、不需花一分钱。镇政府两次答复——“已告知村居做好管理”“已责成暂停使用并设警示”——都没有抓到“盖盖子”这一核心动作，属于典型的“答非所问”。

二、“真听真改真闭环”与“答非所问”之间，只隔着一张照片

市民在首次诉求中曾引用石屏一中“吐槽墙”的故事——校领导每周现场办公，能解决的当场拍板、不能解决的拿出方案，真正做到了“件件有回音、事事有反馈”。反观本案：一个简单的“盖盖子”动作，历经两次办理仍未落实，整改前后对比照片更是一张未见。《宁德市12345便民服务平台监督管理办法》第十八条明确规定：“承办单位在办理和反馈诉求事项时，应及时对现场处理情况进行拍照（录像），通过平台附件功能上传”。该办法第二十六条还规定，对“办理质量差、敷衍应付、弄虚作假、答非所问的”应予以通报或问责。市民合理诉求被两次偏离，一张能证明“盖子已盖好”的照片迟迟未现，哪个环节掉了链子？

三、最终诉求：这是最后一次机会，请回归常识

这是该诉求第三次提交，按照12345平台规则，若仍无法完成“盖盖子”这一最基本动作，市民将不得不逐级向上反映。恳请漳湾镇政府：

1. 立即派人到现场，将配电箱盖子盖好、关严、上锁。 如原配电箱已无法正常关闭，请更换新箱体或加装明锁，确保带电部分不外露；
2. 拍一张“盖子已盖好”的清晰照片，通过平台上传反馈；
3. 如该电箱确实无法安全使用且无更换条件，请书面说明情况并提供替代充电方案。

“在其位、谋其政、尽其责”，群众要的不是把充电点一关了之，而是把“不盖盖子”的坏习惯纠正过来。石屏一中的“吐槽墙”之所以打动人心，在于管理者愿意“弯腰倾听、当场解决”。望镇政府以同样的态度，回应市民这一最基本的请求——把盖子盖上，把照片传来。就这么简单。",2026-07-04 23:13:38,宁德市,蕉城区,宁德市蕉城区漳湾镇人民政府,形式主义为基层减负,指尖形式主义,为了应付上级检查/考核/指标而增加一线无谓负担,0.9,"['指尖形式主义', '应付检查']",该条目反映了市民对于配电箱安全隐患的诉求，镇政府未能准确理解市民诉求，导致多次处理偏离市民本意。镇政府在处理过程中可能为了应付上级检查而要求上传照片，增加了基层负担。,建议调取漳湾镇政府在处理市民诉求时的相关文件，特别是关于上传照片的规定和要求，以及市民诉求处理的记录。,该条目反映了为了应付上级检查而要求上传照片，增加了基层负担。,qwen2.5vl:7b,full,HIGH,[],2026-08-10 03:33:22.601917
FZ26070422136,关于实名举报福建红十字刘丽琴部长政绩观错位、履职形式主义、违规干预考务工作、私自篡改考生报考信息的投诉,"本人蒋宏杰，系2026年福建省红十字师资分级考核培训班实名学员。现依规实名投诉福建红十字刘丽琴部长，在2026年度师资分级考核报名统筹工作中存在滥用管理职权、违规干预学员自主报考、私自篡改考生报名信息、唯数据履职、工作作风不实等违规问题。
 
本人郑重说明：本次投诉仅针对刘丽琴部长个人履职违规行为，完全认可省红十字会整体工作成效与培训体系，与单位及其他工作人员无关，仅诉求纠正个人违规履职、整改考务乱象。全部事实有2026年6月18日完整原始微信聊天记录作为实证，可随时核查。
 
具体违规事实如下：
 
一、滥用职权强制干预学员自主报考，侵犯考生合法权益
 
2026年6月18日，刘丽琴部长以工作统筹为由，要求本人凭借现有资历升级报考二级红十字师资。本人先后三次文字明确告知：因个人备考时间、精力不足，自愿放弃二级报考资格，仅报考三级师资考核，已清晰、完整表达个人自主报考意愿。
 
在本人多次明确书面拒绝后，刘丽琴部长仍以个人片面规定强制施压，同时要求多名符合资历的学员统一上调报考二级。在本人坚决拒绝后，其在无本人授权、无本人同意、无事前告知的情况下，利用后台最高管理权限，私自篡改我的报考等级与报考排序，擅自将三级报考变更为二级，操作完成后才通知本人自行撤回修改，经本人多次沟通后，其才恢复本人原有报考信息，严重侵犯学员自主报考权益。
 
二、履职唯数据、重政绩，搞形式主义、官僚主义履职
 
本次事件可证实，刘丽琴部长为拔高本次二级师资报考数据、完成个人工作指标，忽视二级、三级考核的难度差异、忽视学员备考实际情况与个人职业规划，采取“一刀切”管理方式，强制所有资历达标学员统一报考二级师资，批量干预、调整多名学员的自主报考选择。将个人工作数据指标置于学员实际需求之上，属于典型的形式主义、官僚主义履职问题。
 
三、违反考务工作纪律，私改考生信息、履职失职甩锅
 
按照正规考务管理规定，考生报考等级变更，必须由本人自愿申请、本人确认核验、留存审批台账，严禁工作人员私自后台篡改考生报名数据。
 
刘丽琴部长本次操作属于无授权、无申请、无确认、无流程、无台账的五无违规操作，其本人亦在聊天记录中自认私自后台调整考生信息，严重违反考务刚性纪律。且违规操作后，其未依规内部整改、留存情况说明，反而将自身履职过错转嫁学员，要求考生自行撤回补救，履职不负责任、纪律意识缺失。
 
四、工作作风生硬失范，扰乱考务秩序、损害系统公信力
 
刘丽琴部长作为本次师资考核统筹分管负责人，本应依规公正统筹考务工作，维护考核公平公正。但其履职方式简单粗暴、用权随意，批量强制改报、私自篡改考生信息的行为，已在全省参训学员中造成不良影响，破坏了省级红十字师资考核工作的严肃性与公正性，损害红十字系统政务服务公信力。
 
投诉诉求
 
1. 依规核查刘丽琴部长本次违规用权、干预考务、私改考生信息的履职问题；
​
2. 纠正本次考务违规乱象，严肃整改岗位工作作风；
​
3. 完善省级红十字师资考核报考管理、后台权限使用、信息变更审批制度；

特别声明：本案事实均有完整原始聊天记录佐证，证据详实可查。请承办部门依据现有材料依规闭环核查，无需以电话、约谈、私信等方式联系本人。所有处置及整改结果，仅通过本次投诉官方平台或正式书面公函反馈。",2026-07-04 18:51:29,福州市,鼓楼区,福建省红十字会,形式主义为基层减负,履职形式主义,为了应付上级检查/考核/指标而增加一线无谓负担,0.9,"['履职形式主义', '考务管理']",该投诉内容涉及红十字会刘丽琴部长在师资考核报名统筹工作中存在履职形式主义，如强制干预学员自主报考、唯数据履职等。投诉内容表明为了完成上级考核指标，刘丽琴部长采取了形式主义的管理方式，增加了基层负担。,建议调取2026年6月18日的完整原始微信聊天记录，以核实刘丽琴部长的违规行为。,投诉内容涉及红十字会刘丽琴部长在师资考核报名统筹工作中存在履职形式主义，且有明确证据支持，符合核心判断逻辑。,qwen2.5vl:7b,full,HIGH,[],2026-08-10 03:37:39.562060
XM26070420445,"【投诉建议】厦门房票系统升级取消户籍证明，却不锁""一套房一年仅限用于一次房票受让35㎡证明""，致同一套房被中介反复倒卖给多户拆迁户洗房票，要求立即补设系统房源锁控！","房票中心2026年7月3日公告，将房票转让所需户籍证明改为镇街开35㎡证明，但系统未设置""同一套商品房（以不动产权证号为标识）12个月内仅限被某一拆迁受让人使用一次，用以满足房票受让人均≥35㎡核验""的硬性锁死。

现实风险：中介可安排同一套房先后""转让""给不同拆迁户充当35㎡凭证，一套房被N次流转、""洗""N张房票，形成房票↔二手房闭环倒卖灰色产业链。房票中心掌握全市房票及不动产数据，升级本该加此风控，却只删门槛不建锁控，把责任推镇街、把漏洞留市场，属典型懒政甩锅。

诉求：

暂缓实施或同步在房票系统加设""一房（权证号）→12个月内仅限用于一次房票受让35㎡核验""的后台强制锁定，镇街证明仅作形式附件；

未上线该锁控前，保留原公安户籍证明要求；

5个工作日内书面答复整改计划，若强行推行致房票违规套利蔓延，要求追究主管部门监管失职责任！",2026-07-04 09:45:22,厦门市,思明区,"厦门市自然资源和规划局
厦门市住房和建设局",形式主义为基层减负,台账留痕迎检,为了应付上级检查/考核/指标而增加一线无谓负担,0.9,"['台账留痕', '迎检', '形式主义']",该条目反映的是房票系统升级后，系统未设置必要的风控措施，导致同一套房被中介反复倒卖，形成灰色产业链。这反映了为了应付上级检查/考核/指标而增加一线无谓负担的问题，即通过系统升级来应对监管，但实际操作中存在漏洞。,建议调取房票系统的相关操作记录、系统升级的详细方案、以及相关部门的会议记录和文件，以核实是否存在为了应付上级检查而增加基层负担的情况。,该条目反映了为了应付上级检查/考核/指标而增加一线无谓负担的问题，即通过系统升级来应对监管，但实际操作中存在漏洞。,qwen2.5vl:7b,full,HIGH,[],2026-08-10 03:48:06.230549
FJ26070420017,投诉对象：厦门市12345便民服务平台（接话员工号2305）、厦门市信访局局长刘金柱、厦门市政务服务管理局,"本人于2026年7月4日上午拨打厦门市12345政务热线，接话员工号2305以“内部理由”为由，拒绝受理本人合法诉求、拒绝下发诉求短信、拒绝启动办理流程，直接剥夺本人通过政务热线反映问题的基本权利，属于典型的故意刁难群众、拒不履职、政务服务梗阻。
 
结合此前厦门市12345平台多次敷衍回复、厦门市司法局捏造“电话解答”事实、市金融办监管失职等一系列问题，厦门本地政务服务已系统性沦为“拒绝受理、虚假回复、推诿扯皮”的空转程序，严重侵害群众知情权与合法权益，厦门市信访局局长刘金柱对下属平台长期存在的违法违规行为监管缺位，纵容形式主义、官僚主义泛滥。
 
督办请求：
 
1. 恳请国务院大督查办公室直接提级督办，彻查厦门市12345平台工号2305拒绝受理诉求、故意刁难群众的违规行为，责令其就剥夺群众诉求权向本人公开道歉，并立即补开本人诉求件。
​
2. 对工号2305及厦门市12345平台分管领导、厦门市信访局局长刘金柱严肃问责，追究其拒不履职、监管失职的责任，将处理结果向社会公开。
​
3. 全面彻查厦门市政务服务领域“拒绝受理、虚假回复、推诿扯皮”的系统性问题，要求厦门市政府出台整改措施，彻底打通群众诉求通道，维护政务服务公信力。",2026-07-04 09:19:51,厦门市,思明区,"厦门市12345中心
厦门市12345中心",形式主义为基层减负,指尖形式主义,为了应付上级检查/考核/指标而增加一线无谓负担,0.9,"['政务服务', '形式主义', '官僚主义']",该条目反映了厦门市12345平台在处理群众诉求时存在敷衍回复、推诿扯皮等问题，属于形式主义为基层增加负担的表现。关键现象是平台工作人员拒绝受理群众诉求，导致群众权利受损。,建议调取厦门市12345平台的工单记录、相关工作人员的工作记录、以及群众的投诉记录，以核实是否存在形式主义和官僚主义问题。,该条目反映了政务服务领域存在形式主义和官僚主义问题，导致群众诉求无法得到有效处理。,qwen2.5vl:7b,full,HIGH,[],2026-08-10 03:48:51.656720
FJ26070320205,举报福州市鼓楼区政府刘用全负责人信访数据造假、督办空转、堵截网上信访、失职渎职,"事件地点：数据造假罪加一等！福建省福州市鼓楼区政府（鼓楼区政府请收敛）知法犯法长期对我投诉件删除修改？


实名投诉：鼓楼区委书记刘用全纵容造假堵截信访通道
鼓楼区信访配合造假堵截，督办空转。恳请中纪委严查刘用全失管纵容造假，彻查堵截黑幕并严肃问责。

国信平台异常波及鼓楼区，暴露属地监管失控。
4月24日18:00至25日8:00公告维护。25日22:07我点开平台，仍显示24日旧公告，通道锁死。
26日8点后投递，至17:03仍显24日公告，服务未开。
更奇葩的是，维护未到18:00平台提前发布维护公告，公然造假。

4月25日晚至26日17:03，公告不撤、通道锁死、提前造假，行为恶劣、固定异常。
到今天26日17:03打开依然是周五公告，天大笑话，腐败公开叫板吗？

非技术故障，实为后台手动操作、内鬼上阵，蓄意阻断群众信访权利。
鼓楼区作为属地，刘用全身为第一责任人，对此恶性造假、通道堵截视而不见，监管严重失责，基层信访沦为摆设，损害政府公信力。",2026-07-03 22:08:05,福州市,鼓楼区,"鼓楼区12345中心
鼓楼区12345中心",形式主义为基层减负,评比创建证明借调,为了应付上级检查/考核/指标而增加一线无谓负担,0.9,"['数据造假', '信访通道堵截', '失职渎职']",该条目主要反映的是鼓楼区政府在信访数据造假、督办空转、堵截网上信访、失职渎职等问题，涉及为了应付上级检查/考核/指标而增加一线无谓负担的情况。诉求者反映的问题是关于信访数据造假和信访通道堵截的问题，这些行为可能为了应付上级检查而增加了基层的负担。,建议调取鼓楼区政府的信访数据记录、相关会议记录、上级检查考核记录等材料，以及与鼓楼区委书记刘用全的谈话记录，以核实是否存在数据造假和信访通道堵截的问题。,该条目主要反映的是鼓楼区政府在信访数据造假、督办空转、堵截网上信访、失职渎职等问题，涉及为了应付上级检查/考核/指标而增加一线无谓负担的情况。,qwen2.5vl:7b,full,HIGH,[],2026-08-10 03:15:38.494751
FZ26070323622,黎明实验小学安排专人教师暑假值班值守,近日 教育部印发《关于做好2026年中小学、幼儿园暑期安全工作的通知》杜绝层层加码、过度摊派责任原则上不安排专任教师值班值守不得要求教师参加非教育教学培训 不得要求教师承担巡河林、上街执勤、创城庆典、汇演展览等非教育教学任务，而黎明实验小学安排专人教师暑假值班值守，已经安排行政人员值班，还安排一线教师必须每个人值班，不给一分钱加班费,2026-07-03 20:57:23,福州市,鼓楼区,福州市鼓楼区教育局,形式主义为基层减负,层层加码/一刀切,为了应付上级检查/考核/指标而增加一线无谓负担,0.9,"['层层加码', '过度摊派责任']",该投诉反映黎明实验小学安排专人教师暑假值班值守，违反了教育部关于不安排专任教师值班值守的规定，属于层层加码、过度摊派责任，增加了教师的负担。,建议调取教育部关于暑假值班值守的通知文件，以及学校值班安排的文件，了解具体执行情况。,投诉内容反映学校违反上级规定，安排教师值班值守，增加了教师的负担，属于层层加码、过度摊派责任。,qwen2.5vl:7b,full,HIGH,[],2026-08-10 03:16:45.846097
FZ26070323191,关于福清实验小学强制教师假期完成录课、精品教案评比任务、占用教师暑期法定休假的投诉,"尊敬的教育局领导
实验小学教师平日承担满负荷教学、班级管理、教研、家校沟通等多项工作，学期内长期处于高压工作状态。暑假属于法定休息时段，现阶段学校统一强制布置多项硬性任务，要求全体教师假期录制课程、撰写精品教案、完成教学反思，且所有成果开学统一评比考核，无弹性调整空间。
该安排完全占用教师休整时间，持续叠加工作任务，大幅加重身心负担，侵害教师正常休假权益，也不利于教师调整状态迎接新学期教学工作。
恳请校方优化暑期工作安排，精简强制性评比类任务，落实教师假期减负，保障教师合法休息权益。",2026-07-03 18:38:44,福州市,福清市,福清市教育局,形式主义为基层减负,评比创建证明借调,为了应付上级检查/考核/指标而增加一线无谓负担,0.9,['评比创建证明借调'],该条目反映的是福清实验小学强制教师假期完成录课、精品教案评比任务，占用教师暑期法定休假的情况。这属于为了应付上级检查/考核/指标而增加一线无谓负担，属于评比创建证明借调的范畴。,建议调取学校关于教师假期任务安排的文件、会议记录、教师工作日志等材料，以及上级教育部门关于教师假期任务的考核文件。,投诉内容主要集中在为了应付上级检查/考核/指标而增加一线无谓负担，属于评比创建证明借调的范畴。,qwen2.5vl:7b,full,HIGH,[],2026-08-10 03:28:09.048874
PT26070321038,关于校长让老师参加课外活动和培训的问题,市民反映：城厢区凤凰山街道筱塘小学新来的校长让老师参加课外活动和培训占用老师休息时间，给老师造成压力，违反教育部规定，存在形式主义，希望部门核实协调给老师减负，给老师假期休息。,2026-07-03 16:46:17,莆田市,城厢区,城厢区教育局,形式主义为基层减负,过度管控/盲目决策,为了应付上级检查/考核/指标而增加一线无谓负担,0.9,"['教师负担', '课外活动', '培训']",该条目反映新来的校长让老师参加课外活动和培训占用老师休息时间，违反教育部规定，存在形式主义，给老师造成压力。这属于过度管控/盲目决策，为了应付上级检查/考核/指标而增加一线无谓负担。,建议调取学校相关会议记录、培训安排表、教师休息时间安排表等材料，找校长和相关教师谈话，了解具体实施情况。,该条目反映新来的校长让老师参加课外活动和培训占用老师休息时间，违反教育部规定，属于过度管控/盲目决策，为了应付上级检查/考核/指标而增加一线无谓负担。,qwen2.5vl:7b,full,HIGH,[],2026-08-10 03:31:00.313900
ZZ26070320646,投诉：举报小溪镇政府履职不力 ，申请纠正派单错误，申请提级处理,"本人两次通过12345反映小溪镇柚茶公园环境卫生失管问题（工单号编号：（ZZ26062420055，ZZ26062921097）均由小溪镇政府办理，始终未实质整改，本人两次评价均为不满意。

现举报小溪镇政府属地管护履职不到位、诉求办理敷衍整改。但本举报工单仍被派回被举报单位小溪镇政府自行核查办理，形成“被举报者自己查自己”的违规闭环，违反行政办理回避原则，程序严重不当。

申请：立即纠正派单错误，将本举报事项提级至平和县城管部门或县政府督查室办理，不得再转回小溪镇政府自行处置。",2026-07-03 15:06:15,漳州市,平和县,"平和县12345中心
平和县12345中心",形式主义为基层减负,评比创建/证明/借调,为了应付上级检查/考核/指标而增加一线无谓负担,0.9,"['评比创建', '证明', '借调']",该条目涉及小溪镇政府在处理环境卫生问题时，形成“被举报者自己查自己”的违规闭环，违反行政办理回避原则，程序严重不当。这表明为了应付上级检查或考核，导致基层负担增加，存在形式主义问题。,建议调取小溪镇政府处理环境卫生问题的工单记录，了解具体处理过程和相关决策文件，以核实是否存在形式主义问题。,举报内容涉及基层在处理问题时形成闭环，违反行政办理回避原则，表明为了应付上级检查而增加了基层负担。,qwen2.5vl:7b,full,HIGH,[],2026-08-10 03:07:24.652099
XM26070321811,有关浦园社区小公园脏乱差的问题，第三次投诉！,"1、2026年5月12日曾通过公众号反映“关于浦园社区小公园整改”（登记号：XM26051220940）
2、2026年5月23日再次来电反映：其不满意XM26051220940金海街道办事处的答复（登记号：XM26052321674）
3、2026年6月6日回复评价不满意其处理方式
4、现再次投诉相关部门虚假整改、形式主义应付、屡教不改、履职不作为的问题！（不要只做表面工作！派几个人拍照打卡就是把事情做好了吗？形式主义有什么用？公园时至今日地面还是散落着垃圾、杂物，无人清理；绿植还是无人修剪，杂草丛生)这么简单的诉求还要这样一而再再而三的投诉，对相关部门真的是很寒心",2026-07-03 14:40:44,厦门市,翔安区,厦门市翔安区人民政府金海街道办事处,形式主义为基层减负,台账留痕迎检,为了应付上级检查/考核/指标而增加一线无谓负担,0.9,"['台账留痕', '形式主义', '应付检查']",该条目反映的是浦园社区小公园整改过程中，相关部门存在虚假整改、形式主义应付的问题。举报人认为，相关部门只是派几个人拍照打卡，而没有真正解决问题。这表明相关部门为了应付上级检查而增加了基层工作人员的负担。,建议调取相关部门的整改台账、照片打卡记录、上级检查记录等材料，以核实是否存在虚假整改、形式主义应付的情况。,该条目反映的是基层工作人员为了应付上级检查而增加负担的情况，符合形式主义为基层增加负担的定义。,qwen2.5vl:7b,full,HIGH,[],2026-08-10 03:08:44.892724
XM26070321668,要求基层台湾同胞上交护照及通行证,"强制要求台湾基层员工上交护照及通行证，造成员工生活极大不便利，破坏员工对大陆认同感
望相关机构执行要求要综合考量情况，拒绝一刀切",2026-07-03 13:48:50,厦门市,湖里区,"厦门市12345中心
厦门市12345中心",形式主义为基层减负,层层加码/一刀切,为了应付上级检查/考核/指标而增加一线无谓负担,0.9,"['劳动环境', '强制要求', '一刀切']",该条目反映的是基层台湾同胞被强制要求上交护照及通行证的情况，这可能与上级部门的过度管控有关，导致基层员工生活不便。关键现象是强制要求和一刀切，因果链条是上级部门的过度管控导致基层员工生活不便。,建议调取上级部门关于强制要求基层员工上交护照及通行证的相关文件，以及基层员工的访谈记录，以核实是否存在过度管控的情况。,该条目反映的是基层台湾同胞被强制要求上交护照及通行证的情况，这可能与上级部门的过度管控有关，导致基层员工生活不便。,qwen2.5vl:7b,full,HIGH,[],2026-08-10 03:09:53.562392
FJ26070320045,晋江市就业居住户口迁移线上申报因系统技术故障不予审核，强制要求异地群众线下跑腿，违背便民办事政策,"本人于 2026 年 06 月 18 日 17:14:47 线上申报【就业居住户口迁移审批】，申报单号fjtyCF007665260618000001，
本次线上申报完整上传全部合规落户材料，系统成功收件，最终审批结果显示不予许可，办结意见仅标注 “材料无法审核，线下办理”。后续派出所电话告知不予线上受理真实原因为政务网站存在技术故障，工作人员后台无法查看我上传的申报材料，无其他政策、材料不合规理由，单方面强制要求本人前往晋江线下窗口现场办理。
本人就职于福建企业，分公司在四川，工作原因现长期定居四川省，距离晋江路途遥远，往返交通、住宿综合成本预估 5000 元以上，异地来回耗费大量时间与经济成本。福建省政务平台已公开上线 “就业居住户口迁移审批” 线上办理功能，意味着政策允许群众全程网办，平台本应提供稳定可靠的线上审核服务；现因政务系统技术缺陷不做修复，直接一刀切驳回线上申请、强制异地群众线下跑腿，严重违背 “互联网 + 政务服务” 便民利企、减少群众跑动的工作要求，属于政务服务不作为、便民举措流于形式。
本人诉求：
立即排查、修复该政务申报平台技术故障，保障线上申报材料正常读取、后台可审核，完善网办系统功能，真正落实全程网办；
对本人本次单号 fjtyCF007665260618000001 的户口迁移申报重新线上审核，无需本人专程赴晋江线下提交材料，全程线上办结就业居住户口迁移审批；
书面反馈本次线上申报被驳回的核查整改结果，明确系统故障修复完成时限，杜绝后续异地办事群众再遭遇同类强制线下跑腿问题。",2026-07-03 09:01:01,泉州市,晋江市,晋江市公安局,形式主义为基层减负,指尖形式主义,为了应付上级检查/考核/指标而增加一线无谓负担,0.9,"['指尖形式主义', '系统技术故障', '便民办事政策']",该条目描述了由于政务系统技术故障导致异地群众需要线下跑腿的情况，反映了基层在处理线上事务时遇到的技术问题。虽然不是直接形式主义，但反映了基层在处理线上事务时遇到的困难，间接增加了基层的工作负担。,建议调取政务系统的技术故障记录、工作人员的工作记录以及相关会议文件，以核实系统故障的具体情况和基层工作人员的工作压力。,该条目反映了基层在处理线上事务时遇到的技术问题，间接增加了基层的工作负担，符合指尖形式主义的定义。,qwen2.5vl:7b,full,HIGH,[],2026-08-10 03:24:57.008564
FJ26070220109,举报福州市鼓楼区政府刘用全负责人信访数据造假、督办空转、堵截网上信访、失职渎职,"事件地点：数据造假罪加一等！福建省福州市鼓楼区政府（鼓楼区政府请收敛）知法犯法长期对我投诉件删除修改？


实名投诉：鼓楼区委书记刘用全纵容造假堵截信访通道
鼓楼区信访配合造假堵截，督办空转。恳请中纪委严查刘用全失管纵容造假，彻查堵截黑幕并严肃问责。

国信平台异常波及鼓楼区，暴露属地监管失控。
4月24日18:00至25日8:00公告维护。25日22:07我点开平台，仍显示24日旧公告，通道锁死。
26日8点后投递，至17:03仍显24日公告，服务未开。
更奇葩的是，维护未到18:00平台提前发布维护公告，公然造假。

4月25日晚至26日17:03，公告不撤、通道锁死、提前造假，行为恶劣、固定异常。
到今天26日17:03打开依然是周五公告，天大笑话，腐败公开叫板吗？

非技术故障，实为后台手动操作、内鬼上阵，蓄意阻断群众信访权利。
鼓楼区作为属地，刘用全身为第一责任人，对此恶性造假、通道堵截视而不见，监管严重失责，基层信访沦为摆设，损害政府公信力。",2026-07-02 13:29:00,福州市,鼓楼区,"鼓楼区12345中心
鼓楼区12345中心",形式主义为基层减负,指尖形式主义,为了应付上级检查/考核/指标而增加一线无谓负担,0.9,"['信访数据造假', '信访通道堵截']",该投诉涉及信访数据造假和信访通道堵截，反映了基层信访工作被人为干预，增加了基层干部的负担。投诉内容显示，信访数据被修改，信访通道被人为封锁，这可能是为了应付上级检查或考核而采取的措施，增加了基层干部的负担。,建议调取信访平台的后台操作记录，了解数据修改的具体情况；访谈信访工作人员，了解信访通道被封锁的具体情况。,投诉内容涉及信访数据造假和信访通道被人为封锁，反映了基层信访工作被人为干预，增加了基层干部的负担。,qwen2.5vl:7b,full,HIGH,[],2026-08-10 02:58:21.048365
FZ26070220266,【严重不满】连江县教育局无视市级督办，连续两次“复制粘贴”敷衍回复，涉嫌形式主义与行政不作为,"福州市 12345 平台：
本人对工单 FZ26061721014 的办理结果表示极度不满，并正式提出效能申诉。连江县教育局的行为已严重违反《福州市 12345 政务服务便民热线管理办法》中关于“认真履职、不得敷衍塞责”的规定：

1.机械式回复，视督办为儿戏： 在我第二次明确提出“出具红头文件”、“排查档案泄露源头”等新诉求后，承办部门连标点符号都不改，直接复制粘贴第一次的旧回复。这种“万能模板”证明其根本未开展任何实质性调查，纯属为了凑办结率而欺骗上级平台。

2.答非所问，回避核心矛盾： 我反复强调“单人私密照”系学校档案管理不善流出，对方却反复用“集体合照已删除”来搪塞，对核心疑点（谁拍的？谁存的？谁传的？）避而不谈，属于典型的避重就轻、推诿扯皮。

3.强行结案，程序违规： 在群众明确表示“未解决”且诉求未落实的情况下，承办部门利用系统规则强行标记“办结”，这是典型的虚假办结。

我的诉求：
请福州市 12345 平台履行监督职责，驳回该不合格办理结果，将此件认定为“效能低下”案例。责令连江县教育局撤回此前的敷衍回复，针对我提出的“红头文件”和“档案溯源”诉求，重新撰写具有实质内容的调查报告，并由福州市教育局直接审核后再行答复。",2026-07-02 08:16:48,福州市,连江县,"连江县12345中心
连江县12345中心",形式主义为基层减负,台账留痕迎检,为了应付上级检查/考核/指标而增加一线无谓负担,0.9,"['校风校纪', '台账留痕迎检']",该条目反映的是连江县教育局在处理群众诉求时，机械式回复、答非所问、强行结案等问题，核心问题是教育局为了应付上级检查/考核/指标而增加一线无谓负担，通过机械式回复、答非所问、强行结案等方式来应付上级检查，增加了基层负担。,建议调取连江县教育局的台账记录、机械式回复的模板、答非所问的记录、强行结案的记录，以及相关投诉记录。,核心判断依据：该条目涉及为了应付上级检查/考核/指标而增加一线无谓负担的问题，通过机械式回复、答非所问、强行结案等方式来应付上级检查，增加了基层负担。,qwen2.5vl:7b,full,HIGH,[],2026-08-10 02:47:39.022007
FZ26070220250,【严正申诉】连江县教育局无视市级督办，连续两次完全复制粘贴回复，涉嫌严重形式主义、欺骗上级,"福州市12345中心：
本人对工单 FZ26061721014 的办理结果表示极度不满，并申请提级重办。理由如下：

恶意敷衍，机械复制： 在我第二次明确提出新诉求（要求出具红头文件、要求全校排查、质疑档案泄露源头）后，连江县教育局连标点符号都不改，完全复制粘贴第一次的回复内容。这种“万能回复”证明其根本未开展任何实质性调查，纯属应付了事，视群众诉求为儿戏。

避重就轻，逻辑不通： 我反复强调“单人私密照”是从学校档案流出，对方却反复用“集体合照已删除”来搪塞，对我提出的核心疑点（谁拍的？谁存的？谁传的？）只字不提，答非所问。

对抗督办，虚假办结： 面对市级加急督办，承办部门不仅不解决问题，反而通过机械复制回复来强行结案，这是典型的形式主义官僚主义作风。

我的诉求：
请福州市12345平台驳回该办理结果，认定其为“不合格工单”。责令连江县教育局撤回此前的敷衍回复，针对我提出的“红头文件”和“档案溯源”诉求，重新撰写具有实质内容的调查报告，并由福州市教育局直接审核后再行答复。",2026-07-02 08:11:56,福州市,,"连江县12345中心
连江县12345中心",形式主义为基层减负,评比创建/证明/借调,为了应付上级检查/考核/指标而增加一线无谓负担,0.9,"['评比创建', '证明', '借调']",该条目反映连江县教育局在处理群众诉求时，存在恶意敷衍、机械复制粘贴回复的情况，属于为了应付上级检查而增加一线无谓负担的表现。,建议调取连江县教育局的回复记录、相关会议文件、上级督办文件等材料，以核实是否存在形式主义行为。,投诉内容涉及教育局在处理群众诉求时敷衍应付，属于为了应付上级检查而增加一线无谓负担的表现。,qwen2.5vl:7b,full,HIGH,[],2026-08-10 02:47:44.187225
FZ26070123582,申请提级督办——仓山区兴洲三圣宫路段摊贩在行道树私拉乱挂彩灯灯笼及乱接电线，前期虚假整改要求彻底拆除并处罚,"本人此前已通过12345反映仓山区建新镇福州道教兴洲三圣宫周边路段存在摊贩在树木、桥墩私拉彩灯及占道经营问题，承办单位回复""已处理完毕""。但该路段至今仍有摊贩擅自将红黄蓝绿各色LED灯串、塑料灯笼密集捆绑缠绕在行道树树干及枝干上，部分树木还被钉挂或拴系灯带固定点；同时沿树根私拉220V电源线、插排裸露搭接，电线胡乱盘绕人行道。树木被灯带勒紧压迫皮层，长期将阻碍养分输送、损伤绿化，且裸露接线存在严重漏电火灾隐患。桥墩彩灯带仍未清除！
根据《福建省城市园林绿化管理条例》第二十二条及《福州市园林绿化管理条例》第二十七条，禁止利用树木搭棚、架设线路、在树木上打钉拴绳或悬挂物品，损害城市园林绿化行为应责令整改并处罚。

对前期办结的异议！
承办单位此前回复已“责令整改、已办结”，但至今仍旧未见任何实质性清理或处罚动作，属于典型的纸面整改、虚假办结，与事实严重不符，严重损害政府公信力。
1. 请福州市/仓山区园林绿化主管部门联合城市管理局立即派员到现场，强制拆除所有缠绕捆绑在行道树上的彩灯、灯笼、绑扎线及私拉电线，恢复绿化原貌；
2. 对违规占道私拉线路、损害绿化的摊贩依法予以警告或处罚，责令自行拆除剩余违规设施；
3. 因前期存在虚假回复，申请市12345平台提级督办/不满意重办，要求承办单位实地拍照取证后书面反馈，不接受模板化“已劝导”式敷衍答复。",2026-07-01 20:37:21,福州市,仓山区,福州市仓山区建新镇人民政府,形式主义为基层减负,台账留痕迎检,为了应付上级检查/考核/指标而增加一线无谓负担,0.9,"['投诉', '虚假整改', '虚假办结']",该条目反映承办单位对前期办结的虚假整改问题未采取实质性行动，存在虚假办结现象，属于为了应付上级检查/考核/指标而增加一线无谓负担。,建议调取承办单位的整改记录、现场照片、执法记录等材料，以核实是否存在虚假办结现象。,该条目反映承办单位对前期办结的虚假整改问题未采取实质性行动，存在虚假办结现象，属于为了应付上级检查/考核/指标而增加一线无谓负担。,qwen2.5vl:7b,full,HIGH,[],2026-08-10 02:15:12.200139
FZ26070123455,长乐区湖南镇人民政府工作不作为，搞形式主义，敷衍上级部门,本人长乐区湖南镇大鹤村民刘嫩俤，2026年7月1日，湖南镇人民政府林文敏镇长，大鹤村委会主任书记刘强，包村干部陈礼明，电话约我住处谈话，时间特意定在晚上六点多钟，以彰显其工作废寝忘食，认真负责态度。到我住处，没有谈任何实质性事情，拍了几张几位领导和我的照片视频后就走了。这种只拍照留痕应付上级，没有实质性解决群众问题，存在形式主义，履职不作为。请求有关部门处理！,2026-07-01 19:51:55,福州市,长乐区,"长乐区12345中心
长乐区12345中心",形式主义为基层减负,会议文件泛滥/层层陪会,为了应付上级检查/考核/指标而增加一线无谓负担,0.9,"['村务公开', '形式主义', '履职不作为']",该条目反映的是政府工作人员在工作时间安排上存在形式主义，通过拍照留痕来应付上级检查，而没有实质性解决问题。关键现象是领导层为了应付上级检查而安排了不必要的会面和拍照留痕，导致基层干部的工作负担增加。,建议调取领导层与基层干部的会面记录、拍照留痕的视频和照片等材料，了解具体操作过程。,该条目反映了领导层为了应付上级检查而安排了不必要的会面和拍照留痕，导致基层干部的工作负担增加。,qwen2.5vl:7b,full,HIGH,[],2026-08-10 02:23:17.434125
NP26070120237,投诉：延平区水南街道合坑社区低保户问题,"本人本次为2026年全新举报工单（工单编号260629601），反映他人要 按《福建省最低生活保障工作规范》第三章第八条：""有法定赡养人的和家庭有劳动能力不就业不予纳入低保。不能把赡养压力转嫁给政府低低申请低保问题。承办单位未安排工作人员核查被举报人申请条件，未核对被举人在家躺平好吃，懒惰。，直接复制2025年历史工单（250720120）回复内容敷衍结案，无本次核查记录、无针对性处置方案，属于典型虚假办结、形式主义办件，实际问题完全没有解决。现评价不满意，- 立即撤回260629601号工单办结状态（当前评价：不满意）按《信访工作条例》第三十九条启动复查程序",2026-07-01 10:58:43,南平市,延平区,"南平市12345中心
南平市12345中心",形式主义为基层减负,台账留痕迎检,为了应付上级检查/考核/指标而增加一线无谓负担,0.9,"['最低生活保障', '虚假办结', '形式主义办件']",该条目反映的是基层在处理低保申请时存在虚假办结、形式主义办件的情况，属于为了应付上级检查/考核/指标而增加一线无谓负担。,建议调取相关工单的核查记录、处置方案和回复内容，以及是否有针对性的核查和处置记录。,该条目涉及基层在处理低保申请时存在虚假办结、形式主义办件的情况，符合为了应付上级检查/考核/指标而增加一线无谓负担的核心判断逻辑。,qwen2.5vl:7b,full,HIGH,[],2026-08-10 02:32:13.701733
FJ26063020227,投诉福州市12345及分管处级干部陈文抱团敷衍、漠视督办乱象,"投诉福州市12345及分管处级干部陈文抱团敷衍、漠视督办乱象

置顶警告！陈文也是敏感词，不然把你经办书写进去你看如何？


事件地点：福建省福州市12345市长热线平台
打卡福州市12345“虚假政绩风景区”！滤镜里是“为民服务”假象，实景是删诉求、瞒问题的猫腻现场！

本人向福建省12345实名投诉福州市12345热线，及分管领导、福州市城管委二级调研员（处级）陈文，上下勾结、抱团履职失责，漠视国、市级重点督办，严重侵害群众权益。本人核心医社保、拆迁诉求，获2019年国信重点跟踪督办、市长督办一年多，却被福州市12345敷衍漠视。

陈文身为处级分管领导，监管缺位、纵容包庇，放任热线机械登记、模板回复，接而不办、以“已办结”敷衍塞责；手下工作人员跟风应付，全流程无监管、无落实，上下一心推诿扯皮，把便民热线办成“堵心路”，让上级督办成空话。如此一家人抱团乱作为，既加重群众维权负担，更严重损毁政务公信！

恳请省级平台彻查严办，追责陈文及相关人员，督促整改落地，兑现群众合法权益，本人愿提供佐证并担责",2026-06-30 22:29:08,福州市,,"福州市12345中心
福州市12345中心",指尖形式主义,强制打卡/积分排名/在线时长/上传照片视频轨迹,为了应付上级检查/考核/指标而增加一线无谓负担,0.9,"['福州市12345热线', '虚假政绩', '敷衍塞责']",该条目反映的是福州市12345热线及其分管领导陈文在处理群众诉求时存在敷衍塞责、漠视督办的现象，存在为了应付上级检查/考核/指标而增加一线无谓负担的情况。关键现象是热线机械登记、模板回复，接而不办、以“已办结”敷衍塞责，导致群众权益受损。因果链条是上级检查/考核/指标的压力导致基层工作人员应付了事。,建议调取福州市12345热线的记录、陈文的履职记录、群众的诉求记录等材料，找相关工作人员谈话，了解具体操作流程和原因。,该条目反映了为了应付上级检查/考核/指标而增加一线无谓负担的情况，具体表现为基层工作人员机械登记、模板回复，接而不办、以“已办结”敷衍塞责，导致群众权益受损。,qwen2.5vl:7b,full,HIGH,[],2026-08-10 01:56:54.585146
FJ26063020210,举报福州市鼓楼区政府刘用全负责人信访数据造假、督办空转、堵截网上信访、失职渎职,"事件地点：数据造假罪加一等！福建省福州市鼓楼区政府（鼓楼区政府请收敛）知法犯法长期对我投诉件删除修改？


实名投诉：鼓楼区委书记刘用全纵容造假堵截信访通道
鼓楼区信访配合造假堵截，督办空转。恳请中纪委严查刘用全失管纵容造假，彻查堵截黑幕并严肃问责。

国信平台异常波及鼓楼区，暴露属地监管失控。
4月24日18:00至25日8:00公告维护。25日22:07我点开平台，仍显示24日旧公告，通道锁死。
26日8点后投递，至17:03仍显24日公告，服务未开。
更奇葩的是，维护未到18:00平台提前发布维护公告，公然造假。

4月25日晚至26日17:03，公告不撤、通道锁死、提前造假，行为恶劣、固定异常。
到今天26日17:03打开依然是周五公告，天大笑话，腐败公开叫板吗？

非技术故障，实为后台手动操作、内鬼上阵，蓄意阻断群众信访权利。
鼓楼区作为属地，刘用全身为第一责任人，对此恶性造假、通道堵截视而不见，监管严重失责，基层信访沦为摆设，损害政府公信力。",2026-06-30 21:06:54,福州市,鼓楼区,"鼓楼区12345中心
鼓楼区12345中心",形式主义为基层减负,指尖形式主义,为了应付上级检查/考核/指标而增加一线无谓负担,0.9,"['信访数据造假', '信访通道堵截', '基层失职渎职']",该投诉涉及信访数据造假、信访通道堵截等问题，反映了基层工作人员为了应付上级检查而增加无谓负担的情况。信访数据造假和信访通道堵截是典型的指尖形式主义，旨在通过虚假数据和阻塞通道来应付上级检查，而不是解决实际问题。,建议调取信访平台的后台操作记录、信访数据记录、信访通道的监控录像等，以核实是否存在数据造假和通道堵截的情况。,投诉内容涉及信访数据造假和信访通道堵截，反映了基层工作人员为了应付上级检查而增加无谓负担的情况。,qwen2.5vl:7b,full,HIGH,[],2026-08-10 02:11:54.834858
SM26063020415,尤溪县人事局申报现场存在着一刀切建规现象,"本人罗永文，2000年入伍，中共党员，2010年因公负伤，评定为军残8级，2016年转业，第2024年、2025年分别考取了初级、中级工证书，今年报考高级工，结果在申报现场，人社局以尤溪县无高职数为由拒绝了我的报名审核。
我觉得县人社局这种做法是极其不严谨的，一是没有相应的法律法规作为依据，我们报考均是按照福建省人力资源和社会保障厅办公室（闽人社办［2026］51号文件为依据上报，文件中并没有明确以职数为审核门坎。二是，这种以职数为门坎一刀切的形式，将极大打击了工勤人员的积极性和进取心。
个人建议：依据闽人社办［2026］51号文件精神，让其符合报考条件的人员均可参照标准上报，并鼓励大家通过报考，认真学习岗位技能，不断提升能力素质，便于更好地服务于本职岗位。同时，也建议相关部门关心关爱伤残军人，支持其通过自身努力，积极进取，创造更大的价值。",2026-06-30 16:35:46,三明市,尤溪县,尤溪县人力资源和社会保障局,权责不清/甩锅,清单外事项下放/签责任状转嫁/属地管理甩锅,为了应付上级检查/考核/指标而增加一线无谓负担,0.9,"['职称报考', '一刀切']",该条目投诉县人社局在职称报考过程中采取一刀切的做法，以职数为审核门槛，这种做法可能增加了基层人员的负担，属于层层加码/一刀切的典型表现。,建议调取县人社局关于职称报考的具体规定和文件，以及相关工作人员的谈话记录，以核实是否存在一刀切的情况。,投诉内容涉及县人社局在职称报考过程中采取一刀切的做法，增加了基层人员的负担，符合层层加码/一刀切的定义。,qwen2.5vl:7b,full,HIGH,[],2026-08-10 01:53:27.040658
FJ26063020035,多户民众向12345投诉肖玉树违规占地确无人跟进处理，明明违规占地相关政府人员不处理，涵江12345工作人员不明确事实真相，次次退回诉求以同样话术回复,请涵江12345继续传达相关问题，你不传达下去，相关部门如何解决，而不是推脱给纪检单位。 1、肖玉树户2023年5月违规搭建围墙投诉至今无人处理，该围墙位署及周边，以前为我户及其他村民旧厕所位置。去年向村委寻求帮助时，村里解释九几年“厕改”时上述位置已收归国有，并明确说明肖玉树户未有报批手续，即肖玉树搭建围墙行为违法，请相关部门依法拆除，相关部门也明确回复说，涉及利益帮忙解决，结果上一条这么说，下一条回复又是推卸责任，请相关部门履行职责。 2、投诉跟进此项工作的政府相关人员，该投诉未办结，已被无故关闭516次投诉通道，未完成的诉求就按完成结案。 3、多户乡民向12345投诉肖玉树违规占地，你们确至今都是不处理。,2026-06-30 08:41:28,莆田市,涵江区,"涵江区12345中心
涵江区12345中心",形式主义为基层减负,评比创建/证明/借调,为了应付上级检查/考核/指标而增加一线无谓负担,0.9,"['评比创建', '证明', '借调']",该条目反映的是多户民众向12345投诉肖玉树违规占地的问题，但主要问题是投诉未被有效跟进，且被无故关闭投诉通道，这可能与基层工作人员为了应付上级检查/考核/指标而增加一线无谓负担有关。,建议调取12345工作人员的记录，了解是否存在为了应付上级检查/考核/指标而增加一线无谓负担的情况。,该条目主要反映的是基层工作人员为了应付上级检查/考核/指标而增加一线无谓负担的情况。,qwen2.5vl:7b,full,HIGH,[],2026-08-10 02:08:10.323896
ND26062920722,宁德市公安局交警支队违反工作纪律，机械落实工作，搞“一刀切”问题,宁德市公安局交警支队工作方法简单、粗暴，在排除妨碍安全驾驶人员工作时机械执行上级工作部署，仅提取医疗诊断证明中的部分字眼，盲目锁定中国人民共和国合法公民的机动车驾驶证，未考虑群众和社会的生产生活实际，严重干扰了普通群众的日常生产生活，是典型的推卸责任、“一刀切”问题。习总书记强调“要把平等保护贯彻到立法、执法、司法、守法等各个环节，依法平等保护各类市场主体产权和合法权益。特别是对民营企业，强调“民营企业和民营企业家是自己人”，要依法保护其产权和企业家权益”。人人都是市场经营的参与者，营商环境涉及千家万户，任何一项行政命令都会对当地营商环境带来不可逆的破坏，宁德市公安局交警支队排查妨碍安全驾驶疾病工作看似合法合规的行政手段实际是不合理且违纪的，严重影响了普通公民正常生产经营活动。今年年后，党中央在全党范围内开展树立和践行正确政绩观学习教育，宁德市公安局交警支队在学习教育开展整4个月后依旧未深刻理解、准确把握、全面落实“立党为公、为民造福、科学决策、真抓实干”的总要求，本人通过12345平台反映问题后，宁德市公安局交警支队依旧以医学诊断需要专业机构出具证明进行搪塞，未认识到自身决策错误且存在严重的政绩观偏差问题。本人要求对宁德市公安局交警支队排查排除妨碍安全驾驶人员的行政命令依法依纪追究责任，对未深入理解、深刻把握正确政绩观追究责任。,2026-06-29 21:07:12,宁德市,蕉城区,"宁德市12345中心
宁德市12345中心",权责不清/甩锅,清单外事项下放/签责任状转嫁/属地管理甩锅,为了应付上级检查/考核/指标而增加一线无谓负担,0.9,"['交通违法处理', '一刀切']",投诉反映宁德市公安局交警支队机械执行上级工作部署，仅提取医疗诊断证明中的部分字眼，盲目锁定公民的机动车驾驶证，未考虑群众和社会的生产生活实际，严重影响了普通群众的日常生产生活。这反映了为了应付上级检查/考核/指标而增加一线无谓负担的问题。,建议调取交警支队的工作部署文件、医疗诊断证明、以及相关群众的投诉记录，以核实是否存在机械执行上级工作部署的情况。,投诉内容反映了交警支队机械执行上级工作部署，未考虑群众和社会的生产生活实际，属于为了应付上级检查/考核/指标而增加一线无谓负担的问题。,qwen2.5vl:7b,full,HIGH,[],2026-08-10 01:42:24.741135
XM26062921873,厦门理工学院床位分配不合理：新宿舍落成住宿反而收紧，强行拆分寝室极易造成学生人际孤立,"本人为厦门理工学院土木与建筑学院25建筑学在读学生，现正式实名投诉：本校宿舍床位分配极度不公、管理缺乏人文关怀、新政策一刀切、强行拆分和睦寝室，刻意激化班级内部矛盾，严重损害学生权益。
 
本次学院无合理依据，将本专业原有四间寝室强制压缩为三间，并定点选中我们这间全员和睦、作息统一、无任何矛盾、无违纪记录的完整寝室进行强行拆分，将我们四名室友全部打散，单独分配到本专业其他不同寝室。
 
本次拆分并非跨专业插班，但本专业各班、各小集体之间长期存在固有隔阂与人际矛盾，圈层划分十分明显。我们四人原本依靠稳定寝室关系规避矛盾、安稳生活。如今校方强行拆分重组宿舍，将我们单人分散嵌入其他早已形成固定抱团圈子的寝室，并非融入新集体，而是强行塞入对立、陌生的人际环境。此举会直接导致我们被宿舍原有小团体排挤、疏远、孤立，极易引发严重焦虑、情绪压抑、心理内耗，彻底打乱正常作息、学习节奏，严重影响身心健康与学业发展。
 
本次校方的调整逻辑完全违背常理、无法自洽。目前学校全新六期宿舍楼正在新建，将新增数千个床位，全校住宿资源整体扩容、床位大幅增加，按逻辑学生住宿条件应当更宽松、空余床位更多。但现实截然相反，新宿舍在建、床位增量的大背景下，学校反而刻意压缩宿舍数量、收紧住宿空间，让学生居住环境变得更拥挤、管控更苛刻，完全无法让学生理解与接受。
 
同时学校新旧领导管理政策落差极大，存在严重不公与双标管理。往届多年以来，学校管理极具人情味，充分尊重学生住宿稳定：允许宿舍三人入住、寝室空位保留、从不随意拆分完整和睦寝室，始终以学生心理健康、生活稳定为优先。
 
但本年度新领导班子上任后，住宿政策彻底一刀切、全盘收紧，摒弃多年人性化管理传统。在完全不存在床位紧张、无安全整改、无寝室矛盾的前提下，刻意拆分最稳定的完整寝室，只为方便校方统计填位、简化管理工作，完全牺牲学生的住宿权益与心理健康。
 
我们全程服从学校宿舍整体搬迁、床位统筹安排，从未抗拒学校管理制度。我们仅有唯一合理诉求：
拒绝无理由拆分完整和睦寝室，恳请上级部门督办学校重新规划床位方案，将我们四名原室友整体统一安置在同一间寝室，不拆分、不打散、不强行混入存在隔阂的陌生集体，保障学生基本稳定的生活与心理环境。
 
恳请教育主管部门、政务平台介入严肃督办，纠正本校简单粗暴、双标不公、激化学生矛盾的不合理住宿安排，恢复人性化、公平合理的宿舍管理制度！",2026-06-29 14:44:54,厦门市,集美区,福建省教育厅,权责不清/甩锅,清单外事项下放/签责任状转嫁/属地管理甩锅,为了应付上级检查/考核/指标而增加一线无谓负担,0.9,"['宿舍管理', '学生权益', '心理健康']",该条目反映学校宿舍管理政策一刀切，强行拆分和睦寝室，导致学生被排挤、疏远、孤立，严重影响身心健康与学业发展。这种做法是为了简化管理，牺牲学生权益，属于形式主义为基层增加负担。,建议调取学校宿舍管理政策文件、学生宿舍分配记录、学生心理健康报告等材料，找相关负责人谈话，了解具体操作流程和决策背景。,投诉内容反映学校宿舍管理政策一刀切，强行拆分和睦寝室，属于为了应付上级检查/考核/指标而增加一线无谓负担的形式主义现象。,qwen2.5vl:7b,full,HIGH,[],2026-08-10 01:25:05.520859
FJ26062920114,船政交通职业学院官僚主义横行,船政交通职业学院官僚主义横行，一方面喊着“要为基层减负”，一方面在期末教职工最为忙碌的时候集中安排各种政治讲座学习，组织部美其名曰增加教职工政治意识，还要求放下手中工作必须参加，基层为应付采取各种摊牌，简直就是增加基层教师工作负担。,2026-06-29 14:10:14,,,福建省教育厅,权责不清/甩锅,清单外事项下放/签责任状转嫁/属地管理甩锅,为了应付上级检查/考核/指标而增加一线无谓负担,0.9,"['层层加码', '一刀切']",该条目反映的是船政交通职业学院在期末教职工最为忙碌的时候集中安排各种政治讲座学习，要求基层教师必须参加，这显然是为了应付上级检查/考核/指标而增加了一线教师的工作负担。,建议调取学校期末安排的各种政治讲座学习的文件、通知，以及教师的反馈记录，以核实是否存在为了应付上级检查而增加工作负担的情况。,该条目反映了学校在期末安排政治讲座学习，要求教师必须参加，这显然是为了应付上级检查/考核/指标而增加了一线教师的工作负担。,qwen2.5vl:7b,full,HIGH,[],2026-08-10 01:28:32.539982
FJ26062820120,关于东侨开发区福宁北路盲道遭侵占超70天未整改、无视群众监督请求，恳请省效能办介入问责的投诉,"福建省12345政务服务便民热线：

您好！我要强烈投诉宁德市东侨经济技术开发区12345中心及相关部门在处理“福宁北路盲道遭施工渣土侵占”过程中的严重慢作为、假作为、甚至无视群众合理请求的恶劣行径。

【长达两个多月的拖延与无视】
本人之前在宁德市12345平台的历史诉求编号为：ND26041820182。
我从2026年4月18日第一次提交诉求，截止今天（6月28日），问题已经整整拖延了71天，超过两个月！时间线如下：

1. 4月18日：初次投诉盲道被渣土覆盖约5米。
2. 5月20日：七都镇核实回复“情况属实，非七都施工所致，建议东侨处理”，该回复客观且权责厘清。
3. 5月25日：东侨12345中心回复，承诺“预计于5月31日（东侨医院项目方）设备完成出入后进行整改修复”。
4. 5月26日：由于该回复未提供整改对接人和结果照片，我做出“不满意、未解决”的评价，并明确提出两点要求：
   · 要求“提供本次整改的具体对接人及联系方式，以便进行后续跟进询问”；
   · 要求“明确在整改完毕后，通过平台上传现场清理前后的实景照片，接受公众监督”。
5. 至今（6月28日）：承诺的5月31日整改期限已过近一个月，盲道依然被渣土覆盖、无人问津。更令人气愤的是，我5月26日提出的监督要求，相关部门根本没有任何二次答复与跟进！自始至终，没有任何人主动联系过我、告知我延期，或提供对接负责人电话。

【领导金句与效能问责依据】
习总书记强调，“干部敢于担当作为，这既是政治品格，也是从政本分”，并要求党员干部“面对矛盾敢于迎难而上”。
反观此事的处理，暴露出的正是官僚主义和形式主义的作风顽疾：

· 虚假承诺、慢作为：承诺5月31日整改，至今超期近一月毫无动静，属于典型的“承诺不兑现”。
· 无视群众监督、假作为：面对群众在平台评价中提出的“提供联系方式、上传整改照片”的合理监督要求，直接装聋作哑，把工单自作主张地“办理完毕”。这不仅是“不作为”，更是“假作为”。

根据《福建省机关效能建设工作条例》，在办理群众诉求方面“消极应付、懈怠懒散、推诿扯皮”，以及“服务质效差、社会公众意见大”的，应当对机关及工作人员给予效能问责。群众利益无小事，盲道是视障人士的“生命线”，不能成为个别部门推诿拖延的“表演场”！

【我的最终诉求】

1. 启动效能问责：恳请省效能办介入，对东侨12345中心及相关部门在本次诉求中“承诺不兑现、无视群众监督要求、办理程序虚假闭环”的行为进行严肃调查与问责。
2. 限期督办闭环：责令东侨相关部门必须在3个工作日内完成盲道渣土清理，并通过平台附件上传整改后的实景照片。
3. 公示责任人与联系方式：必须通过平台提供一个具体的联系人及联系电话，方便群众对后续长效维护进行监督。

请省一级重视督办，别让这种“踢皮球”和“慢作为”凉了群众的心！

【重要接听时间备注】
诉求人因白天在上班不便接听来电，如需电话联系核实情况或确认处理进度，烦请工作人员安排在每天下午 5:00（17:00）之后联系。感谢理解与配合！

【附件证据说明】

1. 图片1：6月23日现场未整改实拍图（盲道仍被渣土覆盖）；
2. 图片2：5月25日东侨官方回复截图（承诺5月31日整改）；
3. 图片3：5月26日我要求“提供对接电话及整改照片”的评价截图；
4. 图片4：历史工单 ND26041820182 办理完毕截图（证明后续无人跟进）。",2026-06-28 22:33:37,宁德市,东侨经济技术开发区,"东侨经济技术开发区12345中心
东侨经济技术开发区12345中心",指尖形式主义,强制打卡/积分排名/在线时长/上传照片视频轨迹,为了应付上级检查/考核/指标而增加一线无谓负担,0.9,"['盲道', '假作为', '慢作为']",该条目反映了福宁北路盲道被施工渣土侵占的问题，相关部门在处理过程中存在虚假承诺、慢作为、假作为等现象，这可能与上级检查/考核/指标有关，增加了基层负担。,建议调取福宁北路盲道被渣土覆盖的现场照片、东侨12345中心及相关部门的回复记录、以及相关领导的指示文件，以核实是否存在形式主义为基层增加负担的情况。,该条目反映了福宁北路盲道被施工渣土侵占的问题，相关部门在处理过程中存在虚假承诺、慢作为、假作为等现象，这可能与上级检查/考核/指标有关，增加了基层负担。,qwen2.5vl:7b,full,HIGH,[],2026-08-10 01:17:36.539688
QZ26062820487,投诉：长征故事视频评比活动审核不专业,"尊敬的泉州市教育局领导：

本人特此投诉：晋江市金井镇教育中心在组织开展“传承红色基因、赓续红色血脉”长征故事视频评比活动过程中，存在审核不专业、评判随意、夹带人情关系、排名严重不公等问题，赛事缺乏公平、公正、严重损害学生权益，现恳请市局介入处理。

本次活动为全镇各校学生踊跃参与的红色教育评比活动，所有参赛学生认真创作、积极投入，尊重比赛、尊重红色主题。但金井镇教育中心负责本次视频审核与排名的相关负责人，专业能力不足、审核标准混乱、不懂评审规则却主观武断打分，存在不懂装懂、随意评定优劣的情况。

更严重的是，本次评比掺杂大量人情世故、人为偏袒现象，而是凭关系、凭人情定名次，造成优质作品低分、劣质作品高分，整体排名严重不合理、不真实。

该行为严重挫伤学生积极性，违背红色教育初衷，破坏教育公平，在师生及家长中造成不良影响。

为此，本人郑重提出以下诉求：

1. 请求晋江市教育局介入调查本次金井镇红色故事视频评比全过程，核查评审乱象、人情打分、审核不专业等问题。

2. 请求市局抽调专业评审人员，对全镇所有学校已上传的参赛视频全部重新审核、重新打分、重新排名。

3. 要求公开、公示最终重审排名结果，还给所有参赛学生一个公道、公平、公正的比赛结果。

4. 对金井镇教育中心本次赛事审核不规范、履职不力的相关责任人予以整改问责。

恳请上级主管部门重视、维护教育公平，尽快核查并正式反馈处理结果！",2026-06-28 15:19:13,泉州市,晋江市,晋江市教育局,创建示范/达标,种类数量过多/未批准/运动式/作秀式/一阵风,为了应付上级检查/考核/指标而增加一线无谓负担,0.9,"['评比创建', '证明', '借调']",该条目内容涉及教育部门在组织红色故事视频评比活动中存在审核不专业、评判随意、夹带人情关系等问题，属于评比创建/证明/借调类型，反映了为了应付上级检查/考核/指标而增加一线无谓负担。,建议调取视频评比活动的审核标准、评审规则、评审人员名单等材料，以及相关领导和评审人员的谈话记录，以核实是否存在人为偏袒、审核不专业等问题。,该条目内容涉及评比活动审核不专业、评判随意等问题，属于评比创建/证明/借调类型，反映了为了应付上级检查/考核/指标而增加一线无谓负担。,qwen2.5vl:7b,full,HIGH,[],2026-08-10 01:23:19.590910
NP26062820192,请调查建瓯市水利局渎职问题,"一，2025年10月17日向建瓯市水利局反应的，建瓯马文村村至板桥村的山上水渠已经完成施工两三年了，但是两三年来一直未通水！农田和农业用水咋办？
二，水利局的回复是，建瓯市马文村至板桥村水利渠道多年未通水的诉求件已收悉。现将核查情况反馈如下;
负责马文村至板桥村水利渠道施工的相关部门是建瓯市小松水库运行调度中心，该项工程于2024年6月完工，板桥段水渠上游发生山体滑坡造成渠道断裂，于2025年2月修护完毕，由于今年旱情严重，渠道供水能力不足，所以无法到达马文段。
三，一直到2026年6月28日，至今未通水。水利局的回复严重偏离事实，逻辑脱节，说是干旱造成，当时已经对办件评价为未解决。结果草草完结。敷衍了事，如今6月份降水量巨大，水渠也是没有通水，难道25年山体断裂，水渠破损还没修复？说明25年至今都没有处理这个事情，25年水利局说是的干旱的反馈，被申请人本次反馈根本没有说明水渠破坏何时处理，多久完工，未开展实地核查，就说干旱，现在雨季降水量巨大，也还是不通水，答复内容与客观事实严重不符，存在以制式话术敷衍搪塞，未实质性处置本人反映事项。该行为属于敷衍拖延群众诉求、不正确履行法定职责，违反《信访工作条例》第四十五条、政务热线办理规范相关规定，构成形式主义、官僚主义。请问是否可以启动依法督办，责令重新全面调查处置，并对相关经办人员、分管领导启动问责程序。",2026-06-28 12:02:51,南平市,建瓯市,建瓯市水利局,创建示范/达标,种类数量过多/未批准/运动式/作秀式/一阵风,为了应付上级检查/考核/指标而增加一线无谓负担,0.9,"['供水服务', '形式主义为基层减负']",该条目涉及水利局的渎职问题，投诉内容提到水利局的回复严重偏离事实，逻辑脱节，存在以制式话术敷衍搪塞，未实质性处置群众诉求，构成形式主义、官僚主义。这符合为了应付上级检查/考核/指标而增加一线无谓负担的特征。,建议调取水利局的回复文件、实地核查记录、相关领导的谈话记录等材料，以核实是否存在形式主义行为。,投诉内容提到水利局的回复严重偏离事实，存在形式主义行为，符合为了应付上级检查/考核/指标而增加一线无谓负担的特征。,qwen2.5vl:7b,full,HIGH,[],2026-08-10 01:10:50.249328
FJ26062720127,学校强制实习，不让学生自己自主实习，以毕业证为硬性要求,"尊敬的福清市教育局职教监管部门领导：
您好！本人是龙华学校西餐专业在校生，特此投诉本校强制定点实习，以学分、毕业证胁迫学生的违规行为，恳请部门介入核查整改。
 
近期学校硬性要求全体学生必须前往校方指定企业实习，拒不认可学生自主找寻的实习单位。班主任多次通知：不参与统一实习，实习学分判定不合格，拒不服从安排将无法正常毕业、拿不到毕业证，全面禁止学生自主对接对口岗位。校方安排的岗位多为流水线普工，和西餐专业毫无关联，并非专业顶岗实训。本人已有稳定工作，在岗时长6个月，可提供在职证明，完全可以完成合规实习，并非拒绝实习。据悉福清二技、三华等同类型院校，均允许学生自主实习，凭正规实习证明即可完成审核，唯独我校一刀切强制定点实习。
 
校方行为违反《职业学校学生实习管理规定》《职业教育法》，强制实习、以毕业施压、安排非专业劳务岗位均属于明文禁止的违规操作。
 
现提出诉求：一、责令学校叫停强制统一实习方案；二、正常审核我的自主实习材料，不得克扣学分、阻碍毕业；三、禁止教职工以挂科、处分、扣押毕业证恐吓学生；四、彻查本次实习安排，落实自主实习政策，与本地院校规则统一。
 
我留存了班级通知、胁迫言论聊天录音、岗位不符佐证、本人在职证明全套证据，内容全部属实。望主管部门尽快调查处理，并电话或书面告知处理结果。
 
此致
敬礼！
投诉人：匿名
电话：15659155533
学校：龙华学校 专业：西餐
日期：2026年06月26日",2026-06-27 23:36:12,福州市,福清市,福清市教育局,权责不清/甩锅,清单外事项下放/签责任状转嫁/属地管理甩锅,为了应付上级检查/考核/指标而增加一线无谓负担,0.9,"['层层加码', '一刀切', '强制实习', '毕业证考核']",该条目反映学校强制学生进行统一实习，以毕业证为硬性要求，违反了《职业学校学生实习管理规定》和《职业教育法》，属于层层加码和一刀切的典型表现，增加了基层一线教师和学生的负担。,建议调取学校实习安排的文件、班主任的通知、学生自主实习的证明材料等，以核实学校强制统一实习的情况。,该条目反映学校强制学生进行统一实习，以毕业证为硬性要求，属于层层加码和一刀切的典型表现，增加了基层一线教师和学生的负担。,qwen2.5vl:7b,full,HIGH,[],2026-08-10 01:01:13.654867
FJ26062720124,举报福州市鼓楼区政府刘用全负责人信访数据造假、督办空转、堵截网上信访、失职渎职,"事件地点：数据造假罪加一等！福建省福州市鼓楼区政府（鼓楼区政府请收敛）知法犯法长期对我投诉件删除修改？


实名投诉：鼓楼区委书记刘用全纵容造假堵截信访通道
鼓楼区信访配合造假堵截，督办空转。恳请中纪委严查刘用全失管纵容造假，彻查堵截黑幕并严肃问责。

国信平台异常波及鼓楼区，暴露属地监管失控。
4月24日18:00至25日8:00公告维护。25日22:07我点开平台，仍显示24日旧公告，通道锁死。
26日8点后投递，至17:03仍显24日公告，服务未开。
更奇葩的是，维护未到18:00平台提前发布维护公告，公然造假。

4月25日晚至26日17:03，公告不撤、通道锁死、提前造假，行为恶劣、固定异常。
到今天26日17:03打开依然是周五公告，天大笑话，腐败公开叫板吗？

非技术故障，实为后台手动操作、内鬼上阵，蓄意阻断群众信访权利。
鼓楼区作为属地，刘用全身为第一责任人，对此恶性造假、通道堵截视而不见，监管严重失责，基层信访沦为摆设，损害政府公信力。",2026-06-27 23:11:06,福州市,鼓楼区,"鼓楼区12345中心
鼓楼区12345中心",数据造假,虚假整改/迎检突击/边改边犯/不惩反奖,为了应付上级检查/考核/指标而增加一线无谓负担,0.9,"['台账留痕', '迎检', '数据造假']",该条目反映的是鼓楼区政府在处理信访件时存在数据造假、督办空转和信访通道被堵截等问题，表明为了应付上级检查而增加了基层的负担。,建议调取鼓楼区政府的信访数据管理平台记录，以及与信访工作人员的谈话记录，以核实是否存在数据造假和信访通道被堵截的情况。,投诉内容涉及信访数据造假和信访通道被堵截，表明为了应付上级检查而增加了基层的负担。,qwen2.5vl:7b,full,HIGH,[],2026-08-10 01:01:23.758215
ZZ26062720533,投诉：本次投诉附带四大页完整违停车辆明细清单，请鼓东街道交警大队潘光辉查收核实、限期依法处置。该批长期恶意违停记录，依规可向违规车主追缴数百万元违停处罚款项，挽回财政流失损失。恳请福州市政府、上级主管部门彻,"本次投诉附带四大页完整违停车辆明细清单，请鼓东街道交警大队潘光辉查收核实、限期依法处置。该批长期恶意违停记录，依规可向违规车主追缴数百万元违停处罚款项，挽回财政流失损失。恳请福州市政府、上级主管部门彻查潘光辉、林立群履职乱象，严肃追责整改，恢复辖区交通、民生、营商正常秩序。而辖区交警大队长潘光辉治理方式极端一刀切，全面严控路段违停、彻底封堵车流客源，直接导致辖区全季酒店门店客源断绝、生意彻底停滞，近乎零营收。
 
酒店无客可接，十几名工作人员整日无事可做，扎堆聚集在酒店大门口，整午聚众抽烟、高声闲聊喧哗，人声嘈杂震耳欲聋，严重扰民，导致周边居民中午完全无法休息。",2026-06-27 15:42:19,漳州市,东山县,"鼓楼区12345中心
鼓楼区12345中心",权责不清/甩锅,清单外事项下放/签责任状转嫁/属地管理甩锅,为了应付上级检查/考核/指标而增加一线无谓负担,0.9,"['层层加码', '一刀切']",该投诉反映辖区交警大队在治理违停问题时采取了极端一刀切的方式，导致酒店生意彻底停滞，工作人员无事可做，严重扰民。这表明为了应付上级检查或考核，基层干部采取了过度管控措施，增加了基层一线工作人员的负担。,建议调取辖区交警大队的考核指标、上级部门的检查记录以及酒店经营状况的详细数据，以核实是否存在为了应付上级检查而采取一刀切措施的情况。,投诉内容反映辖区交警大队在治理违停问题时采取了极端一刀切的方式，导致酒店生意彻底停滞，工作人员无事可做，严重扰民，符合为了应付上级检查/考核/指标而增加一线无谓负担的判断标准。,qwen2.5vl:7b,full,HIGH,[],2026-08-10 00:55:43.319669
FZ26062721330,强迫一线教师暑期留校值班,延安中学强迫新教师上班打卡，不考虑新教师实际情况，要求一线教师暑期留校值班，违反国家法律法规,2026-06-27 14:37:36,福州市,鼓楼区,福州市鼓楼区教育局,权责不清/甩锅,清单外事项下放/签责任状转嫁/属地管理甩锅,为了应付上级检查/考核/指标而增加一线无谓负担,0.9,"['层层加码', '一刀切']",该投诉内容反映延安中学强迫新教师暑期留校值班，违反国家法律法规，属于层层加码/一刀切问题，增加了基层教师的负担。,建议调取学校相关文件、规章制度，了解具体要求和执行情况，以及新教师的反馈。,投诉内容反映学校要求新教师暑期留校值班，违反国家法律法规，属于层层加码/一刀切问题。,qwen2.5vl:7b,full,HIGH,[],2026-08-10 00:57:18.220186
XM26062623304,投诉湖里区都市港湾幼儿园并班,"我们是湖里区都市港湾幼儿园中班学生家长。幼儿园因老师减少，下一学年（中班升大班）将现有3个中班合并为2个大班，并提供两种抽签方案供家长投票征求意见。采取的是逐户上门家访、实名制签字投票的方式；全程实名、一对一面对家长，导致家长不敢真实表达反对意见！只能选两个方案中的一个。
我们坚决反对以“一刀切”式裁减教师，最终由幼儿承担代价的做法！生源减少本应是降低班额、提升保教质量的契机，而非让在园幼儿接受更薄弱教育环境的理由！减少教师的代价不应该让幼儿承担！
本次编制核减，政策应针对的是【下年度新生托小班生源】，属于【下一届新生师资配额调整】，而不是必须裁减目前在岗的成熟教师。
同时我们也认为“拆三并二”并非唯一出路，更不是最优方案。全年级总人数未变，教室未变，唯一变化的是教师人数减少。让孩子为“老师被裁”承担后果——被迫离开熟悉的班级、老师和朋友——既不必要，也不合理。
一、编制核减应科学统筹、渐进过渡，不应将调整成本转嫁给幼儿。
依据公开政策：
1. 厦门市教育局明确提出“分学段差异化控编、跨园动态调配”，从生源减少学段遴选教师到短缺学段，从超编园调配至缺编园，而非简单减人；
2. 2026年全国两会期间，人大代表明确强调：不能简单以学生数量变动调整编制，要科学预判、稳步推进、动态调节，避免一刀切精简；编制调整周期建议1–3年，保障学前教育需求匹配。
综上，编制核减的顶层设计已有科学路径，到了基层，不应该走样变形，成了“减编=裁师=并班”。
二、现行并班方案：以牺牲保教质量与幼儿心理为代价。
本次合并存在三大突出问题：
1. 班额增幅过大，师生比显著下降：从每班23人增至32–33人，增幅近50%。教师对个体幼儿的关注被稀释，活动组织难度增加，安全管理风险上升，安全隐患上升；
2. 违背学前儿童身心发展规律：4–5岁幼儿正处于建立稳定安全感、依恋关系与同伴联结的关键期。和本班老师同学已经非常熟悉，强行拆分熟悉班级、教师与同伴，对幼儿心理伤害深远；
3. 与学前教育立法精神相悖：《中华人民共和国学前教育法（草案）》明确要求按标准配足配齐保教人员，保障保教质量 。因编制核减被迫提高班额、降低师生比，实质是让幼儿为编制调整买单，不符合“儿童利益最大化”原则。
三、替代方案：统筹调配、柔性过渡，无需牺牲幼儿。
编制优化完全可通过托小班消化、模式创新、过渡期安排实现，而非并班：
1. 优先消化在托小班：托小班生源极少，可直接取消托班，托班教师转岗至中大班；少量托班幼儿就近安置或并入小班，不影响中班；
2. 托小混龄编班（有政策依据）：厦门市《支持幼儿园开展托育服务的若干措施（试行）》明确支持不具备独立编班条件的托小班混合编班，既可释放师资，又合规；
3. 教育局下拨专项经费，补助非在编教师或保育员。这部分人员不占用事业编制，完全能够补足人手，成本也远低于维持两个班的长期代价。等到这届中班顺利毕业后，再统筹。
4. 创新配班模式（合规提质）：在保障安全与质量前提下，探索“三教轮保”等类似模式（1个教师兼任两个班级，或者3个班共用几名专任教师，轮流教课，高峰由行政后勤辅助），不占用额外编制；
5. 本届过渡、平稳毕业（最人性化）：请维持现有3个中班建制至大班毕业，编制核减影响应从下一届新生起执行，符合“渐变过渡”原则，对幼儿心理伤害最小。
四、我们的具体诉求
1. 首选诉求：放弃简单化、一刀切的编制核减与并班安排，协调都市港湾幼儿园维持3个中班建制，让本届中班幼儿以原班级升入大班；编制核减压力通过其他方式统筹解决，不得让幼儿承担调整代价；
2. 程序诉求：核定幼儿园编制、涉及拆班/并班等重大调整时，应建立家长沟通机制，提前公示核编依据、调整方案，充分征询家长意见，接受社会监督，保障家长与幼儿的合法权益。
我们坚决反对将编制压力简单转嫁给幼儿。越是资源紧张，越应当科学决策，避免以牺牲幼儿保教质量为代价的简单化处理。他们无需，也不应该为编制调整买单，只需要一个稳定、温暖、高质量的成长环境，顺利走完大班这一幼小衔接的关键学年。
恳请主管部门倾听家长诉求，尊重儿童发展规律，收回并班决定，给本届中班幼儿一个平稳、安心的大班生活。编制核减的压力，不应由最弱小的孩子来承担！",2026-06-26 22:06:39,厦门市,湖里区,湖里区教育局,权责不清/甩锅,清单外事项下放/签责任状转嫁/属地管理甩锅,为了应付上级检查/考核/指标而增加一线无谓负担,0.9,"['幼儿园入学', '编制核减', '一刀切']",该条目主要投诉湖里区都市港湾幼儿园因编制核减而进行并班的问题，投诉认为并班方案存在三大突出问题，如班额增幅过大、违背学前儿童身心发展规律、与学前教育立法精神相悖等。投诉认为编制核减不应简单化、一刀切，应科学统筹、渐进过渡，不应将调整成本转嫁给幼儿。这反映了为了应付上级检查/考核/指标而增加一线无谓负担的问题。,建议调取幼儿园编制核减的政策文件、上级主管部门的指示、以及与幼儿园管理层的谈话记录，以核实编制核减的具体情况和决策过程。,投诉内容主要集中在编制核减过程中存在的问题，如并班方案的不合理性，反映了为了应付上级检查/考核/指标而增加一线无谓负担的问题。,qwen2.5vl:7b,full,HIGH,[],2026-08-10 00:51:14.697633
FZ26062623580,关于福建中医药大学强制科级人员驻校值班安排的投诉信,"现就福建中医药大学的老校区科级人员值班安排政策，如实反馈问题、提出投诉，恳请正视本次排班安排的不合理性，予以整改调整，保障基层工作人员的合法权益与正常休息权益。
福建中医药大学发布老校区值班工作通知，强制要求部分科级工作人员承担老校区夜间、周末全天驻校住宿值班工作，而对照学校同步推行的校区值班制度，新校区的值班值守工作，均是由全体处级干部统筹承担，层级分工清晰、权责对应合理。两项排班政策对比之下，本次针对老校区的值班安排，存在严重的权责不对等、分工不公平、制度不合理问题，让基层科级工作人员深感不公、难以接受。
首先，福建中医药大学本次值班安排存在层级区别对待、权责分配失衡的核心问题。科级干部作为学校基层工作人员，主要负责落实各项基础行政、教学保障工作，日常本职工作任务繁重、事务琐碎，长期坚守一线开展工作。而处级干部作为学校中层管理力量，承担校区统筹管理、安全管控、整体调度的主体责任，校区值班值守本就是管理岗位的核心职责之一。新校区严格落实“处级干部值班”的岗位匹配制度，老校区却规避管理干部责任，将夜间、周末驻校值班的高强度工作，全部转嫁、强制给无管理决策权、无岗位特权的基层科级工作人员，完全违背了“权责一致、分级负责、公平公正”的工作原则，属于典型的层层加码、责任下移。
其次，强制夜间及周末驻校住宿值班，严重侵犯教职工合法休息权益，影响正常生活秩序。本次值班安排无自愿报名、无统筹调剂、无合理补偿，采取一刀切的强制派驻模式。绝大多数科级教职工均有家庭赡养、子女抚育等生活责任，长期夜间住校、周末留宿值班，彻底打乱了个人休息时间和家庭生活节奏，导致教职工身心压力剧增，长期下来极易产生职业倦怠，严重影响日常本职工作效率，不利于学校教职工队伍的稳定。
再者，该制度安排缺乏合理依据，决策流程不透明、不人性化，严重背离正确政绩观。学校出台各类值班制度，理应统一标准、统一尺度，新校区与老校区同为学校办学主体区域，安保、值守、应急保障的工作性质完全一致，理应执行同等的值班层级标准。本次差异化排班，是典型的重形式、轻实效、避上压下的错误工作导向，违背了求真务实、为民服务的正确政绩观。学校不聚焦提质增效、优化管理的核心工作，反而通过转嫁基层压力、区别对待普通教职工的方式落实值守任务，只求表面完成工作、规避管理责任，忽视基层教职工的实际困难与合理诉求，是懒政怠政、功利化行政的集中体现。如今学校区别对待不同校区、不同层级教职工，针对性强制基层人员承担额外高强度工作，未征求基层教职工意见、未开展调研论证、未公示合理依据，决策草率、制度双标，极大伤害了基层教职工的工作积极性与归属感。
我们始终坚守岗位、恪尽职守，全力配合学校各项常规工作安排，坚决服从合理的工作调度，但绝不接受不公平、不合理、区别化的强制工作安排。恳请福建中医药大学取消现行老校区科级工作人员强制驻校值班制度，废除本次不合理的排班安排，停止对基层教职工的不合理压榨。",2026-06-26 21:51:21,福州市,闽侯县,福建省教育厅,权责不清/甩锅,清单外事项下放/签责任状转嫁/属地管理甩锅,为了应付上级检查/考核/指标而增加一线无谓负担,0.9,"['基层减负', '层层加码', '权责不对等']",该投诉反映福建中医药大学强制科级人员驻校值班，存在层层加码、责任下移的问题，侵犯了基层工作人员的合法权益和休息权益，属于典型的层层加码、责任下移的典型形式主义现象。,建议调取学校值班安排通知、值班人员工作记录、教职工休息安排记录等材料，了解具体值班安排和执行情况。,投诉内容明确指出学校通过强制基层人员值班，增加了基层工作人员的负担，违背了权责一致、分级负责的原则，属于层层加码、责任下移的典型形式主义现象。,qwen2.5vl:7b,full,HIGH,[],2026-08-10 00:51:41.677779
FZ26062623095,企业：投诉永泰县烟草专卖局，恶意打压残疾人烟草销售零售，变相打击残疾人收入问题，没有合理保护底层农民合法收入,"：永泰县烟草专卖局、纪检监察部门、营销管理科室

投诉人：李钻生
年龄：74周岁
身体状况：先后两次中风，体弱多病
经营店铺：金龙鱼食杂店
经营地址：福建省福州市永泰县大洋镇珠洋村（烟草证350125102975）
持证情况：持有合法有效的《烟草专卖零售许可证》，长期依规合法经营

       本人李钻生，现年74岁，曾经两次突发中风，常年体弱多病，已经完全丧失外出打工的劳动能力，没有退休金，没有其他经济收入。我经营金龙鱼食杂店多年，一直安分守己、守法经营，积极配合烟草部门各项管理工作，这家乡村小店是我维持晚年生活唯一的收入来源。

本店地处偏远山村，近些年村里青壮年大量外出务工，常住人口持续减少。再加上当下整体经济环境不景气，中高档高价卷烟销路低迷，根本难以售出。烟草配送套餐内高价香烟配比过高，受客源和市场行情限制，我根本无法完成整套订购任务，销量达不到考核指标属于客观现实，并非主观经营问题。

但是片区工作人员无视乡村人口流失、市场疲软的实际情况，不顾我年老多病、两次中风的身体状况，机械地只考核销售业绩，采取一刀切的管理方式，一再下调我的经营档位，压缩普通口粮烟、畅销烟的货源。现在店铺常规卷烟经常断货，生意难以维持，收入锐减，已经难以保障个人基本生活开支。

烟草部门一直提倡人性化管理，对乡村小微商户、老年残疾困难经营户给予政策帮扶。恳请主管部门实事求是，不照搬集镇门店的考核指标。

现郑重提出诉求：

1. 重新核定我的经营档位，综合考量农村人口外流、经济低迷、高价烟滞销等客观市场因素，不再单纯以销量作为唯一考核依据。

2. 合理调整订货套餐，降低高价烟订购任务，恢复基础畅销卷烟正常供货额度，保障持证商户正常经营。

3. 针对我年事已高、两次中风体弱多病的困难情况，落实弱势群体帮扶政策，保留我赖以生存的经营条件。",2026-06-26 18:36:51,福州市,永泰县,永泰县烟草专卖局,权责不清/甩锅,清单外事项下放/签责任状转嫁/属地管理甩锅,为了应付上级检查/考核/指标而增加一线无谓负担,0.9,"['烟草监管', '一刀切管理']",该条目主要涉及烟草专卖局对残疾人烟草销售零售的考核问题，投诉人认为烟草部门机械地只考核销售业绩，采取一刀切的管理方式，忽视了乡村人口流失、市场疲软等实际情况。这表明为了应付上级检查/考核/指标而增加了基层无谓负担。,建议调取烟草部门的考核指标、销售业绩记录、市场调研报告等材料，以及与片区工作人员的谈话记录，以核实是否存在一刀切的管理方式。,投诉人认为烟草部门机械地只考核销售业绩，忽视了乡村人口流失、市场疲软等实际情况，这表明为了应付上级检查/考核/指标而增加了基层无谓负担。,qwen2.5vl:7b,full,HIGH,[],2026-08-10 00:35:15.882434
PT26062621251,"对城厢公安分局办理结果的评价意见（再次提交）

本人对本次办理结果再次明确表示不满意，并认为该回复仍属于形式化处理，不构成有效答复。

一、持续采用模板化答复，未针对具体问题进行回应  
多次回复内容","本人注意到：本事项在“办理部门为12345中心”的情况下，回复内容却完全来源于城厢公安分局，且未见12345平台对该回复进行任何独立审核或复核说明。

该处理方式实质上是将投诉事项直接交由被投诉单位自行认定并通过平台发布，导致“平台转办=原单位自我结论”的结果，已明显偏离12345平台应有的监督与协调职责。

同时，多次不同事项均出现内容高度一致的模板化回复，进一步说明平台未履行实质审查义务。

本人认为：  
该类处理方式已构成程序性不当，属于形式化履职，不能视为有效答复。

现要求：  
1. 明确说明12345平台在本事项中的审核过程；  
2. 提供是否进行独立复核的依据；  
3. 如未复核，请说明理由并移交上级督查机构处理",2026-06-26 18:06:19,莆田市,城厢区,"城厢区12345中心
城厢区12345中心",指尖形式主义,强制打卡/积分排名/在线时长/上传照片视频轨迹,为了应付上级检查/考核/指标而增加一线无谓负担,0.9,"['指尖形式主义', '模板化回复', '无效答复']",该投诉反映12345平台在处理投诉时存在模板化答复，未针对具体问题进行回应，且未履行实质审查义务。这表明平台在处理投诉时可能为了应付上级检查/考核/指标而增加了基层工作人员的负担。,建议调取12345平台的回复记录，查看是否有模板化答复的痕迹；询问12345平台工作人员是否有独立审核或复核流程；查看是否有会议纪要或相关会议记录，以确认是否存在会议纪要和会议纪要的真实性。,投诉内容反映平台在处理投诉时存在模板化答复，未针对具体问题进行回应，且未履行实质审查义务，这表明平台在处理投诉时可能为了应付上级检查/考核/指标而增加了基层工作人员的负担。,qwen2.5vl:7b,full,HIGH,[],2026-08-10 00:36:04.292468
XM26062622718,投诉厦门市保安集团有限公司工作人员拒接市民咨询电话,1、2026年6月12日曾来电反映”投诉厦门市保安集团有限公司工作人员拒接市民咨询电话“（诉求编号:XM26061221417）。2、2026年6月26日再次来电反映：其不认可厦门市人民政府国有资产监督管理委员会答复，答复意见中（诉求编号：XM26061221417）提及“后续来电未能正常接听，系因员工临时紧急参会未在办公室，并非刻意拒接来电。”其质疑会议的真实性，若召开会议是否有会议纪要？其表示为什么一定在十一点半时集体参加了？国资委未深入调查就草草办结其的诉求件，现其要继续投诉，要求国资委继续调查处理，调取其当天的通话录音及监控彻查此事，并提供会议监控和会议纪要。,2026-06-26 18:04:48,厦门市,思明区,厦门市人民政府国有资产监督管理委员会,精简会议,会议数量过多/层层召开/文山会海/年底扎堆/未批准直达基层,为了应付上级检查/考核/指标而增加一线无谓负担,0.9,"['会议文件泛滥', '层层陪会', '无效调查']",该投诉反映厦门市人民政府国有资产监督管理委员会在处理市民投诉时，未深入调查，仅凭员工临时参会未在办公室就认定为拒接电话，质疑会议的真实性。这表明在处理投诉时，可能为了应付上级检查/考核/指标而增加了基层工作人员的负担。,建议调取市民投诉的通话录音及监控，以确认是否存在拒接电话的情况；查看是否有会议纪要或相关会议记录，以确认是否存在会议纪要和会议纪要的真实性；询问相关工作人员是否有会议纪要和会议纪要的真实性。,投诉内容反映在处理市民投诉时，未深入调查，仅凭员工临时参会未在办公室就认定为拒接电话，质疑会议的真实性。这表明在处理投诉时，可能为了应付上级检查/考核/指标而增加了基层工作人员的负担。,qwen2.5vl:7b,full,HIGH,[],2026-08-10 00:36:04.316051
FZ26062622908,台江区组织部、社会工作部强制社区工作人员参赛、搞形式主义政绩工程,"近日，台江区组织部、社会工作部组织“三赛”系列活动，并硬性要求每个社区至少一人参赛，将赛事参与列为基层强制任务。该行为脱离基层工作实际，属于典型形式主义，违背树立和践行正确政绩观学习教育要求，严重干扰社区正常工作开展。
社区工作直面群众、事务繁杂，工作人员核心职责是开展便民服务、化解群众矛盾、落实民生政策、排查基层隐患，所有工作时间均应用于为民办实事。本次比赛无实际工作赋能价值，仅为形式化展示活动，强制参赛会大量挤占基层工作时间，导致入户走访、群众接待等核心工作缩水，直接降低社区服务质量、损害群众利益，背离社区工作人员全心全意为人民服务的初心。
同时，本次赛事摊派属于典型的政绩工程。活动并非为提升社区工作人员业务能力和基层治理水平，仅为打造工作亮点、堆砌工作台账，依靠形式化造势制造工作成效假象，只为迎合上级、打造领导政绩，完全违背求真务实的工作作风。
当前各地均深入开展正确政绩观学习教育，核心是整治形式主义、为基层减负，杜绝面子工程、虚假政绩。而台江区强制参赛的做法，急功近利、重形式轻实效，与学习教育要求背道而驰，大幅增加基层无效负担。
基层工作的核心成效体现在群众满意度和治理实效，而非赛事活动热度。特此投诉，恳请上级部门核查整改，叫停不合理强制参赛规定，纠治形式主义作风，切实为基层减负，保障社区工作回归服务群众本源。",2026-06-26 17:47:35,福州市,台江区,中共福州市台江区委社会工作部,权责不清/甩锅,清单外事项下放/签责任状转嫁/属地管理甩锅,为了应付上级检查/考核/指标而增加一线无谓负担,0.9,"['社区管理', '形式主义', '政绩工程']",该条目反映台江区组织部、社会工作部强制社区工作人员参赛，属于典型的政绩工程，为应付上级检查而增加基层负担。社区工作人员的核心职责是为民办实事，但赛事活动挤占了大量工作时间，导致入户走访、群众接待等核心工作缩水，直接降低社区服务质量、损害群众利益。,建议调取社区工作人员的工作日志、赛事活动安排表、社区工作台账等材料，以核实赛事活动对社区工作的影响。,该条目明确指出社区工作人员被强制参赛，属于典型的政绩工程，为应付上级检查而增加基层负担。,qwen2.5vl:7b,full,HIGH,[],2026-08-10 00:36:25.547628
FZ26062622855,关于投诉台江区群升商务中心3楼的台江区数据管理局3个领导和经办人员杜红卫不接待我的问题,诉求编号：（	FZ26052821066），答复收悉。对答复不满意。问题没有解决，一整年领导办公室都是锁着门，敲门都不开门，窗帘都拉起来无法看到办公室里面是否有人，经办人员杜红卫每天只是打卡后就跑走了，搞形式主义官僚主义，并且还推诿扯皮。不受理的答复书已经3个月也不给我。现要求数据管理局把答复材料以书面的形式并且盖章提供给我。特此投诉。,2026-06-26 17:36:38,福州市,台江区,"台江区12345中心
台江区12345中心",指尖形式主义,强制打卡/积分排名/在线时长/上传照片视频轨迹,为了应付上级检查/考核/指标而增加一线无谓负担,0.9,"['指尖形式主义', '官僚主义']",该条目反映的是台江区数据管理局领导和经办人员在工作中的形式主义官僚主义行为，如领导办公室锁门、经办人员打卡后就跑走等，这些行为可能为了应付上级检查而增加了基层工作人员的负担。,建议调取该数据管理局领导和经办人员的工作记录、打卡记录、办公室门禁记录等，以核实是否存在形式主义官僚主义行为。,该条目反映的是基层工作人员在工作中的形式主义官僚主义行为，这些行为可能为了应付上级检查而增加了基层工作人员的负担。,qwen2.5vl:7b,full,HIGH,[],2026-08-10 00:37:05.810848
FZ26062620705,关于投诉政府工作人员工作作风的问题,诉求编号：（FZ26060922806），答复收悉。对答复不满意。该问题根本没有得到解决，要求在设立刷人脸打卡指上班，只有做到这一点才能公平公正，继续投诉。,2026-06-26 10:06:43,福州市,福清市,福清市江镜镇人民政府,指尖形式主义,强制打卡/积分排名/在线时长/上传照片视频轨迹,为了应付上级检查/考核/指标而增加一线无谓负担,0.9,"['村务公开', '指尖形式主义']",该条目涉及村务公开中的刷人脸打卡问题，反映了为了应付上级检查/考核/指标而增加一线无谓负担的情况。,建议调取村务公开的相关文件、会议记录、上级检查/考核/指标的相关文件，以及村务公开平台的使用记录。,该条目反映了为了应付上级检查/考核/指标而增加一线无谓负担的情况，属于指尖形式主义。,qwen2.5vl:7b,full,HIGH,[],2026-08-10 00:42:57.912908
FJ26062620041,违反了政府文件规定精神，违背诺言，敷衍应对中央第一生态环境保护督察组，中央第四巡视组,这件事情的起源是东峤镇镇政府党委书记肖耀华和许厝村村支书许志煌对编号：东政（2022）0322006号、东政信复（2023）60号政府文件久拖不决，明显违反了政府文件规定精神和村民群众老百姓关系基本准则，敷衍应付中央第一生态环境保护督察组2023年11月23日0591-87851369、中央第四巡视组2025年7月20日0591-88332011宗旨原则，避免局势恶化的根本，在于镇、村停止敷衍应付、违反、违背诺言、充当保护伞，同时国家生态环境保护和历史遗留2亩左右集体公共水塘恢复原状、60多亩耕地正常用水灌溉，也应该得到充分尊重，诉求人和村民群众老百姓不认同，村霸占用填埋公共集体水塘和破坏国家生态环境保护以及60多亩耕地4年左右无水灌溉，肖耀华、詹少鹏、伟宁能、黄腾、许志煌停止敷衍应付、编造谎言、滥用职权、久拖不决、违背诺言、形式主义、欺上瞒下，遗责一切无差别攻击无辜诉求人和村民群众老百姓目标的行为，国家生态保护和历史遗留公共集体水塘以及耕地用水灌溉不应受扰。,2026-06-26 08:30:47,莆田市,秀屿区,"秀屿区12345中心
秀屿区12345中心",创建示范/达标,种类数量过多/未批准/运动式/作秀式/一阵风,为了应付上级检查/考核/指标而增加一线无谓负担,0.9,"['耕地保护', '村民诉求', '形式主义']",该条目涉及村民对政府文件规定精神的违反和敷衍应付中央生态环境保护督察组的情况，反映了基层干部可能为了应付上级检查而增加一线无谓负担。,建议调取政府文件、生态环境保护督察组的反馈记录、镇村会议记录、相关干部的访谈记录等材料，以核实是否存在形式主义为基层增加负担的情况。,该条目涉及村民对政府文件规定精神的违反和敷衍应付中央生态环境保护督察组的情况，反映了基层干部可能为了应付上级检查而增加一线无谓负担。,qwen2.5vl:7b,full,HIGH,[],2026-08-10 00:53:26.910015
SM26062520144,"连五一桥都可以管理得井井有条，为什么一个开辉管理不过来？？每天早上都没有看到城管在管理，甚至于是连城管的影子都没有看到！
之前反馈的问题到现在都没有解决，，都是找借口推脱，归根究底就是工作没有做到位！",前一分钟城管经过，后三分钟摆摊就继续搬回原来的位置摆着卖。。这叫什么事啊！,2026-06-25 10:26:41,三明市,永安市,永安市城市管理综合执法大队,数据造假,虚假整改/迎检突击/边改边犯/不惩反奖,为了应付上级检查/考核/指标而增加一线无谓负担,0.9,"['城管管理不到位', '形式主义']",该条目反映的是城管管理不到位的问题，可能与上级检查/考核/指标有关，增加了基层一线的负担。,建议调取城管部门的考核记录、上级检查的文件、以及相关工作台账，以核实是否存在为了应付上级检查而增加基层负担的情况。,该条目反映的是城管管理不到位的问题，可能与上级检查/考核/指标有关，增加了基层一线的负担。,qwen2.5vl:7b,full,HIGH,[],2026-08-10 00:13:03.278485
FJ26062420205,福建省12345平台不到三月三换号，就是用“处理完毕”遮丑,"福建省12345平台不到三月三换号，就是用“处理完毕”遮丑

2026年3月14日22:33，再次收到1068423541212345。
不到三个月频繁换号，我问题没解决，你们就不断换号挡枪。
你们向来只用“处理完毕”三个字遮丑，却偷偷干着删地点、改内容、合并推诿的勾当。
向上一级机关说“已受理、已抄告、已合并”，实质是逃避责任、制造假流水。
就是不敢直面我没解决的事，更不敢删了内容再承认。
反而在后台不停换号、做假数据、隔离我。这种只盖章、不办事的做法，本身就是失职。别再装死，出来正面给个说法",2026-06-24 16:30:32,,,福建省大数据集团有限公司,数据造假,虚假整改/迎检突击/边改边犯/不惩反奖,为了应付上级检查/考核/指标而增加一线无谓负担,0.9,"['台账留痕', '数据造假']",该条目反映的是福建省12345平台频繁换号、用“处理完毕”遮丑的情况，涉及台账留痕和数据造假，反映了为了应付上级检查/考核/指标而增加一线无谓负担的问题。,建议调取12345平台的后台数据，查看换号记录、处理完毕记录等，以核实是否存在台账留痕和数据造假的情况。,投诉内容涉及平台频繁换号、用“处理完毕”遮丑，反映了为了应付上级检查/考核/指标而增加一线无谓负担的情况。,qwen2.5vl:7b,full,HIGH,[],2026-08-10 00:09:22.644349
FJ26062420176,举报福州市鼓楼区政府刘用全负责人信访数据造假、督办空转、堵截网上信访、失职渎职,"事件地点：数据造假罪加一等！福建省福州市鼓楼区政府（鼓楼区政府请收敛）知法犯法长期对我投诉件删除修改？


实名投诉：鼓楼区委书记刘用全纵容造假堵截信访通道
鼓楼区信访配合造假堵截，督办空转。恳请中纪委严查刘用全失管纵容造假，彻查堵截黑幕并严肃问责。

国信平台异常波及鼓楼区，暴露属地监管失控。
4月24日18:00至25日8:00公告维护。25日22:07我点开平台，仍显示24日旧公告，通道锁死。
26日8点后投递，至17:03仍显24日公告，服务未开。
更奇葩的是，维护未到18:00平台提前发布维护公告，公然造假。

4月25日晚至26日17:03，公告不撤、通道锁死、提前造假，行为恶劣、固定异常。
到今天26日17:03打开依然是周五公告，天大笑话，腐败公开叫板吗？

非技术故障，实为后台手动操作、内鬼上阵，蓄意阻断群众信访权利。
鼓楼区作为属地，刘用全身为第一责任人，对此恶性造假、通道堵截视而不见，监管严重失责，基层信访沦为摆设，损害政府公信力。",2026-06-24 15:40:23,福州市,鼓楼区,"鼓楼区12345中心
鼓楼区12345中心",数据造假,虚假整改/迎检突击/边改边犯/不惩反奖,为了应付上级检查/考核/指标而增加一线无谓负担,0.9,"['数据造假', '基层管理', '信访通道堵截']",该条目涉及鼓楼区政府在信访数据造假、督办空转、信访通道堵截等问题，反映了为了应付上级检查/考核/指标而增加基层无谓负担的情况。,建议调取鼓楼区政府的信访数据记录、相关会议记录、信访通道管理规定等材料，以及与刘用全负责人的谈话记录。,该条目明确指出信访数据造假、信访通道堵截等问题，符合为了应付上级检查/考核/指标而增加一线无谓负担的核心判断逻辑。,qwen2.5vl:7b,full,HIGH,[],2026-08-09 23:56:51.016709
XM26062420774,翔安区厦大附属翔安实验学校形式主义占用教职工正常生活时间,厦大附属翔安实验学校本月内每周都组织教师开会，大部分会议只是讨论考试安排，我想请问为什么每次考试都要开会；特别是在下学期所有的教职工对于考场安排考试流程已经是非常熟悉了，还要占用大家下班时间开会；明明通过一个通知或者公告的方式就可以解决的问题却要通过开会来传达，学校上周工会换届也是一样，明明可以通过线上流程却一定要组织线下开会，整个会议时长接近2个小时，国家要求的正确的政绩观以及基层减负在这所学校就是这样实行的吗？每次开会都要制作PPT，特别是小学部的分管副校长每次都要念AI出来的讲话稿，请问有什么意义，请学校和校领导作出说明，特别是小学部的邱副校长请其说明为什么每次发言都如此冗长且还是通过AI软件生成，是否突显其校领导的地位、官僚主义过分严重请其修正自身作风问题并树立正确的政绩观。也请学校主要领导积极落实中央对于基层减负的落实，不仅仅只是停留在表面,2026-06-24 10:15:56,厦门市,翔安区,翔安区教育局,精简会议,会议数量过多/层层召开/文山会海/年底扎堆/未批准直达基层,为了应付上级检查/考核/指标而增加一线无谓负担,0.9,"['会议过多', '基层减负', '无谓负担']",该投诉反映学校频繁开会，讨论考试安排，且会议时长较长，会议内容重复，且可以通过公告解决，这表明学校可能为了应付上级检查而增加了基层负担。,建议调取学校会议记录、通知公告、会议通知等相关文件，了解会议内容和目的，以及是否有通过公告解决类似问题的记录。,会议过多且内容重复，且可以通过公告解决，表明存在为了应付上级检查而增加基层负担的情况。,qwen2.5vl:7b,full,HIGH,[],2026-08-09 23:48:55.430328
ZZ26062420167,投诉：形式主义，加重教师负担,"投诉漳州台商投资区角美中心小学形式主义管理，违规加重教师负担:
一、强制早读代班教师提前到校，学生未到校无工作空坐卡点;
二、安排老师课间走廊站岗值班，挤占课间休息时间;
三、下班之后组织长达2小时	空洞冗长会议，占用私人休息时间。多项要求无政策支撑，无补贴无调休，严重违背教师减负相关规定，恳请教育主管部门介入核查整改，优化学校考勤、值班、会议管理制度。",2026-06-24 09:07:24,漳州市,台商投资区,漳州台商投资区文化教育服务中心,精简会议,会议数量过多/层层召开/文山会海/年底扎堆/未批准直达基层,为了应付上级检查/考核/指标而增加一线无谓负担,0.9,"['教师减负', '会议管理', '基层负担']",该投诉主要涉及学校形式主义管理问题，具体表现为强制教师提前到校、课间站岗值班、空洞冗长会议等，这些做法明显增加了教师的负担，属于形式主义为基层增加负担的具体表现。,建议调取学校会议记录、教师工作日志、考勤记录等，以核实是否存在形式主义增加基层负担的情况。,投诉内容明确指出学校存在形式主义管理问题，具体表现为强制教师提前到校、课间站岗值班、空洞冗长会议等，这些做法明显增加了教师的负担，属于形式主义为基层增加负担的具体表现。,qwen2.5vl:7b,full,HIGH,[],2026-08-10 00:01:12.604871
FZ26062420108,福州市12345中心刘主任，福清市12345中心这样耍无赖答复我们诉求，你们如此纵容，负有甄别不力之责任。恳求您督察督办问责福清市12345中心主任王赞文及经办人员。,"福州市12345中心刘主任，感谢您们不厌其烦地一遍遍批转我们诉求，可是没有甄别核查承办单位答复办理情况，也是一种形式主义。

FZ26062320923

福州市12345中心主任，您如何实现诺言？事事有着落？我们建发大唐养云03号楼03单元空调外机热风污染阳台问题已经在12345中心求助约1800次了，阳台热风污染问题始终得不到解决。恳求您开启问责追责机制，帮助老百姓解决问题。
补充诉求：
补充：要求福州效能办进行追责，要求把诉求件给主任做特批--2026-06-23 10:40:27
诉求时间：
2026-06-23 10:22:34
事件地点：
福建省福州市福清市建发大唐养云03号楼03单元
诉求附件：

4c9e79a9cb4f4817fd4f8b5ad4835eed.jpg

60b0f53b7565e08bcff227d1978b64e7.jpg

6c56b9ed6da34476e9e5fe14f10a12c7.jpg

9324fe3645ae16229c5d3cd6fee3468f.jpg

abe23f0ee0662e455ef223862b3fb1f6.jp
回复时间：
2026-06-23 18:00:18
您好！您反映的事项福清市自然资源和规划局、福清市住房和城乡建设局已依法依规予以答复，详见诉求件（诉求编号：FZ25102620901、FZ25060400815），您可通过查看短信中的办理情况链接进行查阅。感谢您对12345平台工作的理解与支持！",2026-06-24 05:47:45,福州市,,"福清市12345中心
福清市12345中心",数据造假,虚假整改/迎检突击/边改边犯/不惩反奖,为了应付上级检查/考核/指标而增加一线无谓负担,0.9,"['台账留痕', '数据造假']",该条目投诉福州市12345中心刘主任没有甄别核查承办单位答复办理情况，存在形式主义，增加了基层负担。核心现象是12345中心没有有效甄别和核查，导致问题长期得不到解决，属于台账留痕和数据造假的典型表现。,建议调取12345中心的台账记录、核查相关工作人员的履职情况、查看相关问题的处理流程和结果。,投诉内容涉及12345中心没有有效甄别和核查，增加了基层负担，属于台账留痕和数据造假的典型表现。,qwen2.5vl:7b,full,HIGH,[],2026-08-10 00:03:37.412226
FJ26062320190,针对工单：FJ26062220153强烈申请省级/市级提级督办！,"强烈申请省级/市级提级督办！
古田县教育局在未依法出具任何加盖公章的《书面调查结论》和《行政处理决定书》的情况下，恶意利用政务平台单方面点击“结案”，进行虚假平账。这属于极其恶劣的“程序空转”与“政务数据造假”。其实质是为了掩盖其纵容师德违规、整体行政不作为的严重渎职行为。本人已通过EMS向福建省纪委监委、省教育厅寄交包含核心录音证据的实名控告信（含该局推诿扯皮的原始录音）。恳请上级督办部门驳回此虚假结案，提级督办，严查底下的官僚主义作风及弄虚作假行为！",2026-06-23 19:15:55,宁德市,古田县,古田县教育局,指尖形式主义,强制打卡/积分排名/在线时长/上传照片视频轨迹,为了应付上级检查/考核/指标而增加一线无谓负担,0.9,"['政务数据造假', '官僚主义作风']",该条目反映的是教育局在未依法出具任何加盖公章的《书面调查结论》和《行政处理决定书》的情况下，恶意利用政务平台单方面点击“结案”，进行虚假平账。这属于形式主义为基层增加负担，因为这种行为是为了应付上级检查/考核/指标而增加了一线无谓负担。,建议调取教育局的内部文件、相关会议记录、以及涉及该事件的录音证据，以核实是否存在虚假平账和官僚主义作风。,该条目反映的是教育局在未依法出具任何加盖公章的《书面调查结论》和《行政处理决定书》的情况下，恶意利用政务平台单方面点击“结案”，进行虚假平账。这属于形式主义为基层增加负担，因为这种行为是为了应付上级检查/考核/指标而增加了一线无谓负担。,qwen2.5vl:7b,full,HIGH,[],2026-08-09 23:38:36.196124
FZ26062320918,Y:矛盾纠纷系统乱派件，增加基层工作负担,系统上传的附件材料明明有详细地址，还有公安部门具体派出所的公章，上级部门不看具体内容胡乱派件，基层发现错误后，系统明明有签收和退回两个选项，却不让退回。如此做法与中央倡导的为基层减负完全背道而驰，且毫无道理。,2026-06-23 10:21:54,福州市,永泰县,"福州市12345中心
福州市12345中心",指尖形式主义,强制打卡/积分排名/在线时长/上传照片视频轨迹,为了应付上级检查/考核/指标而增加一线无谓负担,0.9,"['矛盾纠纷系统乱派件', '基层工作负担']",该条目反映的是基层在处理矛盾纠纷系统派件时遇到的困难，系统派件不看具体内容且不允许退回，这与中央倡导的为基层减负背道而驰，增加了基层的工作负担。,建议调取矛盾纠纷系统的派件记录，了解系统派件的具体情况，以及基层在处理这些派件时遇到的具体问题。,该条目反映了基层在处理矛盾纠纷系统派件时遇到的困难，系统派件不看具体内容且不允许退回，增加了基层的工作负担。,qwen2.5vl:7b,full,HIGH,[],2026-08-09 23:36:00.286333
FJ26062320033,福建省12345平台不到三月三换号，就是用“处理完毕”遮丑,"福建省12345平台不到三月三换号，就是用“处理完毕”遮丑

2026年3月14日22:33，再次收到1068423541212345。
不到三个月频繁换号，我问题没解决，你们就不断换号挡枪。
你们向来只用“处理完毕”三个字遮丑，却偷偷干着删地点、改内容、合并推诿的勾当。
向上一级机关说“已受理、已抄告、已合并”，实质是逃避责任、制造假流水。
就是不敢直面我没解决的事，更不敢删了内容再承认。
反而在后台不停换号、做假数据、隔离我。这种只盖章、不办事的做法，本身就是失职。别再装死，出来正面给个说法",2026-06-23 08:15:06,,,"福建省12345中心
福建省12345中心",数据造假,虚假整改/迎检突击/边改边犯/不惩反奖,为了应付上级检查/考核/指标而增加一线无谓负担,0.9,"['台账留痕', '数据造假']",该投诉内容涉及12345平台频繁换号和使用“处理完毕”遮丑的情况，反映了平台可能为了应付上级检查而采取的虚假整改和只考不核的做法，增加了基层的无谓负担。,建议调取12345平台的后台数据，查看是否存在频繁换号、修改内容等行为；询问相关工作人员是否存在虚假整改和只考不核的情况。,投诉内容涉及平台频繁换号和使用“处理完毕”遮丑的情况，反映了平台可能为了应付上级检查而采取的虚假整改和只考不核的做法，增加了基层的无谓负担。,qwen2.5vl:7b,full,HIGH,[],2026-08-09 23:28:01.103289
FJ26062320015,举报福州市鼓楼区政府刘用全负责人信访数据造假、督办空转、堵截网上信访、失职渎职,"事件地点：数据造假罪加一等！福建省福州市鼓楼区政府（鼓楼区政府请收敛）知法犯法长期对我投诉件删除修改？


实名投诉：鼓楼区委书记刘用全纵容造假堵截信访通道
鼓楼区信访配合造假堵截，督办空转。恳请中纪委严查刘用全失管纵容造假，彻查堵截黑幕并严肃问责。

国信平台异常波及鼓楼区，暴露属地监管失控。
4月24日18:00至25日8:00公告维护。25日22:07我点开平台，仍显示24日旧公告，通道锁死。
26日8点后投递，至17:03仍显24日公告，服务未开。
更奇葩的是，维护未到18:00平台提前发布维护公告，公然造假。

4月25日晚至26日17:03，公告不撤、通道锁死、提前造假，行为恶劣、固定异常。
到今天26日17:03打开依然是周五公告，天大笑话，腐败公开叫板吗？

非技术故障，实为后台手动操作、内鬼上阵，蓄意阻断群众信访权利。
鼓楼区作为属地，刘用全身为第一责任人，对此恶性造假、通道堵截视而不见，监管严重失责，基层信访沦为摆设，损害政府公信力。",2026-06-23 08:04:55,,,"鼓楼区12345中心
福州市12345中心
鼓楼区12345中心
福州市12345中心",数据造假,虚假整改/迎检突击/边改边犯/不惩反奖,为了应付上级检查/考核/指标而增加一线无谓负担,0.9,"['数据造假', '信访通道堵截', '基层信访沦为摆设']",该条目反映的是鼓楼区政府在信访数据造假、信访通道堵截等问题，属于为了应付上级检查而增加基层负担的形式主义表现。,建议调取鼓楼区政府的信访数据记录、信访通道管理记录，以及相关领导的谈话记录。,该条目明确指出鼓楼区政府在信访数据造假、信访通道堵截等问题，属于为了应付上级检查而增加基层负担的形式主义表现。,qwen2.5vl:7b,full,HIGH,[],2026-08-09 23:30:39.120855
FZ26062223974,Y：关于投诉福州12345平台闽政通app限制我投诉诉求件数量的问题,投诉福州12345平台闽政通app限制我投诉诉求件，弹窗说我每日只能投诉10件，我也没有看到12345平台管理办法中有这一条，希望相关部门介入，要求部门取消掉这一条限制，特此投诉望处理。,2026-06-22 22:15:04,福州市,,"福州市12345中心
福州市12345中心",指尖形式主义,强制打卡/积分排名/在线时长/上传照片视频轨迹,为了应付上级检查/考核/指标而增加一线无谓负担,0.9,"['指尖形式主义', 'APP限制']",该条目反映12345平台限制投诉件数量，属于指尖形式主义，为了应付上级检查/考核/指标而增加一线无谓负担。,建议调取12345平台管理办法，了解限制投诉件数量的依据，以及是否有上级检查/考核/指标要求。,该条目反映12345平台限制投诉件数量，属于指尖形式主义，为了应付上级检查/考核/指标而增加一线无谓负担。,qwen2.5vl:7b,full,HIGH,[],2026-08-09 23:17:43.916003
PT26062221076,政策性安置+当年办学历史背景问题,"本人属于依据县政府会议纪要专项安置的原东软集团教职员工。当年校区师资严重短缺，无法保障正常开学，正是依靠本批安置教职工补齐师资缺口，连续三年完成全部教学任务，支撑校区稳定运营。请逐条答复：

1. 当初接收安置人员的政府会议纪要、安置政策文件中，关于用工期限、续聘、分流安置有无相关约定，请公示文件对应原文；

2. 学院称“从未承诺3年后续签”，与当年校区依赖本批人员维持办学的客观事实冲突，请解释一刀切到期全部清退的公平性依据；

3. 针对政策性安置教职工，学院是否制定差异化续聘、分流、转岗配套方案，若有，请列明方案具体内容。

（二）隐瞒巡查整改清退核心真实原因（答复完全避而不谈）

全体教职工均知晓本次批量到期不续签的根本背景是上级巡查整改，存在清退人事代理安置人员的整改任务，但本次官方答复全程刻意隐瞒该关键事由，仅以“合同到期”作为表面说辞。请逐条答复：

1. 本次批量不予续签，是否受上级巡察/巡查整改文件约束，是否存在清退本类安置人员的硬性整改任务；

2. 若存在整改要求，请提供巡查整改通知书、整改任务清单完整原文；

3. 若巡查整改仅要求规范用工，为何整改方案仅选择一刀切全部清退，未设置续签、内部转岗、分流安置等替代整改方式；

4. 为何6月15日官方答复刻意隐瞒巡查整改清退这一核心处置背景，刻意误导教职工。

（三）人员处置程序违规问题（先清退、后征求意见）

答复称《仙游校区人员处置方案》尚处于讨论酝酿阶段，仅用于征集职工诉求、统计支持率，但学院早已单方面向教职工送达到期不续签通知，先行落实清退处置行为，流程完全倒置。请答复：

1. 先作出不续签清退决定，后征求职工意见的处置流程，对应的合规管理依据是什么；

2. 方案尚未定稿落地，为何提前单方面终止用工，该操作是否侵害职工事前协商、知情表达诉求的法定权利。",2026-06-22 16:53:12,莆田市,仙游县,湄洲湾职业技术学院,权责不清/甩锅,清单外事项下放/签责任状转嫁/属地管理甩锅,为了应付上级巡查整改而一刀切清退政策性安置教职工,0.9,"['层层加码', '一刀切', '巡查整改', '政策性安置']",该条目反映的是政策性安置教职工在合同到期后被一刀切清退的情况，可能与上级巡查整改任务有关，存在为了应付上级巡查整改而增加基层负担的问题。,建议调取上级巡查整改文件、整改任务清单、学院的安置政策文件以及与教职工的沟通记录，以核实是否存在为了应付上级巡查整改而一刀切清退教职工的情况。,该条目反映的是政策性安置教职工在合同到期后被一刀切清退的情况，可能与上级巡查整改任务有关，存在为了应付上级巡查整改而增加基层负担的问题。,qwen2.5vl:7b,full,HIGH,[],2026-08-09 23:18:53.671399
QZ26062220916,泉州市驾培协会长期内控失效、岗位失控、人员违规同业经营、财务不透明，同步提请泉州交警支队介入核查录表制证业务乱象，请民政局牵头交警部门联合规范,"本人以群众身份严肃督办咨询，坚决提请泉州市民政局牵头、泉州市公安局交警支队联合履职彻查。泉州市机动车驾驶培训行业协会存在长期内控崩塌、权力垄断、人员违规牟利、驾考审核不公、财务暗箱操作等多项严重违规问题，属于双部门法定监管职责范围，请求两部门从严核查、落地整改、禁止敷衍处置，全程匿名、严格保密、无需电话回访，只需要向12345回复我咨询的内容。
一、违规事实清晰、问题严重
1. 核心岗位长期独家垄断，十年零轮岗，严重违反内控法规
协会工作人员卢某十余年一人独占全部核心职权，包揽业务审核、台账管理、财务对接、全市驾校学时资料前置初审、统一报送交警录表制证等关键工作，长期不轮岗、不分权、无监督、无制衡。全市所有驾校考试材料生死权限由其个人一手把控，导致长期选择性办事、刻意卡压、拖延流程、区别对待会员单位，行业不公问题长期泛滥，群众反映极其强烈。
2. 公职性质协会人员违规同业经营，构成严重利益冲突、破坏市场公正
该人员作为行业协会审核把关、交管对接核心人员，明知违规仍私下操盘、经营石狮2家驾校，参与同业市场竞争。属于典型法定禁止的“既当裁判、又当运动员”，手握全市学时审核、材料放行大权，同时经营竞争主体，存在系统性偏袒关联驾校、打压同行、利益输送、学时舞弊的重大廉政风险，严重扰乱泉州驾培营商环境。
3. 协会财务严重不透明，涉嫌违规发放补贴、账务封闭失控
协会违规发放理事会现金补贴（开一次理事会对理事发500元现金），无公示、无凭证、无明细；全年会费收支、公务开支长期完全拒绝向会员公开，严重违反社会团体财务公开、接受社会及会员监督的强制性规定，账务管理混乱、疑点重重，微信群从未公示过协会账单。
4. 驾考学时初审权限单人垄断，存在系统性考试不公风险（交警法定监管）
全市驾校学员学时档案、考试材料，全部由卢某一人前置审核筛选后，方可报送车管所交警窗口录表制证。该人员经营驾校却独享初审放行权，极易出现对自有驾校放宽标准、优先审批，对其他驾校严苛刁难、无故压件，涉嫌差异化审核、选择性执法、篡改学时资料，直接冲击驾考制度公平性，风险极其恶劣。
二、刚性合规咨询
1. 请民政局明确答复：协会关键岗位十余年一人独权、零轮岗、零制衡，是否违反社团内控条例？对长期违规垄断岗位人员是否必须强制调岗、拆分权限、追责整改？
2. 请民政局明确答复：协会在岗审核人员参与同业经营牟利、存在重大利益冲突，是否属于严重违规履职？是否必须强制清退全部同业经营业务？
3. 请民政局答复：协会长期隐瞒会费账务、违规发放现金补贴不公示，是否应予问责、整改、全面公开账目？
4. 请交警支队答复：默许协会单人垄断全市学时初审、送审权限，且该人员自身经营驾校，是否符合驾考监管规范？是否应彻查历年台账、纠正行业乱象？
三、强硬履职请求
1. 督促民政局立即拆分岗位权限、强制人员调岗，彻底终结十年权力垄断；勒令当事人退出全部驾校经营；全面公开协会财务所有明细，整顿社团管理乱象。
2. 督促交警支队全面倒查核查历年学时初审台账，严查审核偏袒、徇私、卡压、舞弊行为；彻底改革单人独审制度，建立多人复核、随机抽查、全程监督机制，杜绝考试审核不公。
本人要求实质性核查、刚性落地整改、书面详实回复，严禁模板答复、敷衍办结、形式整改，切实规范泉州驾培行业秩序，严格保护匿名反映人隐私，杜绝打击报复。",2026-06-22 14:55:57,泉州市,,"泉州市民政局
泉州市公安局交通警察支队",权责不清/甩锅,清单外事项下放/签责任状转嫁/属地管理甩锅,为了应付上级检查/考核/指标而增加一线无谓负担,0.9,"['驾培协会', '内控失效', '岗位失控', '人员违规', '财务不透明']",该条目反映了驾培协会内控失效、岗位失控、人员违规同业经营、财务不透明等问题，这些现象可能与上级部门的考核和监管有关，增加了基层的负担。,建议调取协会的内部管理文件、财务记录、人员岗位职责文件等，以核实是否存在层层加码和一刀切的情况。,该条目反映了驾培协会内控失效、岗位失控、人员违规同业经营、财务不透明等问题，这些现象可能与上级部门的考核和监管有关，增加了基层的负担。,qwen2.5vl:7b,full,HIGH,[],2026-08-09 23:22:32.205262
NP26062220357,"被投诉单位：紫云派出所
被投诉民警：何佳鑫","被投诉单位：紫云派出所
被投诉民警：何佳鑫

投诉事项

紫云派出所民警何佳鑫办理本人案件鉴定材料送检事宜，前后共计三次向司法鉴定科学研究院（上海）提交材料；其中第二次送检系何佳鑫与投诉人一同前往上海，该批次材料私下直接递交上海司鉴院工作人员，无派出所内部材料交接登记、无出入库台账记录，送检流程不符合公安机关规范要求。

事实与理由

本人涉事案件鉴定材料，由紫云派出所民警何佳鑫负责分三次送往司法鉴定科学研究院（上海）送检。
根据《公安机关鉴定规则》及公安机关物证、案卷材料管理规定：办案民警对外移送鉴定材料，事前必须在单位办理材料出库登记、内部专人交接签字、建立完整流转台账，全程留痕可追溯，以此保障鉴定材料真实完整、来源合法、移送程序合规。
本次第二次送检，何佳鑫与本人一同前往上海司法鉴定科学研究院，材料由其私下直接递交该院法医人员，全程未在紫云派出所办理内部交接手续，没有材料出入库登记台账，无任何流转存档记录。该违规私下交接行为，导致该批次送检材料流转轨迹无法核查，存在材料被改动、替换、遗漏的风险，直接影响司法鉴定程序合法性与鉴定意见公正性，侵害本人合法权益。

投诉请求

1.请求公安督察部门全面核查三次送检材料全部流程，重点核查第二次一同赴沪送检材料的内部交接登记表、出库台账、司鉴院收件凭证等全部资料；
2.责令紫云派出所针对第二次送检无交接记录、无台账、私下递交材料的问题限期整改，补齐全部缺失手续，并向投诉人出具书面情况说明；
3.对本次违规私下交接送检材料的行为依规核查处置，并将书面处理结果送达投诉人；
4.规范本案后续所有鉴定材料送检流程，严格执行内部登记、交接签字、台账存档制度，杜绝私下递交材料、无记录送检的情况再次发生。

附件清单：
1.案件受理回执复印件
2.与民警沟通送检事宜的相关凭证
3.病历、首次及历次送检相关材料复印件

投诉人签字：杨仰锋
日期：2026年06月22日",2026-06-22 12:16:49,南平市,延平区,南平市公安局延平分局,数据造假,虚假整改/迎检突击/边改边犯/不惩反奖,为了应付上级检查/考核/指标而增加一线无谓负担,0.9,"['机关事务工作', '台账记录', '司法鉴定']",该条目涉及公安派出所民警在送检鉴定材料时未按规定办理内部交接手续、建立台账记录，存在台账留痕不全的问题，这可能为了应付上级检查而增加了基层工作负担。,建议调取紫云派出所内部材料交接登记表、出库台账、司鉴院收件凭证等全部资料，以核实送检材料的流转轨迹和程序是否合规。,该条目涉及未按规定办理内部交接手续、建立台账记录，存在台账留痕不全的问题，属于为了应付上级检查而增加了基层工作负担。,qwen2.5vl:7b,full,HIGH,[],2026-08-09 23:24:22.707685
FJ26062120124,【升级举报】福州12345恶意拦截诉求、做假数据，涉嫌行政违法，请求上级监管介入核查,"问题分类：长期弄虚作假及删除事件地点严重腐败！


苏增添的下场忘了？拆迁推诿、过渡费拖欠，就是重蹈覆辙！

打卡游福州市12345市长热线平台风景，推诿观光带逛腻了，回复太经典“诉求不清”你们好自为之见好就收！


福州12345平台存在恶意拦截诉求、篡改信访数据、人为制造验证码故障等系列违规行为，已涉嫌行政违法，现请求上级监管部门直接介入，彻查幕后责任人员！
系列违规行为已触及法律底线，绝非“工作失误”可掩盖，若上级监管部门不及时介入，本人将同步所有证据至检察机关，追究相关人员法律责任！福建省福州市12345市长热线平台！",2026-06-21 22:30:24,福州市,,"福州市12345中心
福州市12345中心",指尖形式主义,强制打卡/积分排名/在线时长/上传照片视频轨迹,为了应付上级检查/考核/指标而增加一线无谓负担,0.9,"['恶意拦截', '数据造假', '行政违法']",该条目反映的是福州12345平台存在恶意拦截诉求、篡改信访数据等违规行为，涉嫌行政违法。这些行为可能为了应付上级检查而增加了基层工作人员的负担，属于形式主义为基层增加负担。,建议调取12345平台的后台数据，查看是否存在恶意拦截和篡改数据的行为；询问相关工作人员是否存在为了应付上级检查而增加负担的情况。,该条目反映的是平台存在恶意拦截和篡改数据的行为，属于为了应付上级检查而增加基层负担的形式主义问题。,qwen2.5vl:7b,full,HIGH,[],2026-08-09 22:56:23.098965
FJ26062120110,举报福州市鼓楼区政府刘用全负责人信访数据造假、督办空转、堵截网上信访、失职渎职,"事件地点：数据造假罪加一等！福建省福州市鼓楼区政府（鼓楼区政府请收敛）知法犯法长期对我投诉件删除修改？


实名投诉：鼓楼区委书记刘用全纵容造假堵截信访通道
鼓楼区信访配合造假堵截，督办空转。恳请中纪委严查刘用全失管纵容造假，彻查堵截黑幕并严肃问责。

国信平台异常波及鼓楼区，暴露属地监管失控。
4月24日18:00至25日8:00公告维护。25日22:07我点开平台，仍显示24日旧公告，通道锁死。
26日8点后投递，至17:03仍显24日公告，服务未开。
更奇葩的是，维护未到18:00平台提前发布维护公告，公然造假。

4月25日晚至26日17:03，公告不撤、通道锁死、提前造假，行为恶劣、固定异常。
到今天26日17:03打开依然是周五公告，天大笑话，腐败公开叫板吗？

非技术故障，实为后台手动操作、内鬼上阵，蓄意阻断群众信访权利。
鼓楼区作为属地，刘用全身为第一责任人，对此恶性造假、通道堵截视而不见，监管严重失责，基层信访沦为摆设，损害政府公信力。

依据《信访工作条例》，严禁人为设障弄虚作假。刘用全履职不力，放任下属造假堵路，构成严重不作为、乱作为。

恳请介入，封存鼓楼区相关后台数据，彻查幕后黑手，追究刘用全监管失责、纵容腐败的领导责任！",2026-06-21 22:02:28,福州市,鼓楼区,"鼓楼区12345中心
鼓楼区12345中心",指尖形式主义,强制打卡/积分排名/在线时长/上传照片视频轨迹,为了应付上级检查/考核/指标而增加一线无谓负担,0.9,"['指尖形式主义', '数据造假', '信访通道堵塞']",该条目反映的是鼓楼区政府在信访数据造假、督办空转、信访通道堵塞等问题，属于为了应付上级检查/考核/指标而增加一线无谓负担的形式主义问题。,建议调取鼓楼区政府的信访数据、相关会议记录、上级检查考核记录等材料，以及与信访工作人员的谈话记录，以核实是否存在数据造假和信访通道堵塞的问题。,该条目反映的是为了应付上级检查/考核/指标而增加一线无谓负担的形式主义问题，具体表现为数据造假和信访通道堵塞。,qwen2.5vl:7b,full,HIGH,[],2026-08-09 22:56:57.618554
SM26062020125,举报三明卫健委压案不查！三明台江重大骗保线索,"请务必完整记录我本次反映的内容。后续若上级部门核查三明台江医院，从中查实各类重大问题与违法线索，结合现有情况可确定三明市卫健委医政科存在明显包庇行为。恳请将本条记录作为正式留存证据，待相关案件线索查实后，依法依规追究卫健委相关人员的责任。

举报三明市卫健委充当三明（台江医院）保护伞、滥用职权、包庇违法!

附详细线索 

举报人黄慧娟
身份证350402199010160047


本人于2026年3月27日正式向国家医保局提交举报，反映三明市台江医院骗保！虚构残疾等级、限制患者出院、过度医疗、病历记录伪造，滞留完全民事行为能力人1770天等问题。
 
1. 2026年3月29日，收到国家医保局答复：案件逐级转交福建省医保局办理；
​
2. 福建省医保局随后将案件指派三明市医保局核查；
​
3. 三明市医保局依规移交三明市卫健委，要求核查涉事医院是否存在过度医疗等违规行为。
 
案件移交卫健委后，该单位未立即开展实地核查，反而违规给予涉事台江医院长达一个月的自查期限。自查期满后，卫健委依旧消极处置、刻意拖延，从3月底直至2026年6月19日，耗时近三个月才移交至卫健监督所启动正式调查，全程故意拉长办理周期，明显存在压案、拖案意图。


 收国家医保局督办案件 → 给涉事医院1个月自查洗白期
​
1​未查先判，采信院长单方证词
（本人手持电话录音）

2 刻意组织4名医生出具偏袒性结论
（本人已得到内部消息，卫健委组织的二甲专科意见和本人手上的三甲医院专家意见形成对冲）

​
3EMS实名举报件骗保线索，本人去了卫健委，把我发的这些举报退回给我
试图想把违法线索举报转化为信访流程，延长执法时间

4本人前往卫健监督所准备提交全部原始证据、线索及专业意见，离开后随即接到监督所工作人员电话，称卫健委已下达指令，所有案件线索与证据仅能由卫健委提供，不允许举报人个人直接递交材料。
该行为属于行政机关非法干预执法机构独立办案，垄断证据渠道，刻意对证据进行筛选、删减，变相包庇涉事方，严重侵犯公民举证、监督的法定权利。


5我多次向三明市卫健委提交举报材料，但当地卫健委存在严重履职问题：第一，刻意压案不查，拖延处置；第二，刻意回避核心的骗保、非法滞留问题，内部仅将事件定性为单纯的医疗文书瑕疵；第三，动用本地专家出具意见，试图否定我手中三甲医院权威专家的鉴定结论，混淆事实。",2026-06-20 11:19:14,三明市,三元区,"三明市12345中心
三明市12345中心",创建示范/达标,种类数量过多/未批准/运动式/作秀式/一阵风,为了应付上级检查/考核/指标而增加一线无谓负担,0.9,"['评比创建', '证明', '借调']",该条目反映的是卫健委在处理医疗骗保案件时存在压案不查、拖延处置等问题，属于为了应付上级检查/考核/指标而增加一线无谓负担的形式主义表现。,建议调取卫健委在处理医疗骗保案件时的相关记录，包括案件移交、核查、处理过程等，以及相关工作人员的谈话记录。,该条目反映的是为了应付上级检查/考核/指标而增加一线无谓负担的形式主义表现。,qwen2.5vl:7b,full,HIGH,[],2026-08-09 22:47:17.194560
NP26061820811,关于小区地库废品收购堆放问题反复反弹再次投诉。,"物投诉厦门世家物业只接投诉不解决问题，敷衍业主投诉，欺骗政府部门。仅发一张6月11号清理后的现场照片，结果才过了不到三天，32栋B1层的纸壳、旧塑料瓶置物架又堆回了原位，问题完全没有得到解决。
 物业这种“拍张照片交差、转头就放任问题反弹”的应付式处理，本质上根本没想着从根源解决问题，只是为了糊弄业主、完成投诉处理的KPI，完全没有尽到小区日常维护的基本责任。

以下为6月18号拍摄真实现场图片。",2026-06-18 23:21:49,南平市,延平区,"南平市延平区城市管理和综合执法局
南平市延平区人民政府水东街道办事处",指尖形式主义,强制打卡/积分排名/在线时长/上传照片视频轨迹,为了应付上级检查/考核/指标而增加一线无谓负担,0.9,"['小区管理', '物业投诉', '敷衍处理']",该条目描述了物业在处理小区地库废品收购堆放问题时，仅发一张清理后的现场照片，但问题并未得到解决，表明物业可能为了完成投诉处理的KPI而采取了敷衍处理的方式，增加了基层负担。,建议调取物业的日常管理记录、业主投诉记录、物业与政府部门的沟通记录，以及物业的绩效考核记录，以核实物业是否为了完成KPI而采取了敷衍处理的方式。,该条目描述了物业为了完成投诉处理的KPI而采取了敷衍处理的方式，增加了基层负担，符合指尖形式主义的定义。,qwen2.5vl:7b,full,HIGH,[],2026-08-09 22:27:41.947114
XM26061823283,投诉湖里区就业中心虚假登记等问题,2026年6月12日，其连续收到3条湖里区就业中心发送的短信，内容就是有联系其做过相关就业帮扶登记，其也到相近服务基地报名。其要投诉湖里区就业中心给其虚假登记说联系过其。在这个期间，其从未接到过任何就业工作人员电话、微信、线下上门对接，不存在任何沟通记录。湖里区就业中心无实际联系信息，确录入虚假联系的台账，属于政务服务弄虚作假，违反就业帮扶工作规范。要求核查生成该虚假记录的责任单位及对虚假回访问题进行整改，并向其回复。要求规范失业人员就业帮扶回访机制，杜绝无服务虚假登记。以上问题要求有关部门调查处理。,2026-06-18 22:22:42,厦门市,湖里区,湖里区人力资源和社会保障局,数据造假,虚假整改/迎检突击/边改边犯/不惩反奖,为了应付上级检查/考核/指标而增加一线无谓负担,0.9,"['虚假登记', '就业援助', '台账留痕']",该条目反映湖里区就业中心存在虚假登记的情况，属于为了应付上级检查而增加基层负担。就业中心通过虚假台账留痕，增加了基层工作人员的工作负担。,建议调取湖里区就业中心的台账记录、相关工作人员的工作记录以及与投诉人相关的沟通记录，以核实虚假登记的情况。,投诉内容涉及就业中心通过虚假台账留痕，增加了基层工作人员的工作负担，符合形式主义为基层增加负担的判断逻辑。,qwen2.5vl:7b,full,HIGH,[],2026-08-09 22:28:19.180255
ND26061820618,投诉抬棺送葬问题,何先生来电反映，近期，他在网上看到寿宁县推行“喜事新办、丧事简办”相关政策，其中涉及禁止公职人员家属“当街抬棺送葬”的规定，并有公职人员因此受到处分。他代表四川网友对此表示愤怒和谴责，认为当地政府存在形式主义问题。现希望当地政府能多办实事、切实关心民生。烦请相关部门核实处理。,2026-06-18 21:35:30,宁德市,寿宁县,"寿宁县12345中心
寿宁县12345中心",创建示范/达标,种类数量过多/未批准/运动式/作秀式/一阵风,为了应付上级检查/考核/指标而增加一线无谓负担,0.9,"['评比创建', '证明', '借调']",投诉内容涉及禁止公职人员家属“当街抬棺送葬”的规定，这可能与当地推行的“喜事新办、丧事简办”政策有关，该政策可能在一定程度上增加了基层工作人员的工作负担，尤其是公职人员，因为需要执行和监督这些规定，从而增加了他们的工作压力。,建议调取当地关于“喜事新办、丧事简办”政策的文件、公职人员的考核记录以及相关公职人员的访谈材料，以核实是否存在形式主义问题。,投诉内容涉及禁止公职人员家属“当街抬棺送葬”的规定，这可能与当地推行的“喜事新办、丧事简办”政策有关，该政策可能在一定程度上增加了基层工作人员的工作负担。,qwen2.5vl:7b,full,HIGH,[],2026-08-09 22:28:37.725458
ND26061820600,投诉部门问题,张先生来电反映，宁德市市委市政府和寿宁县县委县政府对于寿宁县融媒体微信公众号今日寿宁所发布的关于寿宁县鳌阳镇移风易俗事件的通报，所提到的有群众在街道上抬棺行走送葬，针对该事件对当事人相关的公职人员进行了严肃的问责。他认为，宁德市市委市政府和寿宁县县委县政府过于形式主义，形式主义之祸烈于贪污腐败，你们宁德市市委市政府和寿宁县县委县政府这样一种不负责任的乱问责，严重的损害了干群关系，严重的损害了党在人民群众的威信和执政根基。严重的损害了干部干事创业的热情和工作积极性。他想请问：宁德市市委市政府寿宁县县委县政府的主要负责人，你们的父母死后难道就是悄悄的拉到沟里埋了就算了吗？他呼吁，在开展移风易俗这项工作时，要准确理解党中央的政策，在尊重历史尊重传统的基础上，耐心的做好群众的工作。不能搞一刀切，不能搞形式主义，不能乱问责。再次请问，宁德市委市政府、寿宁县县委县政府你们的父母死后难道就悄悄的拉到沟里埋了就算了吗？烦请相关部门核实处理。（群众要求将诉求件录音转交至宁德市市委市政府与寿宁县县委县政府，让他们主要负责人全程听取；群众表示如果不满意部门的答复，他要将这个录音经过多个公众号和多个媒体继续跟踪这个事情）,2026-06-18 20:43:49,宁德市,寿宁县,"寿宁县12345中心
寿宁县12345中心",指尖形式主义,强制打卡/积分排名/在线时长/上传照片视频轨迹,为了应付上级检查/考核/指标而增加一线无谓负担,0.9,"['形式主义', '问责', '基层负担']",该条目反映了宁德市市委市政府和寿宁县县委县政府在移风易俗工作中存在形式主义问题，导致干部问责过多，损害了干群关系和党在人民群众的威信。这属于为了应付上级检查/考核/指标而增加一线无谓负担的典型表现。,建议调取宁德市市委市政府和寿宁县县委县政府关于移风易俗工作的相关文件、会议记录、问责记录等材料，以及与相关干部的谈话记录，以核实是否存在形式主义问题。,该条目反映了宁德市市委市政府和寿宁县县委县政府在移风易俗工作中存在形式主义问题，属于为了应付上级检查/考核/指标而增加一线无谓负担。,qwen2.5vl:7b,full,HIGH,[],2026-08-09 22:29:19.781099
XM26061822789,厦门集美区人民政府怠政懒政不作为,"我6.4号反应的，厦门集美灌口坑内村前山社381号，苏氏养殖场，户主，苏志坚的问题。6.15号才开始办理，一条政令从厦门市政府传到到基层，用了11天，几十公里走路也要好几个来回了吧。我以前在漳州市政府投诉的问题，第二天就传达到基层，两三天内问题就解决了。漳州距离厦门那么近，可以去学习一下嘛，三人行必有我师，学习一下别人的治理经验不寒碜。
1.我反映租住的房屋隔断成若干小房间你们是一点也看不见：不能随便打隔断、分割成小间出租，全国有明确禁令，违者可罚款、恢复原状、合同可解除。
法律依据（2025.9.15起施行）
《住房租赁条例》：
必须以原设计房间为最小出租单位，不得擅自分割、打隔断
房东：警告+罚款2000–10000元、没收违法所得、限期恢复原状
租客：可解除合同、要求退押金和租金，无需承担违约责任
2.反映的另一个问题，养鸡场建在厦门市区居民区中间。
国家法规红线
禁养区：《畜禽规模养殖污染防治条例》明确，城镇居民区、人口集中区属于禁养区，严禁建规模化养殖场
防疫距离硬标准：《动物防疫条件审查办法》要求，养鸡场必须距离居民区≥500米
市区养鸡，
臭味扰民：粪便、氨气异味严重，
疫病风险：人畜共患病、禽流感传播风险高
环保不达标：粪便、废水、噪声难处理，环评通不过。

然后给我说，我们管不到，你去寻求法律途径吧。草草结案。这就是踢皮球，甩责任。形式主义，官僚主义作风。当官不为民做主，不如回家卖红薯。
习近平主席说过，要真抓实干，马上就办。你们是一句也没放在心上。",2026-06-18 18:54:20,厦门市,集美区,厦门市集美区灌口镇人民政府,盲目决策/形象工程,不顾实际上项目/盲目举债/挖山造田/有轨电车/农旅烂尾/违规占地,为了应付上级检查/考核/指标而增加一线无谓负担,0.9,"['怠政懒政', '不作为', '形式主义', '官僚主义']",该条目反映的是政府在处理问题时拖延不作为，且在处理群租房和养鸡场问题时，存在形式主义和官僚主义作风，导致问题解决不及时。核心根因是为应付上级检查/考核/指标而增加一线无谓负担。,建议调取政府处理问题的记录、相关法规文件、基层工作人员的访谈记录，以核实是否存在拖延不作为和形式主义现象。,该条目反映了政府在处理问题时拖延不作为，且存在形式主义和官僚主义作风，符合核心判断逻辑。,qwen2.5vl:7b,full,HIGH,[],2026-08-09 22:30:43.328091
NP26061820428,高校强制捐书,您好，我要投诉福建省南平市延平区闽北职业技术学院强制捐书。在班级群要求每位学生必须捐赠3本书，不捐会在班上点名、影响综合素质评价。捐赠属于自愿行为，学校硬性摊派违反慈善自愿原则。我已留存班级通知截图、聊天记录证据，诉求：要求学校取消强制捐书规定、书面整改并反馈处理结果。,2026-06-18 15:08:58,南平市,延平区,南平市教育局,创建示范/达标,种类数量过多/未批准/运动式/作秀式/一阵风,为了应付上级检查/考核/指标而增加一线无谓负担,0.9,['评比创建证明借调'],该条目反映的是高校强制学生捐书的问题，属于评比创建证明借调类型，学校硬性摊派违反慈善自愿原则，增加了学生负担。,建议调取班级通知截图、聊天记录等证据，找相关负责人谈话，查看学校相关规章制度。,投诉内容涉及学校硬性摊派强制捐书，增加了学生负担，符合评比创建证明借调类型。,qwen2.5vl:7b,full,HIGH,[],2026-08-09 22:26:50.978577
SM26061820148,关于多年民政局擅自侵占合法承包的私人林地,"民政局多年侵占合法承包的私人林地，从2023年开始协商至今没有给予解决。全程只做口头搪塞忽悠，每次沟通均以“正在开会研究、等待上级批复、后续统一处理”等模糊话术拖延，从来没有出具书面调查受理回执、没有划定办理时限、没有开展实地勘验核查，没有拿出任何实质性解决方案，属于典型口头答复、虚假回应￼￼￼。对待群众合理维权诉求消极懈怠，2023年一直延续至今，漠视群众合法林权财产权益。存在推诿扯皮、办事不作为现象，多次沟通中工作人员相互推脱，不直面核心侵权问题，不担当、不办实事，形式主义问题突出，一次次消耗群众维权时间与精力，导致该林地侵占纠纷数年悬而未决，问题始终得不到化解，严重损害公职部门公信力。
本人合法林权证权属清晰，侵权事实证据确凿，本该依法快速调处化解，却因民政局工作人员怠于履职、敷衍忽悠，致使维权之路艰难漫长。现一并投诉该单位懒政怠政、不作为乱作为、忽悠群众不办实事的工作作风问题，恳请纪检、林业、信访部门一并核查追责，限期给出书面处理结果。",2026-06-18 11:22:47,三明市,大田县,大田县民政局,权责不清/甩锅,清单外事项下放/签责任状转嫁/属地管理甩锅,为了应付上级检查/考核/指标而增加一线无谓负担,0.9,"['农民权益保障', '形式主义为基层增加负担']",该条目反映了民政局工作人员怠于履职、敷衍忽悠，导致群众维权之路艰难漫长，问题始终得不到化解。这表明为了应付上级检查/考核/指标而增加了基层的无谓负担。,建议调取民政局工作人员的履职记录、会议记录、上级批复文件等材料，以核实是否存在为了应付上级检查/考核/指标而增加一线无谓负担的情况。,该条目反映了民政局工作人员怠于履职、敷衍忽悠，导致群众维权之路艰难漫长，问题始终得不到化解，属于为了应付上级检查/考核/指标而增加一线无谓负担的情况。,qwen2.5vl:7b,full,HIGH,[],2026-08-09 22:35:07.784398
FZ26061820872,立即停止强制抽调社区工作人员承担中高考考点志愿服务,"我是一名社区工作人员，现投诉上级强制安排我们全员参与中考、高考考点志愿服务一事。
社区本身台账、民生服务、网格治理等本职工作任务繁重，考点值守疏导、爱心服务不属于社区法定工作职责，属于额外摊派。现在只要有各类临时任务就要求社区人员随叫随到，长期挤占正常工作及休息时间，严重增加基层负担，违背基层减负相关要求。
恳请上级厘清各部门工作职责边界，不再将不属于社区的工作硬性分派给社区工作人员，合理分配人力，保障社区正常开展本职工作。",2026-06-18 10:12:11,福州市,晋安区,福州市晋安区鼓山镇人民政府,权责不清/甩锅,清单外事项下放/签责任状转嫁/属地管理甩锅,为了应付上级检查/考核/指标而增加一线无谓负担,0.9,"['层层加码', '一刀切']",该条目反映社区工作人员被强制抽调参与中高考考点志愿服务，这属于额外摊派任务，违背了基层减负相关要求。关键现象是上级部门将不属于社区法定工作职责的任务硬性分派给社区工作人员，导致基层负担增加。因果链条是上级部门的过度管控导致基层负担增加。,建议调取上级部门关于社区工作人员职责分工的文件，以及社区工作人员的工作日志，以核实是否存在额外摊派任务。,该条目反映了上级部门将不属于社区法定工作职责的任务硬性分派给社区工作人员，属于层层加码/一刀切，增加了基层负担。,qwen2.5vl:7b,full,HIGH,[],2026-08-09 22:19:00.783794
PT26061820231,关于编制借调的问题,市民反映：荔城区教育局本来编制只有10个人，但是现在居然有30个人，其中20个人是基层借调过来的，其表示这种现象是否合理，希望相关部门核实给出一个合理解释。,2026-06-18 09:31:10,莆田市,荔城区,荔城区教育局,创建示范/达标,种类数量过多/未批准/运动式/作秀式/一阵风,为了应付上级检查/考核/指标而增加一线无谓负担,0.9,"['编制管理', '借调人员', '基层负担']",该条目反映的是基层编制人员被借调到其他部门，导致基层编制人员不足，增加了基层负担。这可能是因为为了应付上级检查/考核/指标而增加一线无谓负担。,建议调取该市教育局的编制管理文件、借调人员的记录以及相关考核指标的文件，以核实是否存在为了应付上级检查/考核/指标而增加基层负担的情况。,该条目反映的是基层编制人员被借调到其他部门，导致基层编制人员不足，增加了基层负担，符合为了应付上级检查/考核/指标而增加一线无谓负担的判断逻辑。,qwen2.5vl:7b,full,HIGH,[],2026-08-09 22:19:54.156854
QZ26061721653,投诉：村干部许*山侵占土地、龙眼树地划分界线三方分地未能处理 M,诉求者来电反映原工单QZ25040301296，部门已答复，问题没有处理，镇政府一直不处理。驻张坑村工作队员黄*东在处理许*山霸占耕地、不与三方((许*山、许*山、许*进)分龙眼树地界线行政不作为乱作为、欺上瞒下、歪曲事实颠倒黑白充当许*山的保护伞。1、10月14日本人找驻村干部查询不到本人反映的事项信息，驻村干部（李*）电脑没有收到投诉的相关事项问题信息，诉求者表示既然没有收到事项相关问题，为什么会回复部门答复意见处理，请政府各部门和霞美镇政府答复。在南安市霞美镇镇长黄*水不作为，乱作为。2、镇长亲自告诉其2025年7月14日-7月30日村书记黄*江已经处理，三方要到现场分龙眼树地界，等驻村干部李*探亲回来就到现场分龙眼树界限。诉求者2025年8月4日和村书记黄*江联系，请求分地。2025年8月4日村书记告知许*山不到现场分龙眼树地界，因驻村工作队员黄*东和村委会副主任黄*湖告知许*山，诉求者到国家信访局控告许*山的多项罪状，许*山才不到现场分地，诉求者有录音证据。诉求者请求镇政府处理问题，镇政府一直推脱，不作为，敷衍了事。诉求者多次和南安市纪委书记陈*松反映情况，南安市纪委书记9月4日告知4+2处理，镇书记黄*良、镇长黄*水，驻村村干部李*，村书记黄*江4个人处理，再加两个人，驻村工作队员黄*东和村委会副主任黄*湖，动员许*山到现场分地，至今一直未处理。诉求者和纪委书记反映，纪委书记表示会抓紧处理。诉求者2025年1月13日和1月16日向人大反映，转到霞美镇处理。2025年6月6日向国家信访局反映情况，霞美镇政府6月23日书面答复2025年8月10日处理完成。诉求者表示镇政府于8月4日书面回复，但歪曲事实，颠倒黑白。诉求者9月22日到省信访局反映，信访局要求霞美镇处理。诉求者表示多次向中央巡视组反映多次，未处理。诉求者2025年10月9日到镇里找镇长，找不到镇长。诉求者第一次拨打镇长电话，电话不接。诉求者第二次拨打镇长的电话，镇长让其找李*和戴*阳。诉求者告知镇长，李*2023年至今多次表示处理不了，镇长违背南安市纪委书记陈*松的4+2处理方案。要求按照南安市纪委书记说的4+2处理，镇长挂断电话。诉求者多次拨打镇长的电话，电话无法拨通。诉求者表示镇长不作为，乱作为，制造冤假错案，镇长明目张胆保护村霸许*山，多次反映未处理，恳求按照纪委书记说的4+2处理，恳求政府各部门合理合法，依法依规、公平公正，处理问题。请求平台打电话给镇长（黄*水），反映存在现实问题，并请求处理问题。现问题没解决，信息天天来，驻村干部李*表示查不到其投诉的问题，平台多次将工单批转南安市12345不合理，强烈要求泉州市12345中心处理。故再次反映，望部门核实处理。（诉求者请求12345平台和各级政府处理其反映的问题，另本人致电的是0595-28382345，不要流转南安市）,2026-06-17 20:16:03,泉州市,南安市,"泉州市12345中心
泉州市12345中心",权责不清/甩锅,清单外事项下放/签责任状转嫁/属地管理甩锅,为了应付上级检查/考核/指标而增加一线无谓负担,0.9,"['层层加码', '一刀切']",该条目反映村干部不作为、乱作为，镇政府推诿扯皮，导致问题长期得不到解决。这可能是因为为了应付上级检查或考核，导致基层干部在处理问题时出现推诿现象，增加了基层负担。,建议调取镇政府和村干部的会议记录、工作日志、相关投诉记录等，以核实是否存在为了应付上级检查而推诿扯皮的情况。,存在为了应付上级检查/考核/指标而增加一线无谓负担的情况。,qwen2.5vl:7b,full,HIGH,[],2026-08-09 21:59:31.404040
FZ26061721755,福州高新区儿童学园强制专任教师节假日值班属于违规摊派非教学工作,"福州高新区儿童学园假期园区防火、防盗、应急值守，应由行政管理人员、保安安保人员承担，不得摊派一线任课教师；幼儿园教师依法享有寒暑假带薪休假权利，强制专任教师节假日值班属于违规摊派非教学工作。

教育部教师厅〔2025〕2号减负文件明确规定：法定节假日、周末、寒暑假无幼儿在校期间，原则上不安排专任教师值班值守   。

闽侯县多家公办、民办幼儿园依旧常态化安排普通任课老师轮流端午、清明、五一、国庆等节假日到校值班巡查，未落实上级减负政策；部分幼儿园无值班补贴、无节后补休，单纯义务强制值班，既违反教育部减负要求，也违背《劳动法》加班薪酬规定。",2026-06-17 13:56:53,福州市,闽侯县,闽侯县教育局,权责不清/甩锅,清单外事项下放/签责任状转嫁/属地管理甩锅,为了应付上级检查/考核/指标而增加一线无谓负担,0.9,"['休息休假', '违规摊派', '劳动法']",该条目反映的是幼儿园教师在法定节假日被强制值班的问题，违反了教育部减负文件的规定，属于层层加码/一刀切的典型表现，增加了基层教师的负担。,建议调取相关教育部门的文件、幼儿园的值班安排记录、教师的劳动合同以及劳动监察部门的调查记录。,该条目反映的是幼儿园教师在法定节假日被强制值班的问题，违反了教育部减负文件的规定，属于层层加码/一刀切的典型表现。,qwen2.5vl:7b,full,HIGH,[],2026-08-09 22:13:27.061215
PT26061720357,学校领导不作为,"1.既然说不存在校级领导不用考勤的情况，那么请邓寅滢老师每天按时打卡，并且向教育局平台提供无删减无修改版打卡记录，否则凭什么让别人为你删除未打卡记录却还说标准一致？知道标准一致是什么意思吗？？这还不叫双标，还不叫滥用职权吗？请教育局严查，不要只听信一面之词。
2.如果说做一件什么事情合情合理，那么请出示考核文件哪一条哪一点讲明需要扣考核分。例如，之前班级日志需要填写，填写不完整需要扣考核分，这是哪一个文件里说明的？明明是领导想要以此威胁各位老师，却还要说是合情合理，简直可笑。差点忘记，霞林学校的考核方案可以随时随地为邓寅滢老师更改。
3.行政人员若师德师风正常，为何会在会议上直接说出霞林学校女老师相亲没市场、拿不出手这样的言论？为何会在全师会议上说出“既想当婊子又想立牌坊”这样的言论？这是一个领导、一个老师应该在学校、在老师面前说的话？
4.压榨老师，工作、材料越做越多，只是为了那些中层干部打名声、做样子（有没有大家自己心里都清楚），所谓的班主任集备、班主任沙龙到底对班主任提供了什么样的帮助？只是各位领导在为自己的功劳争来争去，某件事情如果做得好就可以在校长面前说这是自己的功劳。比起这些，如果那些行政领导干部能够看到班主任的辛苦帮助班主任解决一些生活、工作上的困难（比如不要利用自己的关系圈钱招一些垃圾学生来学校加大一线老师工作的难度），这比这些形式上的开会、看视频、所谓的学习来的更加实际。
5.压榨老师不仅仅体现在工作上，更是心理、身体上的伤害。体检卡已经不知道多少年没有，学校只说拨了款但是用于妈妈屋。那个妈妈屋为老师提供了什么帮助？相较之前没有任何改变，是否可以说这一部分的款项不知道去了哪里？如果真的装修了妈妈屋，装修了哪些东西？开放出来给老师使用了吗？
6.学生、家长固然越来越难沟通交流管教，但是学校难道不是应该为老师们提供一个良好的工作环境吗？如果学校、领导有对老师多一些关心、多一些福利，老师们工作也更有激情，可是现在连最基本的教师福利都不复存在，谈什么教书育人？每年说没钱给我们发福利，各种节日只有寒碜的、拿不出手的福利，每年扣那么多钱给工会，每年只给我们返蛋糕卡以及过年的油、瓜子等。甚至还要利用暑假时间来进行校本培训。不是说没钱吗？为何还有钱可以请那些专家来？另外连教师最基本的完整的暑假都不能保证？校本培训到底是在培训什么？对老师有什么帮助？大家根本就不想来。所谓的什么狗屁培训不如多放几天假来的实在！
7.最后，请你们回复积极一点，不要等到最后一天才回复。回复的过程中，请想想贵校某些领导的所作所为，诚实回复，不要回复一些冠冕堂皇的东西来偷换概念。AI如此发达，请领导如实回复，不要让AI都知道贵校的破事。老师们不是没有意见，只是提了任何建议都会被驳回，大家也想建言献策，但是学校根本不给大家机会，如果发现提了什么意见动了谁的蛋糕就会明里暗里的被针对，所以只能求助于这个匿名的平台。大家辛辛苦苦来到这个学校，却遭受这样的窝囊气，教师的心理健康、身体健康、正常权益到底谁来守护？",2026-06-17 10:30:56,莆田市,城厢区,城厢区教育局,精简会议,会议数量过多/层层召开/文山会海/年底扎堆/未批准直达基层,为了应付上级检查/考核/指标而增加一线无谓负担,0.9,"['会议文件泛滥', '层层陪会', '工作负担增加']",该条目详细描述了学校领导通过要求老师打卡、考核等方式增加老师的工作负担，以满足上级检查和考核的要求。这属于为了应付上级检查/考核/指标而增加一线无谓负担的形式主义问题。,建议调取学校考核文件、考勤记录、会议记录等材料，了解具体考核标准和要求，以及相关领导的讲话和指示。,投诉内容详细描述了学校领导通过要求老师打卡、考核等方式增加老师的工作负担，以满足上级检查和考核的要求，符合核心判断逻辑。,qwen2.5vl:7b,full,HIGH,[],2026-08-09 22:17:42.579891
XM26061623377,马巷派出所夜班工作人员得不到休息,请马巷派出所合理安排各类会议时间 夜班晚八点到早八点工作，本身就得不到良好睡眠，每每将会议安排在早上九点到十点左右是否考虑过夜班人员，本来就通宵未眠，还要坚持到九点十点参加时长未定的会议，还是领导觉得夜班的都是铁人不需要休息，或是非得猝死个人才能得到善待。请合理安排时间，或非必要准许夜班人员不用参加。,2026-06-16 21:23:35,厦门市,翔安区,厦门市公安局,精简会议,会议数量过多/层层召开/文山会海/年底扎堆/未批准直达基层,为了应付上级检查/考核/指标而增加一线无谓负担,0.9,"['夜班休息', '会议安排']",该条目反映的是夜班工作人员因会议安排而得不到休息的问题，属于为了应付上级检查/考核/指标而增加一线无谓负担。,建议调取夜班工作人员的会议安排记录，了解会议的具体时间和频次，以及是否有未批准直达基层的情况。,该条目内容反映的是夜班工作人员因会议安排而得不到休息的问题，属于为了应付上级检查/考核/指标而增加一线无谓负担。,qwen2.5vl:7b,full,HIGH,[],2026-08-09 21:39:34.183447
QZ26061621625,前期投诉护学岗强制排班问题整改不到位,"此前本人已通过12345平台，投诉洛江外国语学校以及家委会强制安排家长轮流值守护学岗的问题。目前整改并未落实到位。现在家委会的做法依旧不合理，在班级群告知，不愿意参加护学岗的家长主动说明。这样的方式，使得提出不想站岗的家长，会遭到班主任、家委会私下议论与区别对待，家长碍于人情压力只能被迫参与。
真正的自愿志愿服务，应当改为由愿意参与护学岗的家长主动自愿报名征集，而不是反向让不愿意站岗的家长主动报备。恳请区教育局督促学校纠正该征集方式，严格落实自愿原则，杜绝变相强制家长参与护学岗，规避给家长造成人情方面的压力。恳请12345平台转交洛江区教育局，督促学校调整征集方式，严格落实自愿原则，杜绝变相强制家长值守。",2026-06-16 18:57:58,泉州市,洛江区,"泉州市12345中心
泉州市12345中心",创建示范/达标,种类数量过多/未批准/运动式/作秀式/一阵风,为了应付上级检查/考核/指标而增加一线无谓负担,0.9,"['校园安全', '评比创建/证明/借调']",该投诉涉及护学岗强制排班问题，家长被迫参与护学岗，存在变相强制现象，属于为了应付上级检查/考核/指标而增加一线无谓负担。,建议调取学校和家委会的相关会议记录、家长反馈记录、上级检查/考核/指标文件等，以核实是否存在变相强制家长参与护学岗的情况。,投诉内容涉及护学岗强制排班问题，存在变相强制家长参与的情况，属于为了应付上级检查/考核/指标而增加一线无谓负担。,qwen2.5vl:7b,full,HIGH,[],2026-08-09 21:41:37.580464
XM26061622054,维护小区业主合法权益，政府部门不作为，慢作为！（距上一次回复已经2个月过去。）,"我们是保利中交云上小区合法业主。为落实小区业主自治权利，规范小区物业管理秩序，维护全体业主合法权益，我方严格按照《中华人民共和国民法典》《物业管理条例》等相关法律法规规定，依法向属地街道、社区提交了成立首届业主委员会的书面申请及相关业主联名材料，申请流程合规、资料齐全，完全符合成立业主大会、选举业主委员会的法定条件。
 
自提交申请以来，我方始终积极配合街道、社区的各项指导工作，耐心等待筹备推进。但属地街道、社区长期以各类不实、不合理借口拖延推诿，未依法启动业主委员会筹备相关工作，未履行基层政府指导、协助、监督业主成立自治组织的法定职责。
 
为推动工作落地，我方业主多次沟通未果后，正式通过12345政务服务便民热线投诉反馈该问题。后续街道、社区针对工单回复，明确表示已积极开展业委会筹备相关工作，承诺推进后续组建流程。但自该回复公示至今，已过去一月有余，街道、社区无任何实质性工作进展，未组建业主大会筹备组、未开展业主信息核验、未发布任何筹备公告、未组织任何相关工作会议，全程处于停滞搁置状态，属于典型的慢作为、不作为。
 
街道、社区的拖延行为，严重侵害了小区全体业主依法享有的自我管理、自我服务的合法自治权利，违背了国家推进基层社会治理、规范住宅小区物业管理的政策要求，同时也导致小区物业矛盾、管理乱象无法通过合法自治渠道妥善解决，极大影响了小区业主的正常居住生活，引发全体业主强烈不满。
 
依据《物业管理条例》相关规定，街道办事处、社区居委会负有指导、协助、监督辖区小区成立业主大会、选举业主委员会的法定职责，在收到业主合法合规的成立申请后，必须在法定时限内启动筹备工作，不得无故拖延、拒绝。为切实维护全体业主合法权益，纠正基层履职不作为问题，现特恳请上级主管单位介入督导，依法依规督促属地街道、社区切实履职尽责：
 
1. 立即核查我小区业委会筹备工作停滞问题，纠正街道、社区不作为、慢作为行为，对长期拖延履职的情况予以核查督办；
2. 责令街道、社区限时启动首届业主委员会筹备工作，依法依规组建筹备组、公示相关信息、有序推进业主大会召开、业委会选举等全部流程；
3. 全程督导后续各项筹备工作，公开工作进度、明确时间节点，杜绝再次出现拖延、推诿、搁置等问题，保障业主自治工作合法、合规、高效落地。
 
我方全体业主坚决拥护基层治理相关规定，全程配合各项合规工作，恳请上级主管单位高度重视此事，尽快介入督导、妥善解决问题，切实保障群众合法权益。",2026-06-16 15:33:25,厦门市,翔安区,厦门市翔安区人民政府凤翔街道办事处,权责不清/甩锅,清单外事项下放/签责任状转嫁/属地管理甩锅,为了应付上级检查/考核/指标而增加一线无谓负担,0.9,"['业委会建设管理', '基层治理不作为']",该条目反映的是业主委员会筹备过程中街道、社区拖延推诿，未依法启动筹备工作，导致业主自治权利无法通过合法渠道解决，严重影响了小区业主的正常居住生活。这反映了基层治理过程中为了应付上级检查/考核/指标而增加一线无谓负担的问题。,建议调取街道、社区与业主委员会筹备相关的会议记录、工作台账、相关文件等，以核实街道、社区是否依法履行了指导、协助、监督的职责。,该条目反映了基层治理过程中为了应付上级检查/考核/指标而增加一线无谓负担的问题，符合形式主义为基层增加负担的判断逻辑。,qwen2.5vl:7b,full,HIGH,[],2026-08-09 21:48:23.801221
PT26061620246,本人注意到：本事项在“办理部门为12345中心”的情况下，回复内容却完全来源于城厢公安分局，且未见12345平台对该回复进行任何独立审核或复核说明。  该处理方式实质上是将投诉事项直接交由被投诉单位自,"本人注意到：本事项在“办理部门为12345中心”的情况下，回复内容却完全来源于城厢公安分局，且未见12345平台对该回复进行任何独立审核或复核说明。

该处理方式实质上是将投诉事项直接交由被投诉单位自行认定并通过平台发布，导致“平台转办=原单位自我结论”的结果，已明显偏离12345平台应有的监督与协调职责。

同时，多次不同事项均出现内容高度一致的模板化回复，进一步说明平台未履行实质审查义务。

本人认为：  
该类处理方式已构成程序性不当，属于形式化履职，不能视为有效答复。

现要求：  
1. 明确说明12345平台在本事项中的审核过程；  
2. 提供是否进行独立复核的依据；  
3. 如未复核，请说明理由并移交上级督查机构处理。",2026-06-16 09:24:30,莆田市,城厢区,"城厢区12345中心
城厢区12345中心",数据造假,虚假整改/迎检突击/边改边犯/不惩反奖,为了应付上级检查/考核/指标而增加一线无谓负担,0.9,"['台账留痕', '迎检', '形式主义']",该条目描述的是12345平台在处理投诉时，回复内容完全来源于被投诉单位，且未进行独立审核或复核，导致平台转办等于原单位自我结论。这表明平台在处理投诉时存在形式主义，为了应付上级检查而增加了基层的负担。,建议调取12345平台的审核流程记录，以及被投诉单位的回复内容，以验证是否存在形式主义行为。,该条目描述了平台在处理投诉时存在形式主义，为了应付上级检查而增加了基层的负担。,qwen2.5vl:7b,full,HIGH,[],2026-08-09 21:58:18.486449
FJ26061620019,举报福州市鼓楼区政府刘用全负责人信访数据造假、督办空转、堵截网上信访、失职渎职,"事件地点：数据造假罪加一等！福建省福州市鼓楼区政府（鼓楼区政府请收敛）知法犯法长期对我投诉件删除修改？


实名投诉：鼓楼区委书记刘用全纵容造假堵截信访通道
鼓楼区信访配合造假堵截，督办空转。恳请中纪委严查刘用全失管纵容造假，彻查堵截黑幕并严肃问责。

国信平台异常波及鼓楼区，暴露属地监管失控。
4月24日18:00至25日8:00公告维护。25日22:07我点开平台，仍显示24日旧公告，通道锁死。
26日8点后投递，至17:03仍显24日公告，服务未开。
更奇葩的是，维护未到18:00平台提前发布维护公告，公然造假。

4月25日晚至26日17:03，公告不撤、通道锁死、提前造假，行为恶劣、固定异常。
到今天26日17:03打开依然是周五公告，天大笑话，腐败公开叫板吗？

非技术故障，实为后台手动操作、内鬼上阵，蓄意阻断群众信访权利。
鼓楼区作为属地，刘用全身为第一责任人，对此恶性造假、通道堵截视而不见，监管严重失责，基层信访沦为摆设，损害政府公信力。

依据《信访工作条例》，严禁人为设障弄虚作假。刘用全履职不力，放任下属造假堵路，构成严重不作为、乱作为。

恳请介入，封存鼓楼区相关后台数据，彻查幕后黑手，追究刘用全监管失责、纵容腐败的领导责任！",2026-06-16 07:39:28,福州市,鼓楼区,"鼓楼区12345中心
鼓楼区12345中心",创建示范/达标,种类数量过多/未批准/运动式/作秀式/一阵风,为了应付上级检查/考核/指标而增加一线无谓负担,0.9,"['公共娱乐管理', '信访数据造假', '督办空转', '失职渎职']",该条目反映的是鼓楼区政府在处理信访数据时存在造假、督办空转、堵截网上信访等问题，属于评比创建/证明/借调类形式主义，核心根因是为了应付上级检查/考核/指标而增加一线无谓负担。,建议调取鼓楼区政府的信访数据管理平台记录，以及与信访工作人员的谈话记录，以核实是否存在数据造假、督办空转、堵截网上信访等问题。,该条目反映了鼓楼区政府在处理信访数据时存在形式主义问题，核心根因是为了应付上级检查/考核/指标而增加一线无谓负担。,qwen2.5vl:7b,full,HIGH,[],2026-08-09 21:51:29.192886
FJ26061520256,【升级举报】福州12345恶意拦截诉求、做假数据，涉嫌行政违法，请求上级监管介入核查,"问题分类：长期弄虚作假及删除事件地点严重腐败！


苏增添的下场忘了？拆迁推诿、过渡费拖欠，就是重蹈覆辙！

打卡游福州市12345市长热线平台风景，推诿观光带逛腻了，回复太经典“诉求不清”你们好自为之见好就收！


福州12345平台存在恶意拦截诉求、篡改信访数据、人为制造验证码故障等系列违规行为，已涉嫌行政违法，现请求上级监管部门直接介入，彻查幕后责任人员！
系列违规行为已触及法律底线，绝非“工作失误”可掩盖，若上级监管部门不及时介入，本人将同步所有证据至检察机关，追究相关人员法律责任！福建省福州市12345市长热线平台！",2026-06-15 22:04:34,福州市,,"福州市12345中心
福州市12345中心",数据造假,虚假整改/迎检突击/边改边犯/不惩反奖,为了应付上级检查/考核/指标而增加一线无谓负担,0.9,"['恶意拦截诉求', '篡改信访数据', '人为制造验证码故障']",该条目反映福州12345平台存在恶意拦截诉求、篡改信访数据、人为制造验证码故障等违规行为，涉嫌行政违法。这些行为可能为了应付上级检查而增加了基层工作人员的负担。,建议调取12345平台的后台数据，查看是否存在恶意拦截诉求、篡改信访数据、人为制造验证码故障等违规行为的记录；同时，可以找相关工作人员谈话，了解是否存在为了应付上级检查而增加负担的情况。,投诉内容涉及恶意拦截诉求、篡改信访数据、人为制造验证码故障等违规行为，这些行为可能为了应付上级检查而增加了基层工作人员的负担。,qwen2.5vl:7b,full,HIGH,[],2026-08-09 21:13:26.069537
FZ26061523495,对原诉求件再次反映,原诉求件编号FZ26060121673，答复收悉，不满意，再次反映，经查看部门上传的一张附件照片，就拆除一辆非机动车的遮阳伞，做样子，形式主义，敷衍了事，旁边的遮阳伞全部没有拆除下来。故再次反映，希望部门担当作为，敢为争先，实干争效，用心用情做好群众诉求，切实提升群众出行安全感，全面拆除辖区内所有遮阳伞，将所有遮阳伞拆除下来的图片公示到12345平台。,2026-06-15 19:45:33,福州市,连江县,"连江县12345中心
连江县12345中心",指尖形式主义,强制打卡/积分排名/在线时长/上传照片视频轨迹,为了应付上级检查/考核/指标而增加一线无谓负担,0.9,"['交通管理措施', '形式主义', '敷衍了事']",该条目反映的是部门在拆除非机动车遮阳伞时存在形式主义，敷衍了事的情况。这表明为了应付上级检查/考核/指标而增加了基层一线的无谓负担。,建议调取部门关于拆除非机动车遮阳伞的台账记录、照片、视频等材料，以及与相关工作人员的谈话记录，以核实是否存在形式主义行为。,核心判断依据：存在为了应付上级检查/考核/指标而增加一线无谓负担的核心判断逻辑。,qwen2.5vl:7b,full,HIGH,[],2026-08-09 21:14:50.222241
LY26061520608,强烈反对强制摊派家长校门口护学执勤，转嫁法定职责存在重大安全隐患,"尊敬的教育局领导、校领导：
 针对学校强制安排全体家长轮流到校门口交通执勤一事正式投诉，该安排将本属于学校、交通管理部门的法定职责转嫁至普通家长身上，既不合理、不合规，更存在极大人身安全风险，湖南张家界家长护学岗猝死的悲剧已经为所有学校敲响警钟。
 
一、校门口交通疏导、学生安全管控本不是家长的责任
根据校园安全相关管理规范，上下学高峰校门口交通秩序维护、学生安全守护，主体责任为学校，交通疏导执法、车流管控属于交警部门法定工作职责。学校有教职工、安保人员，完全可以统筹校内教职工分时段值守；交管部门也有常态化护学勤务机制，本应由校方与交警协同落实安保疏导工作。
如今学校一刀切强制家长排班执勤，实质是转嫁校方管理责任、节省人力成本，家长有本职工作、家庭照料压力，既无执法资质，也无义务无偿承担校园交通安保工作。很多家长需要请假离岗执勤，直接影响工作收入，家中老人、病患、双职工家庭更是不堪重负。
二、张家界护学岗家长身亡案例充分暴露该模式致命安全隐患，2025年12月29日，张家界永定区天门小学一名45岁家长在校门口护学岗执勤时突发晕倒，现场紧急施救后送医院抢救无效离世，家中尚有两名未成年子女 。该事件经官方通报证实，事发后引发全国舆论热议，核心争议就是：强制摊派家长站岗，把无保障的安全压力全部压给普通家长。
1.家长并非专业安保人员，不少人存在高血压、心脑血管等基础疾病，长时间户外站立、车流嘈杂、精神紧绷，极易诱发突发疾病，一旦出现意外，学校很难完善兜底保障；
2. 校门口车流密集，机动车、非机动车往来频繁，家长无防护装备、无交通处置培训，执勤过程中存在被车辆碰撞、人身受伤风险；
3. 即便校方标注“自愿执勤”，现实中多为班级轮值摊派，不参与执勤就会被老师、家委会私下施压，所谓自愿形同强制，一旦发生伤亡事故，普通家庭将承受无法挽回的悲剧，如同张家界遇难家长家庭，失去家中主要劳动力，生活陷入绝境。
三、相关诉求
1. 立即取消全体家长强制轮值护学执勤制度，不再将校园交通疏导工作摊派给家长；
2. 校方落实主体责任，统筹安排本校教师、专职安保人员负责校门口值守，主动对接辖区交警，常态化开展官方护学勤务；
恳请主管部门介入核查整改，切实保障广大家长人身安全与正常工作生活权益。
希望教育局尽快解决",2026-06-15 18:36:49,龙岩市,新罗区,"龙岩市教育局
龙岩市新罗区教育局",盲目决策/形象工程,不顾实际上项目/盲目举债/挖山造田/有轨电车/农旅烂尾/违规占地,为了应付上级检查/考核/指标而增加一线无谓负担,0.9,['强制摊派家长校门口护学执勤'],该投诉反映学校强制安排全体家长轮流到校门口交通执勤，转嫁法定职责，存在重大安全隐患。这属于过度管控，为了应付上级检查而增加一线无谓负担。,建议调取学校相关文件、会议记录、家长反映情况记录等，以核实是否存在强制摊派家长校门口护学执勤的情况。,投诉内容反映学校强制安排家长校门口执勤，转嫁法定职责，存在过度管控，为了应付上级检查而增加一线无谓负担。,qwen2.5vl:7b,full,HIGH,[],2026-08-09 21:15:43.912908
XM26061522683,厦门翔安区市场监督管理局将企业营业执照产权登记证明工作下派到街道及社区,厦门翔安区市场监督管理局要求企业在申请营业执照时需提供街道及社区开具的房产产权归属证明。因街道及社区无房屋产权查询权限，业主房屋买卖产权变更及产权是否存在纠纷等情况非街道及社区所能查询获取。此项工作不合理且增加基层工作负担。如翔安区市场监督管理局认为该证明工作需由街道及社区承担，请下发工作函件或提供依据。,2026-06-15 17:52:00,厦门市,翔安区,厦门市市场监督管理局,权责不清/甩锅,清单外事项下放/签责任状转嫁/属地管理甩锅,为了应付上级检查/考核/指标而增加一线无谓负担,0.9,"['层层加码', '一刀切']",该条目反映市场监督管理局将企业营业执照产权登记证明工作下派到街道及社区，增加了基层工作负担。这属于层层加码/一刀切，因为街道及社区不具备查询房屋产权权限，但被要求承担此项工作。,建议调取市场监督管理局下发的通知文件，了解其具体要求和依据；询问街道及社区工作人员，了解实际工作负担情况。,该条目反映了上级部门将原本不属于基层职责的工作下派给基层，增加了基层工作负担，符合层层加码/一刀切的定义。,qwen2.5vl:7b,full,HIGH,[],2026-08-09 21:16:54.945191
FZ26061523092,漠视群众权益,"福建省文旅厅：
      你厅多次在处理文化部门的纠纷时，偏听偏信从未多方核实，致使群众权益屡次遭到漠视。近期，在处理你厅官网（178042195142154700）的答复是典型的驴唇不对马嘴、答非所问，最荒唐之处就在于：用“报名时间紧张”来回应“定好闹钟准点提交、系统瞬间崩溃”的投诉，核心主题全程跑偏，完全回避群众诉求本质。

其一，核心逻辑完全偷换，主题被刻意歪曲。群众投诉的核心非常明确：我提前定好闹钟、准点守候、第一时间提交，遭遇的是系统直接崩溃、根本无法操作提交的技术故障—— 这个问题的本质是平台技术失效，和“报名时间充裕不充裕、报名人数多不多”没有任何因果关系。你厅受该馆误导全程回避系统故障这个核心，等于完全没读懂群众诉求，属于典型的不动脑子、照搬模板的敷衍答复。
其二，同类问题屡教不改，异常情况绝非偶然。此类报名系统准点崩溃的问题已非首次发生，群众反映问题后就屡屡遭其报复。你厅历次答复均采用同一套话术回避核心矛盾，从不核查后台日志、从不落实技术整改，属于典型的屡教不改、惯性懒政。且本次异常仅出现在本人提交环节，同时段其他报名者可正常操作，你厅未做任何技术核查就直接甩锅“人数过多”，完全不符合客观事实。

现责令你厅于 3 个工作日内重新办理并书面反馈：
1.直面系统崩溃的核心问题，调取后台操作日志核查故障原因，作出正式说明；
2.彻底整改照搬万能模板、答非所问的工作作风，建立系统异常实质核查机制；
3.本人将视其态度而定，是否进一步反馈同类历史问题的整改落实情况。

      若仍回避矛盾、敷衍塞责，本人将依法向福建省人民政府及文化和旅游部反映。还望12345中心及有关部门尽量在24小时内理清来龙去脉后严加督办，全力保障群众合法权益与个人信息安全，积极作为推动问题妥善解决以争取群众满意好评，切勿包庇护短、疏于审核或变相打击报复、出言不逊，以免一并向上依法反映及差评（无事不扰，如需致电，请于上午11-12点或下午5-6点联系，如遇忙音请务必稍后再拨。谢谢！）",2026-06-15 17:48:30,福州市,鼓楼区,福建省文化和旅游厅,指尖形式主义,强制打卡/积分排名/在线时长/上传照片视频轨迹,为了应付上级检查/考核/指标而增加一线无谓负担,0.9,"['平台技术故障', '敷衍答复', '模板化回复']",该条目涉及平台技术故障的投诉，工作人员采用模板化回复，未深入调查问题本质，属于形式主义为基层增加负担的表现。,建议调取后台操作日志核查故障原因，了解工作人员是否按照模板化回复，是否存在敷衍塞责的情况。,投诉内容涉及平台技术故障的处理，工作人员采用模板化回复，未深入调查问题本质，属于形式主义为基层增加负担的表现。,qwen2.5vl:7b,full,HIGH,[],2026-08-09 21:16:58.711569
FJ26061520045,[国办转办件]关于福州市医疗保障基金中心长乐管理部推诿办事、领导脱岗、敷衍12345,"""【本次诉求人为： 黄华龙      ，电话：13788875363   】
（本条来自国办www.gov.cn留言办理系统转地方办理，经福建省指定联系员转办，请相关部门及时核实办理并反馈，最终结果也将转回国办www.gov.cn留言办理系统中。)""
标题：关于福州市医疗保障基金中心长乐管理部推诿办事、领导脱岗、敷衍12345
正文：
本人于2026年5月25日致电福州市医保基金中心长乐管理部28925055咨询医保暂停业务。13:30后多次拨打均长时间占线，14:10接通后工作人员称""必须现场补缴9-11月费用才能办暂停""，强行要求本人跑现场。而该业务国家医保服务平台明确支持线上办理，后在本人坚持投诉下，同一单位又告知""可线上即时办结""——先故意误导群众跑腿，后迫于投诉改口，明显违背""高效办成一件事""""一次办结""要求。 更恶劣的是：当本人提出对服务过程录音并告知将投诉时，接线人员以""等领导来处理""推诿，未说明领导在岗时间及回复时限即直接挂断电话。经12345督办后贵单位答复：电话占线系""咨询量大""，拒绝核查公开数据；错误指引仅""解释不全面""，对涉事人员仅""批评教育""，并以""劳务派遣""为由拒绝公示处理结果；挂断电话归为""未做好解释""。 本人严正指出：贵单位自认领导当时不在岗却无人告知群众何时可联络，属典型脱岗失管；以""劳务派遣""逃避政务公开与问责，属管理责任甩锅；12345二次答复全程避重就轻、无量化整改承诺，属形式主义敷衍。 诉求： 1. 福州市医保局/效能办介入调查长乐管理部服务不规范、领导不在岗未公示、用工管理混乱问题； 2. 责令对涉事经办人员及管理人员依纪依规问责（不止批评教育），书面反馈处理结果； 3. 责成贵单位整改热线占线问题、公示业务线上办理清单、落实首问负责制，并将整改措施书面答复本人。",2026-06-15 09:42:42,福州市,长乐区,福州市长乐医疗保障局,创建示范/达标,种类数量过多/未批准/运动式/作秀式/一阵风,为了应付上级检查/考核/指标而增加一线无谓负担,0.9,"['评比创建', '证明', '借调']",该条目反映的是福州市医疗保障基金中心长乐管理部在处理医保暂停业务时，存在推诿办事、领导脱岗、敷衍应对等问题，属于为了应付上级检查/考核/指标而增加一线无谓负担的形式主义问题。,建议调取该单位的内部管理记录、领导工作安排记录、相关业务办理流程记录等，以核实是否存在推诿办事、领导脱岗等问题。,该条目反映了为了应付上级检查/考核/指标而增加一线无谓负担的形式主义问题。,qwen2.5vl:7b,full,HIGH,[],2026-08-09 21:18:42.866113
FZ26061421652,关于投诉车辆违停福州市公安局交通警察支队弄虚作假形式主义问题,诉求编号：（FZ26060120950），答复收悉。对部门答复不满意，问题没有解决完全是弄虚作假做形式，继续投诉。,2026-06-14 18:23:42,福州市,晋安区,"福州市公安局交通警察支队
福州市公安局晋安分局",指尖形式主义,强制打卡/积分排名/在线时长/上传照片视频轨迹,为了应付上级检查/考核/指标而增加一线无谓负担,0.9,"['机动车停放管理', '形式主义为基层增加负担']",该投诉反映福州市公安局交通警察支队存在弄虚作假、形式主义问题，可能为了应付上级检查而增加了基层工作人员的负担。,建议调取福州市公安局交通警察支队的内部文件、考核记录、相关会议记录等，以核实是否存在弄虚作假、形式主义现象。,投诉内容涉及形式主义为基层增加负担，且存在弄虚作假、形式主义问题，符合核心判断逻辑。,qwen2.5vl:7b,full,HIGH,[],2026-08-09 21:03:55.120505
PT26061420272,投诉涵江区住建局敷衍履职，未核查保利堂悦车位违规问题,"本人王金星，保利堂悦A区业主，此前提交工单投诉开发商2026年5月24日未公示车位价格，私下收取业主定金提前锁定车位，5月29日才公示售价公开售卖，存在未明码标价、不公平销售的违规情况。
涵江区住建局给出的办理答复敷衍了事，未依法履行监管职责：
1、刻意回避我投诉的核心事实，我举报的是今年5月提前私下锁车位的行为，部门只拿多年前车位开盘情况回复，完全不核查5月份预收定金、锁车位的台账与公示记录；
2、未实地核查取证，仅单方面采信开发商的说辞，没有调取车位收款记录、锁定登记表、价格公示存档；
3、无视我的合理诉求，我明确想要选购A区407号车位，答复全程未说明该车位是否可售、有无被提前内定，没有给出任何处理方案；
4、倒置举证责任，核查开发商销售行为是主管部门的义务，却要求业主自行提供违规证据。
 
此前线上评价操作失误，误勾选满意、问题已解决，实际上我完全不认可本次答复，投诉问题没有得到处理。
现诉求：
1、调取保利堂悦A区2026年5月全部车位定金收款、锁位登记台账；
2、书面告知A区407号车位当前状态，明确能否正常选购；
3、核查5月24日提前私收定金锁车位行为是否违规，出具书面核查结果反馈给我；
4、针对本次工单敷衍处置的情况予以说明整改。",2026-06-14 12:04:33,莆田市,涵江区,"涵江区12345中心
涵江区12345中心",数据造假,虚假整改/迎检突击/边改边犯/不惩反奖,为了应付上级检查/考核/指标而增加一线无谓负担,0.9,"['房产过户', '台账留痕迎检']",该条目涉及住建局在处理业主投诉时，未核查车位违规问题的台账与公示记录，仅单方面采信开发商的说辞，未实地核查取证，导致业主的合理诉求未得到处理。这反映了为了应付上级检查而增加基层负担的问题。,建议调取保利堂悦A区2026年5月全部车位定金收款、锁位登记台账，以及车位价格公示存档记录，以核实开发商是否存在提前私收定金锁车位的行为。,投诉内容涉及基层部门在处理投诉时未核查相关台账，增加了基层负担，符合为了应付上级检查而增加一线无谓负担的判断标准。,qwen2.5vl:7b,full,HIGH,[],2026-08-09 21:09:52.876391
QZ26061420045,投诉：闻馨一品小区物业禁止夜间外卖进入小区,"投诉对象：泉州市丰泽区闻馨一品小区骏源物业服务中心
投诉事项：物业单方面禁止夜间外卖进入小区，程序不合规且侵犯业主权益

事实与理由：

1. 物业仅在2023年5月29日的业主群中发布通知，规定“夜间12点后外卖人员不得进入小区”，但该规定未在小区公告栏公示，也未经过业主大会表决，程序上不合法，对业主不具备强制约束力。

2. 该规定属于“一刀切”的过度管理，不仅影响业主的正常生活需求（如生鲜、药品等急需物品的送达），还强制要求业主深夜自行到小区门口取件，增加了业主的人身安全风险，与物业保障业主安全的职责相悖。

3. 今晚我有一份生鲜水果订单，门岗以该规定为由拒绝外卖员进入，可能导致生鲜损坏，给我造成经济损失。

诉求：

1. 立即协调物业放行本次外卖订单，保障我的合法权益；

2. 责令物业就该不合理规定进行整改，要么在小区公示并征求全体业主意见，要么调整为登记放行、设置夜间无接触取餐点等人性化管理方式；

3. 要求物业就此事向业主作出书面说明。（丰泽区城东街道）",2026-06-14 02:11:47,泉州市,丰泽区,泉州市丰泽区人民政府城东街道办事处,权责不清/甩锅,清单外事项下放/签责任状转嫁/属地管理甩锅,为了应付上级检查/考核/指标而增加一线无谓负担,0.9,"['物业服务问题', '一刀切管理']",该条目涉及物业一刀切禁止夜间外卖进入小区，属于过度管控，增加了业主的负担。核心根因是为应付上级检查/考核/指标而增加一线无谓负担。,建议调取物业发布的通知文件、业主群聊天记录、小区公告栏公示记录等，以证实该规定是否合法合规。,举报内容涉及物业一刀切禁止夜间外卖进入小区，属于过度管控，增加了业主的负担，符合核心判断逻辑。,qwen2.5vl:7b,full,HIGH,[],2026-08-09 21:12:30.650274
QZ26061320751,投诉：疫苗接种统计摊派至学校造成困扰,诉求者来电称其为初中学生家长，现卫健部门推广2026九价HPV疫苗接种，却让学校老师进行统计，询问学生或家长是否有接种疫苗，会给家长及学生造成困扰。学校可以协助宣传，可将此作为任务推给学校不合理。以上问题应该不仅是一所学校的问题，故来电反映，望相关部门能够核实处理。,2026-06-13 16:30:48,泉州市,晋江市,晋江市教育局,数据造假,虚假整改/迎检突击/边改边犯/不惩反奖,为了应付上级检查/考核/指标而增加一线无谓负担,0.9,"['疫苗接种', '学校任务']",该条目反映的是疫苗接种统计任务被摊派至学校，增加了学校的工作负担，属于为了应付上级检查/考核/指标而增加一线无谓负担。,建议调取疫苗接种统计任务的文件、学校老师的工作记录、上级部门的考核指标等材料，以核实是否存在形式主义现象。,该条目反映的是学校因疫苗接种统计任务而增加负担，属于台账留痕数据造假类型。,qwen2.5vl:7b,full,HIGH,[],2026-08-09 20:52:31.485846
ND26061320300,关于反映宁德市蕉城区计生协会不作为，对已推行多年的计生家庭意外保险补贴政策搞差异化落实、区别对待的问题,"本人系80年代响应国家独生子女政策的计生家庭，已办理独生子女光荣证，配偶家庭主妇，无业。2019年起本人每年正常参保计生家庭意外险，往年个人仅缴20元，剩余保费政府补贴。
2026年5月我已按往年标准缴费20元，社区也开了收据，但6月11日社区突然打来电话，要把20元保费退还给我，说上级通知新增限制条件（具体什么文件规定，社区说不方便提供书面文件）：家中一方有工作退休的意外险保费政府不再补贴，120元需全额自费并自行缴费，理由是计生家庭中一人是退休人员有收入，应当自行承担费用。
该做法存在明显问题：一是政策调整事前无公示，缴费后临时变更规则，政策缺乏连续性；二是意外险补贴是针对独生子女家庭的普惠政策，不能以对经济条件“一刀切”的片面认识去区别对待所有响应国策的家庭；三是本年度意外险参保宣传传单未标注一方是单位退休人员需自行缴费的补充说明，相关部门擅自增设“有单位退休人员不补贴”的限制条件，属于对政策“自行加码”，这与当前中央号召的树立和践行正确政绩观的要求严重不符！
鉴于该区别对待行为有损政策公平与政府公信力，恳请上级：1.核查蕉城区计生协会，核实增设参保限制条件是否有合法政策依据；2.纠正不公平的差异化对待，维护计生家庭普惠政策的延续性，恢复我们独生子女家庭本应享有的政府保费补贴待遇。",2026-06-13 16:21:23,宁德市,蕉城区,"蕉城区12345中心
蕉城区12345中心",权责不清/甩锅,清单外事项下放/签责任状转嫁/属地管理甩锅,为了应付上级检查/考核/指标而增加一线无谓负担,0.9,"['计生政策', '一刀切']",该条目反映计生协会在计生家庭意外保险补贴政策中存在一刀切的情况，即对有单位退休人员的家庭不再补贴，这可能与上级政策不符，增加了基层负担。,建议调取计生协会的文件、政策文件、相关会议记录等，以核实是否存在一刀切的情况。,该条目反映计生协会在计生家庭意外保险补贴政策中存在一刀切的情况，增加了基层负担。,qwen2.5vl:7b,full,HIGH,[],2026-08-09 20:53:26.212637
FJ26061320004,省住建厅明确屋面渗漏归荔城区住建局管辖，住建局全程缺位，12345平台反复违规转办城管，村居无设备仅口头勘验，恳请专项督办纠正错派工单并督促住建履职,"本人为莆田荔城区拱辰街道万科御园7期5号楼3402业主，楼顶防水多次返修依旧全屋渗水开裂，同楼栋多户存在同类渗漏隐患，符合启用屋面应急维修基金的标准。
2026年5月29日福建省住建厅出具书面答复，明确渗漏专业勘验、维修基金审核是荔城区住建局专属法定职责，且已转办该局处置。
但至今住建局全程缺位，从未安排专业人员携带检测仪器上门。12345平台多次违规将该住建专属事项转办城管、村居，现场仅村居牵头、城管到场，无专业检测设备、无对应审批权限，仅凭肉眼查看给出无效口头判定，住建局以此为借口长期搁置诉求。
现恳请12345平台专项督办，不再错转工单至城管、村居：1.责令荔城区住建局携带专业仪器上门正规勘验，依法启动屋面应急维修；2.叫停村居、城管越权处理住建业务；3.核查住建局拒不落实省住建厅意见、平台乱分流派单的问题。",2026-06-13 01:35:06,莆田市,荔城区,"荔城区12345中心
荔城区12345中心",权责不清/甩锅,清单外事项下放/签责任状转嫁/属地管理甩锅,为了应付上级检查/考核/指标而增加一线无谓负担,0.9,"['层层加码', '一刀切']",该条目反映的是住建局在处理屋面渗漏问题时，未能履行法定职责，导致问题长期搁置。住建局未携带专业仪器上门勘验，仅凭肉眼查看给出无效口头判定，这表明为了应付上级检查/考核/指标而增加了基层的无谓负担。,建议调取住建局的勘验记录、维修基金审核记录、以及12345平台的派单记录，以核实住建局是否履行了法定职责。,该条目反映了住建局未履行法定职责，导致问题长期搁置，属于层层加码/一刀切，增加了基层的无谓负担。,qwen2.5vl:7b,full,HIGH,[],2026-08-09 21:00:00.243743
XM26061222726,关于要求停止网格员入户核查重点人员的越界高危工作的投诉,2026年3月30日湖里区网格员向湖里区湖里公安分局反映，当前要求网格员入户开展重点人员的入户核查、动态管控工作，依法属于公安机关职能范畴，并非网格员工作职责，存在重大人身安全风险，已严重超出基层网格工作边界。要求网格员单独入户开展此类工作，将一线工作人员置于高危环境，既无实质管控成效，也属典型形式主义。恳请湖里公安分局严格遵守“警网融合”分工要求，立即停止安排网格员单独入户核查重点人员的越界、高危工作，严格厘清部门职责，将该项任务交还公安等法定职能部门，切实保障网格员人身安全与合法权益。,2026-06-12 16:58:45,厦门市,湖里区,厦门市公安局,权责不清/甩锅,清单外事项下放/签责任状转嫁/属地管理甩锅,为了应付上级检查/考核/指标而增加一线无谓负担,0.9,"['网格员入户核查', '越界高危工作', '形式主义']",该条目反映网格员被要求进行越界高危工作，属于形式主义为基层增加负担，因为网格员并非该类工作的法定职责，且存在重大人身安全风险。,建议调取网格员的工作职责文件、上级部门的指示文件、网格员的工作日志等，以核实是否存在形式主义为基层增加负担的情况。,该条目反映网格员被要求进行越界高危工作，属于形式主义为基层增加负担，因为网格员并非该类工作的法定职责，且存在重大人身安全风险。,qwen2.5vl:7b,full,HIGH,[],2026-08-09 20:33:00.925771
FJ26061220167,举报福州市鼓楼区政府刘用全负责人信访数据造假、督办空转、堵截网上信访、失职渎职,"事件地点：数据造假罪加一等！福建省福州市鼓楼区政府（鼓楼区政府请收敛）知法犯法长期对我投诉件删除修改？


实名投诉：鼓楼区委书记刘用全纵容造假堵截信访通道
鼓楼区信访配合造假堵截，督办空转。恳请中纪委严查刘用全失管纵容造假，彻查堵截黑幕并严肃问责。

国信平台异常波及鼓楼区，暴露属地监管失控。
4月24日18:00至25日8:00公告维护。25日22:07我点开平台，仍显示24日旧公告，通道锁死。
26日8点后投递，至17:03仍显24日公告，服务未开。
更奇葩的是，维护未到18:00平台提前发布维护公告，公然造假。

4月25日晚至26日17:03，公告不撤、通道锁死、提前造假，行为恶劣、固定异常。
到今天26日17:03打开依然是周五公告，天大笑话，腐败公开叫板吗？

非技术故障，实为后台手动操作、内鬼上阵，蓄意阻断群众信访权利。
鼓楼区作为属地，刘用全身为第一责任人，对此恶性造假、通道堵截视而不见，监管严重失责，基层信访沦为摆设，损害政府公信力。

依据《信访工作条例》，严禁人为设障弄虚作假。刘用全履职不力，放任下属造假堵路，构成严重不作为、乱作为。

恳请介入，封存鼓楼区相关后台数据，彻查幕后黑手，追究刘用全监管失责、纵容腐败的领导责任！",2026-06-12 15:58:46,福州市,鼓楼区,"鼓楼区12345中心
鼓楼区12345中心",创建示范/达标,种类数量过多/未批准/运动式/作秀式/一阵风,为了应付上级检查/考核/指标而增加一线无谓负担,0.9,"['信访数据造假', '督办空转', '信访通道堵截']",该投诉涉及鼓楼区政府在信访数据造假、督办空转、信访通道堵截等问题，属于为了应付上级检查/考核/指标而增加一线无谓负担的情况。,建议调取鼓楼区政府的信访数据、相关会议记录、上级检查/考核/指标文件等材料，以及与信访工作人员的谈话记录，以核实是否存在为应付上级检查而增加基层负担的情况。,该投诉涉及信访数据造假、督办空转、信访通道堵截等问题，属于为了应付上级检查/考核/指标而增加一线无谓负担的情况。,qwen2.5vl:7b,full,HIGH,[],2026-08-09 20:35:46.441791
XM26061222309,关于明确网格化工作职责清单及落实加班调休制度的投诉与建议,思明区网格员向思明区委社会工作部反映，当前社区网格化管理面临职责边界模糊与加班权益保障缺失的双重困境。一方面，各部门工作任务层层下压，“什么工作都推给网格员”，而现行网格化工作职责事项清单不够明确、准入机制落实不到位，导致基层负担持续加重；另一方面，网格员夜间值守、节假日顶班已成常态，却缺乏规范的加班登记、时长核算和补休制度——加班无留痕、补休难申请，甚至出现“自费值班、自费用餐”的情况。恳请区委社会工作部公示全区统一的网格化工作职责事项清单，厘清任务边界、落实准入机制；同时制定并公示加班、值班、调休及补贴管理制度，依托现有工作平台增设加班登记模块，实现加班自动留痕、时长自动核算、剩余补休实时可查，确保网格员在超负荷工作后能够获得应有的调休或加班补贴，让基层工作者劳有所得、休有所保。,2026-06-12 15:43:53,厦门市,思明区,"思明区12345中心
思明区12345中心",权责不清/甩锅,清单外事项下放/签责任状转嫁/属地管理甩锅,为了应付上级检查/考核/指标而增加一线无谓负担,0.9,"['层层加码', '一刀切']",该条目反映了基层网格员面临职责边界模糊和加班权益保障缺失的问题，导致基层负担持续加重。这反映了为了应付上级检查/考核/指标而增加一线无谓负担的情况。,建议调取思明区委社会工作部关于网格化工作职责清单的文件，以及网格员加班登记、时长核算和补休制度的执行情况记录，以核实是否存在形式主义为基层增加负担的情况。,该条目反映了基层网格员面临职责边界模糊和加班权益保障缺失的问题，属于层层加码/一刀切的典型表现，反映了为了应付上级检查/考核/指标而增加一线无谓负担的情况。,qwen2.5vl:7b,full,HIGH,[],2026-08-09 20:36:23.413411
QZ26061220303,投诉：为何村里无缘无故每隔半年就致电要求报备一次,诉求者反映2025年6月份开始每隔半年就会接到安溪县尚卿乡新楼村村里的电话，要求其要报备（到至今已报备3次）：拍照（要求含有房屋以及门牌号）、视频证明、定位，且要告知对方自己目前的状况（如做什么），诉求者表示自己是出门在外做生意，长期出门，一年一次返乡，没有犯罪记录或者其他违法行为记录。想要了解为何无缘无故让其报备，让其报备具体是怎么回事。望部门核实处理。,2026-06-12 09:31:07,泉州市,安溪县,安溪县尚卿镇人民政府,指尖形式主义,强制打卡/积分排名/在线时长/上传照片视频轨迹,为了应付上级检查/考核/指标而增加一线无谓负担,0.9,"['指尖形式主义', '报备频次']",该条目反映的是村里每隔半年要求报备一次，且需要提供多种证明材料，这属于形式主义为基层增加负担。关键现象是频繁的报备要求和多种证明材料，因果链条是上级检查/考核/指标导致基层负担增加。,建议调取村里的报备记录，了解报备的具体内容和频次，以及是否有上级检查/考核/指标作为背景。同时，可以找村里工作人员了解报备的具体要求和背景。,核心判断依据：为了应付上级检查/考核/指标而增加一线无谓负担。,qwen2.5vl:7b,full,HIGH,[],2026-08-09 20:40:54.811336
FJ26061120022,举报福州市鼓楼区政府刘用全负责人信访数据造假、督办空转、堵截网上信访、失职渎职,"事件地点：数据造假罪加一等！福建省福州市鼓楼区政府（鼓楼区政府请收敛）知法犯法长期对我投诉件删除修改？


实名投诉：鼓楼区委书记刘用全纵容造假堵截信访通道
鼓楼区信访配合造假堵截，督办空转。恳请中纪委严查刘用全失管纵容造假，彻查堵截黑幕并严肃问责。

国信平台异常波及鼓楼区，暴露属地监管失控。
4月24日18:00至25日8:00公告维护。25日22:07我点开平台，仍显示24日旧公告，通道锁死。
26日8点后投递，至17:03仍显24日公告，服务未开。
更奇葩的是，维护未到18:00平台提前发布维护公告，公然造假。

4月25日晚至26日17:03，公告不撤、通道锁死、提前造假，行为恶劣、固定异常。
到今天26日17:03打开依然是周五公告，天大笑话，腐败公开叫板吗？

非技术故障，实为后台手动操作、内鬼上阵，蓄意阻断群众信访权利。
鼓楼区作为属地，刘用全身为第一责任人，对此恶性造假、通道堵截视而不见，监管严重失责，基层信访沦为摆设，损害政府公信力。

依据《信访工作条例》，严禁人为设障弄虚作假。刘用全履职不力，放任下属造假堵路，构成严重不作为、乱作为。

恳请介入，封存鼓楼区相关后台数据，彻查幕后黑手，追究刘用全监管失责、纵容腐败的领导责任！",2026-06-11 07:59:15,福州市,鼓楼区,"鼓楼区12345中心
鼓楼区12345中心",数据造假,虚假整改/迎检突击/边改边犯/不惩反奖,为了应付上级检查/考核/指标而增加一线无谓负担,0.9,"['台账留痕', '迎检', '数据造假']",该条目主要涉及鼓楼区信访数据造假和督办空转问题，反映了基层信访工作中的台账留痕和迎检现象。投诉人反映鼓楼区存在人为设障弄虚作假、通道堵截等行为，导致信访工作无法正常进行，增加了基层工作人员的负担。,建议调取鼓楼区信访工作的相关台账、会议记录、以及与涉案人员的谈话记录，以核实是否存在数据造假和通道堵截问题。,该条目主要涉及的是基层信访工作中的台账留痕和迎检现象，反映了为了应付上级检查而增加基层工作人员的负担。,qwen2.5vl:7b,full,HIGH,[],2026-08-09 20:23:00.249357
NP26061020717,投诉：南平市直中小学公众号发文考核合规性,"本人系南平实验小学学生家长，目前已关注南平市多所市直中小学官方微信公众号。长期观察发现，市直各校公众号发文频次过高、发布数量异常密集。经了解得知，各校公众号推送存在硬性考核任务，教师需完成固定发文数量，未达标会予以扣分处理。
为凑齐公众号报道素材，不少学校特意在周末组织各类参观、展演类活动，并非出于教学、研学刚需，单纯只为拍照写稿、对外宣传。由此带来两类问题：一是一线教师本应以备课、授课、日常教学工作为主，如今要耗费大量时间精力撰写公众号文稿、筹备宣传活动，额外增加非教学类工作负担，违背为教师减负的相关政策；二是不少孩子被迫占用周末休息时间，配合各类摆拍、表演式活动充当宣传素材，挤占休息时间，与学生减负政策相悖。

公众号本应用于简要公示校园重要通知、展示常规办学风貌、简单介绍校园概况，起到便民告知、适度对外展示的作用，不该以发文数量作为硬性考核指标，更不该为完成宣传任务，刻意策划形式化活动，让师生沦为应付宣传考核的工具，开展各类虚而不实的面子工作。

现向南平市教育局提出疑问：将学校公众号发文频次、篇数纳入教师考核，这项考核要求是否合规合理？是否符合国家、省里面面向中小学教师、学生减负的相关文件政策？
同时提出诉求：
1. 核查市直各校公众号量化发文、按篇数扣分考核的相关规定，对单纯以发文数量施压教师的考核方式予以整改取消；
2. 规范校园公众号运营定位，明确公众号以发布通知、常规校务公示为主，严控为凑宣传素材刻意在周末组织形式化展演、摆拍类活动；
3. 落实教师减负、学生减负政策，剥离教师非必要的宣传任务，不再以宣传指标占用师生课余、周末休息时间，杜绝面子化、形式化宣传工作。
后续我会持续关注南平实验小学及其他市直学校公众号，若此类形式化考核、应付式宣传问题未得到整改，将整理相关情况向上级福建省教育厅进一步反馈。恳请市教育局结合减负政策，对此事开展核查，并给出明确整改方案与答复。",2026-06-10 19:35:13,南平市,,"南平市12345中心
南平市12345中心",精简会议,会议数量过多/层层召开/文山会海/年底扎堆/未批准直达基层,为了应付上级检查/考核/指标而增加一线无谓负担,0.9,"['教师减负', '公众号发文考核', '形式主义']",该投诉反映南平市各中小学公众号发文频次过高，教师需完成固定发文数量，未达标会予以扣分处理。这表明为了应付上级检查或考核，学校增加了教师的非教学类工作负担，违背了为教师减负的相关政策。,建议调取南平市教育局关于教师考核的相关文件，以及各校公众号发文考核的具体规定和实施情况，了解是否存在硬性考核任务和扣分处理机制。,投诉内容涉及教师因公众号发文考核而增加非教学负担，符合为基层减负的逻辑，且有明确的考核规定和扣分处理机制作为证据支持。,qwen2.5vl:7b,full,HIGH,[],2026-08-09 20:22:29.552258
FJ26061020149,多户民众向12345投诉肖玉树违规占地确无人跟进处理，明明违规占地相关政府人员不处理，涵江12345工作人员不明确事实真相，次次退回诉求以同样话术回复,请涵江12345继续传达相关问题，你不传达下去，相关部门如何解决，而不是推脱给纪检单位。 1、肖玉树户2023年5月违规搭建围墙投诉至今无人处理，该围墙位署及周边，以前为我户及其他村民旧厕所位置。去年向村委寻求帮助时，村里解释九几年“厕改”时上述位置已收归国有，并明确说明肖玉树户未有报批手续，即肖玉树搭建围墙行为违法，请相关部门依法拆除，相关部门也明确回复说，涉及利益帮忙解决，结果上一条这么说，下一条回复又是推卸责任，请相关部门履行职责。 2、投诉跟进此项工作的政府相关人员，该投诉未办结，已被无故关闭505次投诉通道，未完成的诉求就按完成结案。 3、多户乡民向12345投诉肖玉树违规占地，你们确至今都是不处理。,2026-06-10 15:31:58,莆田市,涵江区,"涵江区12345中心
涵江区12345中心",权责不清/甩锅,清单外事项下放/签责任状转嫁/属地管理甩锅,为了应付上级检查/考核/指标而增加一线无谓负担,0.9,"['层层加码', '一刀切']",该条目反映基层工作人员在处理违规占地问题时，由于层层加码和一刀切的管理方式，导致问题得不到有效解决，增加了基层负担。,建议调取相关政府工作人员的谈话记录，查看是否存在层层加码和一刀切的管理方式，以及是否有明确的考核指标。,该条目反映了基层工作人员在处理违规占地问题时，由于层层加码和一刀切的管理方式，导致问题得不到有效解决，增加了基层负担。,qwen2.5vl:7b,full,HIGH,[],2026-08-09 20:02:14.728706
XM26061020903,关于无偿献血工作每周通报考核的合理性质疑,"网格员向市卫健委反映无偿献血工作考核中存在的问题。
一、反映情况
据了解，目前无偿献血工作已被纳入每周通报范围，要求基层定期上报献血动员及完成情况。此项工作推进节奏过于频繁，给基层带来较大工作压力。
二、质疑理由
无偿献血本应是“公民自愿”的社会公益活动，《厦门经济特区无偿献血条例》第三条规定“本市无偿献血实行社会提倡、公民自愿、献血与用血相结合的原则”，强调自愿属性，不宜通过高强度通报、排名等方式变相施加任务压力；
每周通报的频率过高，与献血工作实际不相匹配——根据规定，两次献血间隔期不得少于六个月，过度关注短期数据缺乏实际意义；
基层社区只能动员、宣传、组织，无法直接“创造”献血行为，将结果性指标纳入每周通报，实质上是责任转嫁；
与其他区、街道对比，该做法是否为全市统一要求？还是仅个别单位自行加码？
三、诉求
恳请相关部门：
说明无偿献血工作实行“每周通报”的政策依据及目的；
核实该做法是否为全市统一要求，如非统一要求，建议取消或降低通报频率，避免基层“被加码”；
优化考核方式，回归无偿献血“社会提倡、公民自愿”的定位，切实减轻基层不合理负担。",2026-06-10 10:48:59,厦门市,,厦门市卫生健康委员会,权责不清/甩锅,清单外事项下放/签责任状转嫁/属地管理甩锅,为了应付上级检查/考核/指标而增加一线无谓负担,0.9,"['机关事务工作', '无偿献血工作考核']",该条目反映了基层网格员反映的无偿献血工作考核问题，每周通报的频率过高，给基层带来较大工作压力，且质疑该做法是否为全市统一要求，存在过度管控和一刀切现象。,建议调取相关通报文件、考核指标文件、基层工作压力反馈记录等材料，找相关工作人员谈话，了解具体操作流程和考核标准。,该条目反映了基层工作考核中过度关注短期数据，存在责任转嫁和过度管控的问题，符合形式主义为基层增加负担的判断逻辑。,qwen2.5vl:7b,full,HIGH,[],2026-08-09 20:08:34.641569
XM26061020809,关于社区工作者休假及节假日离开厦门需报备制度的合理性质疑,"湖里区社区工作者向湖里区委社会工作部，现就目前执行的休假报备制度提出以下疑问：
一、制度规定
所有工作日休假、节假日放假离开厦门均需提前报备；
如节假日连着休假，需提前10天请假，逾期不批；
遇紧急情况请假，也被告知不予批准。
二、质疑理由
社区工作者并非涉密岗位，如此严格的报备制度缺乏合理依据；
经了解，该制度并非全市统一要求，不同区或街道执行标准不一；
社区工作者本身享受国家法定节假日待遇，现有规定实质上限缩了正常休假权利；
制度设计过于僵化，未考虑基层实际困难，遇突发情况缺乏弹性处理空间。
三、诉求
恳请湖里区委社会工作部说明：
该报备制度的政策依据是什么？
为何社区工作者工作日休假及节假日离开厦门均需报备？
该制度是否确为全市统一要求？如非全市统一，为何要额外增加基层负担？
能否参照相关规定，优化请假流程，取消不合理限制，切实保障基层工作人员法定休假权利。",2026-06-10 10:30:55,厦门市,湖里区,湖里区委社会工作部,盲目决策/形象工程,不顾实际上项目/盲目举债/挖山造田/有轨电车/农旅烂尾/违规占地,为了应付上级检查/考核/指标而增加一线无谓负担,0.9,"['社区管理', '报备制度', '基层负担']",该投诉质疑社区工作者休假报备制度过于严格，缺乏合理性，且未考虑基层实际困难，增加了基层负担。关键现象是制度设计僵化，未考虑突发情况的弹性处理空间。因果链条是制度设计不合理导致基层负担增加。,建议调取该区或街道的休假报备制度文件，了解制度的具体内容和执行情况；访谈社区工作者了解实际操作情况和感受；查阅相关文件了解政策依据。,投诉内容涉及社区工作者休假报备制度过于严格，缺乏合理性，增加了基层负担，符合过度管控/盲目决策的判断标准。,qwen2.5vl:7b,full,HIGH,[],2026-08-09 20:09:22.146287
XM26061020640,关于路灯长期故障无人运维及信访工作人员敷衍履职的投诉,"前天本人通过12345随手拍反映了环东浪漫线整个彩虹跑道上部门路灯故障、白天常亮一年多无人维修的问题。昨日有信访人员来电，该工作者未细致了解情况就草草走完流程；今日再次联系时全程照本宣科，态度十分敷衍，只走形式不解决实事。

路灯属于基础市政设施，本该有常态化巡检维护，却长期搁置问题，全靠市民主动上报。反馈诉求后工作人员不实地核实、不协调维修，一味机械回访应付群众，形式主义严重。

现提出诉求：

1. 马上安排人员现场检修故障路灯，关掉白天常亮的灯具，建立日常巡检维护机制，并书面反馈整改情况；

2. 核查此次信访工作人员敷衍履职的工作作风，依规作出问责处理，端正办事态度。
请平台加急督办，限期给予答复",2026-06-10 10:00:31,厦门市,同安区,厦门市公安局,指尖形式主义,强制打卡/积分排名/在线时长/上传照片视频轨迹,为了应付上级检查/考核/指标而增加一线无谓负担,0.9,"['市政设施', '路灯故障', '信访工作人员敷衍']",该条目反映的是信访工作人员敷衍履职，形式主义严重，未实地核实、不协调维修，一味机械回访应付群众。这属于为了应付上级检查/考核/指标而增加一线无谓负担。,建议调取信访工作人员的工作记录、巡查记录、维修记录等，以核实其是否按照规定进行实地巡查和维修。,该条目反映的是信访工作人员敷衍履职，形式主义严重，未实地核实、不协调维修，一味机械回访应付群众。这属于为了应付上级检查/考核/指标而增加一线无谓负担。,qwen2.5vl:7b,full,HIGH,[],2026-08-09 20:09:48.209657
XM26061020441,关于市政集团有限公司不作为等问题,1、2026年5月31日曾来电反映”关于市政集团有限公司不作为等问题“（诉求编号：XM26053121818）。2、2026年6月10日再次来电反映：市政集团追求形式主义，电话告知后就当成问题解决，2026年6月9日，部门工作人员与其联系，其问部门工作人员是不是形式主义，对方直接答复是的（可以核听录音）。该处是唯一的通道，市政部门如果认为该过道不属于他们管理，请流转至有权处理的部门处理。诉求件XM26053121818的答复意见跟上一次的答复意见内容一致，其认为市政集团态度敷衍，把群众当傻子。要求市政集团对其之前反映的内容继续办理，其不想让市政空间继续办理答复，要求有关部门进行督办。,2026-06-10 09:24:56,厦门市,思明区,"厦门市12345中心
厦门市12345中心",指尖形式主义,强制打卡/积分排名/在线时长/上传照片视频轨迹,为了应付上级检查/考核/指标而增加一线无谓负担,0.9,"['市政集团', '形式主义', '电话告知敷衍']",该条目反映市政集团存在形式主义问题，工作人员电话告知后就当成问题解决，且答复意见内容一致，表明存在为了应付上级检查而增加一线无谓负担的情况。,建议调取市政集团工作人员的电话录音，了解具体答复内容和过程。,该条目反映市政集团存在形式主义问题，工作人员电话告知后就当成问题解决，且答复意见内容一致，表明存在为了应付上级检查而增加一线无谓负担的情况。,qwen2.5vl:7b,full,HIGH,[],2026-08-09 20:11:42.514785
FJ26061020012,举报福州市鼓楼区政府刘用全负责人信访数据造假、督办空转、堵截网上信访、失职渎职,"事件地点：数据造假罪加一等！福建省福州市鼓楼区政府（鼓楼区政府请收敛）知法犯法长期对我投诉件删除修改？


实名投诉：鼓楼区委书记刘用全纵容造假堵截信访通道
鼓楼区信访配合造假堵截，督办空转。恳请中纪委严查刘用全失管纵容造假，彻查堵截黑幕并严肃问责。

国信平台异常波及鼓楼区，暴露属地监管失控。
4月24日18:00至25日8:00公告维护。25日22:07我点开平台，仍显示24日旧公告，通道锁死。
26日8点后投递，至17:03仍显24日公告，服务未开。
更奇葩的是，维护未到18:00平台提前发布维护公告，公然造假。

4月25日晚至26日17:03，公告不撤、通道锁死、提前造假，行为恶劣、固定异常。
到今天26日17:03打开依然是周五公告，天大笑话，腐败公开叫板吗？

非技术故障，实为后台手动操作、内鬼上阵，蓄意阻断群众信访权利。
鼓楼区作为属地，刘用全身为第一责任人，对此恶性造假、通道堵截视而不见，监管严重失责，基层信访沦为摆设，损害政府公信力。

依据《信访工作条例》，严禁人为设障弄虚作假。刘用全履职不力，放任下属造假堵路，构成严重不作为、乱作为。

恳请介入，封存鼓楼区相关后台数据，彻查幕后黑手，追究刘用全监管失责、纵容腐败的领导责任！",2026-06-10 07:33:42,福州市,鼓楼区,"鼓楼区12345中心
鼓楼区12345中心",创建示范/达标,种类数量过多/未批准/运动式/作秀式/一阵风,为了应付上级检查/考核/指标而增加一线无谓负担,0.9,"['评比创建证明借调', '数据造假', '信访通道堵截']",该条目投诉鼓楼区政府在信访数据造假、督办空转、堵截网上信访等问题，涉及评比创建证明借调，且存在为了应付上级检查/考核/指标而增加一线无谓负担的现象。,建议调取鼓楼区政府的信访数据管理平台记录、相关会议文件、上级检查考核记录等材料，以及与信访工作人员的谈话记录，以核实是否存在数据造假、信访通道堵截等问题。,投诉内容涉及信访数据造假、信访通道堵截等问题，属于评比创建证明借调类型，且存在为了应付上级检查/考核/指标而增加一线无谓负担的现象。,qwen2.5vl:7b,full,HIGH,[],2026-08-09 20:18:51.905345
XM26061020016,被举报人：集美区杏林街道纺织社区女主任及经办人；到场民警（杏林派出所，6月9日评议会）,"举报事由：

事前假冒公权力非法入户调查：在本人：林少微未提交事实无人抚养儿童认定申请前，社区女主任及一名自称民警人员，假冒“杏林派出所民警”及“社区女主任工作人员”，私自前往申请人姐姐家中进行“入户调查”，未通知申请人、也未出示证件。此为典型招摇撞骗、滥用职权、非法调查，目的为与申请人姐姐串通阻挠申请。

虚构评议会（假评议）、栽赃陷害：2026年6月9日16:00社区通知本人参加“评议会”，到场后未审阅本人提交的《附件二 个人承诺认定书》，未进行任何评议记录，全程以“你姐姐照顾好、别打扰孩子”劝申请人放弃申请，并栽赃“是申请人报的警、叫他们来办失联证明”。此会议不具备行政评议法定要素，实为非法劝退会、假评议。

后台违规操作：社区经办人将本人线上申请状态手动改为“需补件(失联证明)”，无书面补正通知，拒不依法评议。

诉求：

请转集美区公安分局督察调查民警未回避、未履职及社区假冒民警行为；

请转集美区纪委监委查处社区程序违法、栽赃陷害、招摇撞骗；

请转集美区民政局责令社区依法完成评议或书面出具《不予认定决定书》。                附件：微信评议会通知截图、会议录音文字摘要、社区盖章受理单截图。
""杏林派出所或主管督察部门应调取2026年6月9日16:00社区会议室监控、门禁记录及社区叫人来电记录，确认到场民警身份及其被叫来的背景。若称'查不到'，请书面说明调查措施及结论。""
社区女主任与到场民警，在未评议本人任何申请材料的情况下，一唱一和，轮流以“你姐姐照顾得好”、“不要去打扰孩子”等言辞劝我放弃申请。更恶劣的是，他们还捏造事实，栽赃陷害我，说是我自己“报了警、叫他们来办失联证明”。我有全程录音为证。这场所谓的“评议会”，实际上是假评议、真栽赃、劝退会。请求上级部门严查此事，责令社区依法评议或出具书面决定，并追究相关人员程序违法及栽赃陷害的责任。",2026-06-10 00:24:03,厦门市,集美区,"厦门市公安局
厦门市集美区人民政府杏林街道办事处",创建示范/达标,种类数量过多/未批准/运动式/作秀式/一阵风,为了应付上级检查/考核/指标而增加一线无谓负担,0.9,"['机关事务工作', '假冒公权力', '非法调查', '假评议', '栽赃陷害']",该条目涉及社区女主任及民警假冒公权力非法入户调查、虚构评议会、栽赃陷害等现象，这些行为是为了应付上级检查/考核/指标而增加基层一线人员的无谓负担。举报内容详细描述了社区女主任及民警的不当行为，包括假冒公权力、非法调查、假评议等，这些行为均是为了应付上级检查/考核/指标而增加基层一线人员的无谓负担。,建议调取2026年6月9日16:00社区会议室监控、门禁记录及社区叫人来电记录，确认到场民警身份及其被叫来的背景。同时，建议调取微信评议会通知截图、会议录音文字摘要、社区盖章受理单截图等证据材料，以进一步核实举报内容。,举报内容详细描述了社区女主任及民警的不当行为，这些行为是为了应付上级检查/考核/指标而增加基层一线人员的无谓负担。,qwen2.5vl:7b,full,HIGH,[],2026-08-09 20:19:41.600114
FZ26060923475,关于福州仓山区世茂国风长安小区市政排水配套缺失、五年暴雨积水淹浸车库、职能部门长期懒政推诿、漠视群众安全的紧急投诉（申请上级督办并书面答复）,"尊敬的市级住建、市政工程、政务督查、属地街道等上级主管部门领导：
我们是世茂国风长安小区全体业主，现就本小区长期存在的重大市政配套缺失、排水安全隐患久治不愈问题，进行实名紧急投诉。本小区交付入住至今已满五年，始终未接入正规市政雨污管网，无合法合规的市政排水出口，属于先天性市政配套缺位问题。五年以来，每逢大雨、暴雨天气，小区雨水无法正常外排，必定出现园区大面积积水、地下车库雨水倒灌淹浸等严重险情，造成业主车辆浸泡受损、地下设备损毁，楼栋地基长期被积水浸泡，整小区长期处于高危居住环境。五年来群众反复求助、持续维权，但问题始终无人根治，各级基层处置敷衍拖沓，全体业主极度失望、强烈不满，现恳请上级部门直接介入督办、现场核查、彻底整改，本次投诉坚决不接受仓山区城乡建设局基层敷衍回复，仅认可上级主管单位正式书面答复。
本小区多年积水淹库问题，并非小区物业日常管护不到位导致，而是市政基础配套缺失的结构性硬伤。因无市政雨污管网接驳、无合规排水通道，降雨后积水完全无法疏导外排，只能向内倒灌积聚。五年间汛期灾情逐年加重，年年淹水、年年险情、年年无实质解决，长期积水浸泡建筑基础，已形成不可逆的建筑安全隐患，上千业主的居住安全、财产安全长期无法得到基本保障。
为抵御暴雨灾情、减少重大损失，五年以来每到雨天、汛期，小区业主与物业人员只能自发连夜抢险排水。高强度、常态化的自发抗洪，导致多名业主、安保人员在抢险中受伤，全体业主常年承受巨大的人力、物力、财力损耗，大量车辆、家私、家电因泡水受损，经济损失累积严重。长期的灾害恐慌与反复抢险，让全体业主身心俱疲、深受困扰，基本安居权益彻底落空。
五年间，我们业主通过12345政务服务热线、线上线下多渠道持续反馈、反复报备，核心诉求始终统一：完善市政雨污管网、打通正规排水出口、彻底解决暴雨淹库问题。但五年所有工单处置高度同质化，全部拖延至答复期限最后一刻才统一回复，内容均为制式官方套话，无现场核查记录、无问题成因分析、无整改计划、无治理措施，五年维权全程无任何实质性进展、无任何落地整改，属于典型的虚假办结、敷衍履职。
更为不公、让群众彻底心寒的是：本小区重大安全隐患投诉工单，长期由仓山区城乡建设局基层单位兜底草率回复。基层单位无权限、无能力解决市政管网历史遗留问题，仅以模板话术应付工单、搪塞群众，上级主管部门长期放任缺位、不督办、不处置。此前，业主主动提出优化整改思路，建议调整排水走向，接入迎安路现有市政管网，以低成本、高效率的方式彻底根治淹水难题。但该合理、可行的民生整改方案被直接否决，相关部门以财政无资金、无整改预算为由拒绝落地。
但同一时期，相关部门却投入大量财政资金、调动大量人力物力，推进江心岛周边大型市政修缮工程，该项目工程量、施工难度、投入成本远高于本小区排水改造，属于非紧急民生工程。一边是上千业主五年安居安全岌岌可危、以没钱为由拒不整改；一边是大额财政资金投入非刚需工程，明显本末倒置、漠视民生疾苦，充分体现相关部门履职不公、重表面工程、轻群众安危，严重伤害群众感情、透支政府公信力。
当前李厝山支路市政工程正处于施工阶段，这是本小区五年以来唯一、也是最后一次彻底根治排水顽疾的黄金窗口期。若错失本次同步施工机会，小区管网缺失、积水淹水的结构性缺陷将永久固化，未来再也无低成本整改条件，上千业主将永久承受暴雨淹库、财产受损、居住高危的困境。按照市政配套建设同步实施原则，本次道路管网施工理应同步统筹周边小区短板治理，就近为本小区接驳正规市政雨污管网、增设标准化排水出口，从根源杜绝雨水淤积、倒灌淹库问题。
五年重大民生安全隐患悬而未决、五年群众合法诉求持续被漠视、五年基层工单敷衍拖延，已经构成严重懒政怠政、履职不作为。本次投诉附带历次大暴雨下地库深度淹水、园区全域积水实景照片佐证，灾情真实直观、损失确凿有据，持续放任隐患不管，极易引发楼栋结构安全事故、人员受伤及群体性维稳事件，负面影响极其恶劣。为此，全体业主坚决维权，正式提出以下四项整改诉求：
一、上级专项督办，全面核查追责：请求上级主管部门直接牵头现场核查，依法确认本小区长期缺失市政雨污管网、无合规排水出口、重大安全隐患长期存续的事实，厘清各级监管责任，严肃查处多年推诿扯皮、消极履职、漠视群众安全的不作为问题。
二、抢抓施工窗口期，根源根治隐患：依托当前李厝山支路在建市政工程，同步规划、同步设计、同步施工，为小区配套建设正规市政雨污管网及专属排水出口，彻底终结五年暴雨积水、地库倒灌淹水顽疾。
三、公开整改方案，实行闭环管理：要求责任单位出具正式书面整改方案、明确施工节点、责任人名单、竣工完成时限，整改进度全程公开透明，主动接受全体业主监督，杜绝纸面整改、形式整改、虚假整改。
四、落实善后处置，建立长效机制：",2026-06-09 23:41:24,福州市,仓山区,福州市仓山区人民政府上渡街道办事处,创建示范/达标,种类数量过多/未批准/运动式/作秀式/一阵风,为了应付上级检查/考核/指标而增加一线无谓负担,0.9,"['基层敷衍回复', '虚假办结', '敷衍履职']",该条目反映了业主多次投诉市政排水配套缺失问题，但五年来所有工单处置高度同质化，全部拖延至答复期限最后一刻才统一回复，内容均为制式官方套话，无现场核查记录、无问题成因分析、无整改计划、无治理措施，五年维权全程无任何实质性进展、无任何落地整改，属于典型的虚假办结、敷衍履职。这表明基层单位为了应付上级检查而增加了基层无谓负担。,建议调取历次工单回复记录、现场核查记录、整改计划、治理措施等材料，找相关基层单位负责人谈话，了解具体原因和处理过程。,投诉内容主要涉及基层单位为了应付上级检查而增加了基层无谓负担，属于评比创建/证明/借调类型。,qwen2.5vl:7b,full,HIGH,[],2026-08-09 19:50:15.059090
FJ26060920260,【实名举报 附铁证】福州12345篡改投诉数据、屏蔽市长姓名、伪造记录，严正追责,"问题分类：长期弄虚作假删除事件地点及内容严重腐败！
苏增添的下场忘了？拆迁推诿、过渡费拖欠，就是重蹈覆辙！

置顶留言：打卡福州市12345“虚假政绩风景区”！滤镜里是“为民服务”假象，实景是删诉求、瞒问题的猫腻现场！

本人持投诉原文与平台公示记录的对比铁证，实名举报福州12345平台相关人员擅自删改投诉内容、屏蔽督办领导姓名、伪造回复记录，行为已违反《政务服务热线管理办法》，要求立即核查并追责！
所有造假证据均已固定存档，同步抄送纪检监察部门，若仍拒不彻查追责，本人将持续向国家信访局、国务院“互联网+督查”平台升级举报，绝不姑息！福建省福州市12345市长热线平台",2026-06-09 21:42:36,福州市,,"福州市12345中心
福州市12345中心",指尖形式主义,强制打卡/积分排名/在线时长/上传照片视频轨迹,为了应付上级检查/考核/指标而增加一线无谓负担,0.9,"['虚假政绩', '篡改数据', '隐瞒问题']",该条目反映了12345平台存在篡改投诉数据、屏蔽领导姓名、伪造记录等行为，这些行为是为了应付上级检查/考核/指标而增加了一线工作人员的负担。,建议调取12345平台的投诉记录、领导批示记录、内部工作记录等，以核实是否存在篡改数据、隐瞒问题等行为。,该条目涉及平台方篡改投诉数据、隐瞒问题等行为，属于为了应付上级检查/考核/指标而增加一线无谓负担。,qwen2.5vl:7b,full,HIGH,[],2026-08-09 19:50:38.521126
FJ26060920241,举报福州市鼓楼区政府刘用全负责人信访数据造假、督办空转、堵截网上信访、失职渎职,"事件地点：数据造假罪加一等！福建省福州市鼓楼区政府（鼓楼区政府请收敛）知法犯法长期对我投诉件删除修改？


实名投诉：鼓楼区委书记刘用全纵容造假堵截信访通道
鼓楼区信访配合造假堵截，督办空转。恳请中纪委严查刘用全失管纵容造假，彻查堵截黑幕并严肃问责。

国信平台异常波及鼓楼区，暴露属地监管失控。
4月24日18:00至25日8:00公告维护。25日22:07我点开平台，仍显示24日旧公告，通道锁死。
26日8点后投递，至17:03仍显24日公告，服务未开。
更奇葩的是，维护未到18:00平台提前发布维护公告，公然造假。

4月25日晚至26日17:03，公告不撤、通道锁死、提前造假，行为恶劣、固定异常。
到今天26日17:03打开依然是周五公告，天大笑话，腐败公开叫板吗？

非技术故障，实为后台手动操作、内鬼上阵，蓄意阻断群众信访权利。
鼓楼区作为属地，刘用全身为第一责任人，对此恶性造假、通道堵截视而不见，监管严重失责，基层信访沦为摆设，损害政府公信力。

依据《信访工作条例》，严禁人为设障弄虚作假。刘用全履职不力，放任下属造假堵路，构成严重不作为、乱作为。

恳请介入，封存鼓楼区相关后台数据，彻查幕后黑手，追究刘用全监管失责、纵容腐败的领导责任！",2026-06-09 21:11:13,福州市,鼓楼区,"福州市12345中心
福州市12345中心",创建示范/达标,种类数量过多/未批准/运动式/作秀式/一阵风,为了应付上级检查/考核/指标而增加一线无谓负担,0.9,"['信访数据造假', '督办空转', '信访通道堵截']",该条目主要涉及信访数据造假、督办空转和信访通道堵截等问题，反映了基层信访工作被人为设障，导致群众信访权利被阻断。这表明为了应付上级检查/考核/指标而增加了基层一线的无谓负担。,建议调取鼓楼区信访数据、督办记录和信访通道管理的相关文件，以及与刘用全和相关工作人员的谈话记录，以核实是否存在人为设障和数据造假行为。,该条目涉及信访数据造假和信访通道堵截，反映了为了应付上级检查/考核/指标而增加了基层一线的无谓负担。,qwen2.5vl:7b,full,HIGH,[],2026-08-09 19:51:09.711430
SM26060920450,关于给基层卫生工作人员减负的诉求,"市卫健委领导好，市一公卫科近期安排两期为期四个周末的全员业务培训，强制全体基层职工每个周末全天到场学习。我们平时周一至周五正常上班、还要值夜班，周末也要轮班，培训还不让请假，本身工作强度大，因为培训，近一个月完全没有休息，大家家中都有孩子老人，都没办法照顾。总院说培训是卫健委要求的。
大家觉得按照国家基层减负政策，不应该连续占用基层医护双休日开展集中学习，加重基层负担。请委领导协调调整培训安排，保障基层医务人员正常休息，减轻一线医护压力，谢谢领导。",2026-06-09 21:10:27,三明市,,三明市第一医院,精简会议,会议数量过多/层层召开/文山会海/年底扎堆/未批准直达基层,为了应付上级检查/考核/指标而增加一线无谓负担,0.9,"['基层卫生工作人员减负', '培训占用双休日']",该条目反映基层卫生工作人员在周末被强制参加全员业务培训，导致无法休息，增加了工作负担。核心问题是培训占用双休日，增加了基层工作人员的负担。,建议调取市卫健委的培训安排记录，了解培训的具体安排和占用时间。,投诉内容反映基层卫生工作人员在周末被强制参加培训，增加了工作负担，符合会议文件泛滥/层层陪会的定义。,qwen2.5vl:7b,full,HIGH,[],2026-08-09 19:51:19.013438
FJ26060820240,【实名举报 附铁证】福州12345篡改投诉数据、屏蔽市长姓名、伪造记录，严正追责,"问题分类：长期弄虚作假删除事件地点及内容严重腐败！
苏增添的下场忘了？拆迁推诿、过渡费拖欠，就是重蹈覆辙！

置顶留言：打卡福州市12345“虚假政绩风景区”！滤镜里是“为民服务”假象，实景是删诉求、瞒问题的猫腻现场！

本人持投诉原文与平台公示记录的对比铁证，实名举报福州12345平台相关人员擅自删改投诉内容、屏蔽督办领导姓名、伪造回复记录，行为已违反《政务服务热线管理办法》，要求立即核查并追责！
所有造假证据均已固定存档，同步抄送纪检监察部门，若仍拒不彻查追责，本人将持续向国家信访局、国务院“互联网+督查”平台升级举报，绝不姑息！福建省福州市12345市长热线平台",2026-06-08 21:09:18,,,"福州市12345中心
福州市12345中心",指尖形式主义,强制打卡/积分排名/在线时长/上传照片视频轨迹,为了应付上级检查/考核/指标而增加一线无谓负担,0.9,"['指尖形式主义', '虚假政绩', '数据造假']",该条目反映的是福州12345平台篡改投诉数据、屏蔽领导姓名、伪造记录等行为，这些行为是为了应付上级检查而增加基层负担，属于形式主义为基层增加负担。,建议调取12345平台的后台数据记录、相关领导的谈话记录以及与平台工作人员的访谈，以核实篡改数据、屏蔽领导姓名等行为。,该条目内容涉及篡改投诉数据、伪造记录等行为，这些行为是为了应付上级检查而增加基层负担，属于形式主义为基层增加负担。,qwen2.5vl:7b,full,HIGH,[],2026-08-09 19:42:07.441329
FZ26060821678,鼓楼区文体局商务局违规乱摊派工作任务,鼓楼区文体局商务局打着区领导指示的幌子，违规向各街镇乱摊派拍摄视频片工作任务，基层不堪其扰，这种行为严重违反中央八项规定和为基层减负精神，请上级查处。,2026-06-08 13:54:22,福州市,鼓楼区,"福州市鼓楼区文化体育和旅游局
福州市鼓楼区商务局",权责不清/甩锅,清单外事项下放/签责任状转嫁/属地管理甩锅,为了应付上级检查/考核/指标而增加一线无谓负担,0.9,"['层层加码', '任务摊派']",该条目反映鼓楼区文体局商务局违规向各街镇摊派拍摄视频片工作任务，属于层层加码/一刀切的典型表现，增加了基层的负担。,建议调取相关文件、拍摄任务的分配记录、基层工作人员的访谈记录，以核实是否存在违规摊派任务的情况。,该条目明确指出基层被摊派拍摄视频片工作任务，属于层层加码/一刀切，增加了基层负担。,qwen2.5vl:7b,full,HIGH,[],2026-08-09 19:30:55.780482
PT26060820548,本人注意到：本事项在“办理部门为12345中心”的情况下，回复内容却完全来源于城厢公安分局，且未见12345平台对该回复进行任何独立审核或复核说明。  该处理方式实质上是将投诉事项直接交由被投诉单位自,"本人注意到：本事项在“办理部门为12345中心”的情况下，回复内容却完全来源于城厢公安分局，且未见12345平台对该回复进行任何独立审核或复核说明。

该处理方式实质上是将投诉事项直接交由被投诉单位自行认定并通过平台发布，导致“平台转办=原单位自我结论”的结果，已明显偏离12345平台应有的监督与协调职责。

同时，多次不同事项均出现内容高度一致的模板化回复，进一步说明平台未履行实质审查义务。

本人认为：  
该类处理方式已构成程序性不当，属于形式化履职，不能视为有效答复。

现要求：  
1. 明确说明12345平台在本事项中的审核过程；  
2. 提供是否进行独立复核的依据；  
3. 如未复核，请说明理由并移交上级督查机构处理。",2026-06-08 11:11:56,莆田市,城厢区,"城厢区12345中心
城厢区12345中心",数据造假,虚假整改/迎检突击/边改边犯/不惩反奖,为了应付上级检查/考核/指标而增加一线无谓负担,0.9,"['机关事务工作', '台账留痕', '数据造假']",该条目反映的是12345平台在处理投诉时存在模板化回复和未履行独立审核义务的问题，这可能表明为了应付上级检查或考核而增加了基层的负担。平台的这种处理方式可能导致基层干部在处理问题时缺乏独立思考和判断，增加了不必要的工作量。,建议调取12345平台的后台数据，查看是否存在模板化回复的记录；询问12345平台工作人员是否存在独立审核和复核流程；查看是否有上级督查机构的反馈和处理记录。,该条目反映的是平台在处理投诉时存在模板化回复和未履行独立审核义务的问题，这可能表明为了应付上级检查或考核而增加了基层的负担。,qwen2.5vl:7b,full,HIGH,[],2026-08-09 19:38:15.009454
FJ26060720129,举报福州市鼓楼区政府刘用全负责人信访数据造假、督办空转、堵截网上信访、失职渎职,"事件地点：数据造假罪加一等！福建省福州市鼓楼区政府（鼓楼区政府请收敛）知法犯法长期对我投诉件删除修改？


实名投诉：鼓楼区委书记刘用全纵容造假堵截信访通道
鼓楼区信访配合造假堵截，督办空转。恳请中纪委严查刘用全失管纵容造假，彻查堵截黑幕并严肃问责。

国信平台异常波及鼓楼区，暴露属地监管失控。
4月24日18:00至25日8:00公告维护。25日22:07我点开平台，仍显示24日旧公告，通道锁死。
26日8点后投递，至17:03仍显24日公告，服务未开。
更奇葩的是，维护未到18:00平台提前发布维护公告，公然造假。

4月25日晚至26日17:03，公告不撤、通道锁死、提前造假，行为恶劣、固定异常。
到今天26日17:03打开依然是周五公告，天大笑话，腐败公开叫板吗？

非技术故障，实为后台手动操作、内鬼上阵，蓄意阻断群众信访权利。
鼓楼区作为属地，刘用全身为第一责任人，对此恶性造假、通道堵截视而不见，监管严重失责，基层信访沦为摆设，损害政府公信力。

依据《信访工作条例》，严禁人为设障弄虚作假。刘用全履职不力，放任下属造假堵路，构成严重不作为、乱作为。

恳请介入，封存鼓楼区相关后台数据，彻查幕后黑手，追究刘用全监管失责、纵容腐败的领导责任！",2026-06-07 22:45:28,福州市,鼓楼区,"鼓楼区12345中心
鼓楼区12345中心",指尖形式主义,强制打卡/积分排名/在线时长/上传照片视频轨迹,为了应付上级检查/考核/指标而增加一线无谓负担,0.9,"['指尖形式主义', '数据造假', '信访通道堵截']",该条目反映鼓楼区政府在信访数据造假、督办空转、信访通道堵截等问题，属于为了应付上级检查/考核/指标而增加一线无谓负担的形式主义表现。,建议调取鼓楼区政府的信访数据管理平台记录、相关会议记录、上级检查/考核/指标文件等，以核实是否存在数据造假、信访通道堵截等问题。,该条目反映信访数据造假、信访通道堵截等问题，属于为了应付上级检查/考核/指标而增加一线无谓负担的形式主义表现。,qwen2.5vl:7b,full,HIGH,[],2026-08-09 19:24:11.349404
PT26060720296,举报,"督 查 督 办
举报人：温金清，男，身份证号码：350321196412220356，电话号码：15205956499住址：福建省莆田市秀屿区笏石镇温东村温厝295号
被举报人:温春树，男，身份证号码：350321196805230336，电话号码：13559808155住址：福建省莆田市秀屿区笏石镇温东村温厝370号
2024年10月左右举报到2026年6月7日，都没有解决。
1、笏石派出所民警邹龙奕造假证据，温春树欠钱不还，温春树还叫温春林的儿子温金虎到温金清家中殴打温金清，邹龙奕造假说温金清到温春树家中被殴打。温春树是温东村村霸。
2、温春树有前科，为什么还能办出保安证，在笏石卫生院做保安。
3、温金虎退伍军人加党员，温金虎是温春树黑社会打手，别人军人保家卫国，温金虎殴打温金清。
4、秀屿分局纪委和笏石派出所邹龙奕包庇温春树地霸参加黑社会组织。
5、秀屿分局纪委和笏石派出所邹龙奕说温东村干部解决温金清到温春树家中被殴打这件事情，秀屿分局纪委和笏石派出所邹龙奕说温东村干部谁能解决，温东村干部什么名字说出来。温金请去找村干部讨一个说法。
6、笏石派出所郑建城叫温金清不要到处举报，举报到时也是到他那里，郑建城叫温金清2026年5月22日上午到笏石派出所，笏石派出所贺勇接待，都是说温春树的话，温金清在派出所等了很久郑建城都没有来，后来温金清回去了，回去之后郑建城打电话说回来了，上午11点温金清打电话给郑建城说找到郑光荣，温金清好不容易找到郑光荣。郑建城说等下午3点叫郑光荣，温金清，温春树三人对峙，结果郑建城没有叫温春树到场。郑建城说随时叫温春树到派出所，他就到派出所。2026年5月20日温金清报110，郑建城骗110说温春树事情解决了。郑建城包庇温春树，黑社会组织，温东村党支部找郑光荣表弟拿郑光荣电话号码，他表弟都说不知道。
郑建城骗温金清到派出所三四次说要解决温春树的事情，结果都没有解决，一天说这个，一天说那个，都是欺骗温金清。2026年2月10日左右，温春树叫翁丽娟到温金清家中说要解决，没有解决，温春树跟翁丽娟说温金清是敲诈温春树。温金清把翁丽娟的电话号码给郑建城，郑建城为什么不打电话给翁丽娟了解情况。
笏石派出所工号00034号，郑建城说工号00034是笏石派出所所长，叫温金清这三个月都不能投诉，现在知道郑建城是温春树保护伞地霸，参加黑社会组织。每次都是造假证据，欺骗各部门上级。
7、笏石派出所副所长郑建城叫温金清一起喝酒，温金清没有请郑建城喝酒吃饭，因此事情都不办。
8、笏石派出所邹龙奕造假证据，温春树、温金虎地霸，应该捉拿归案。
9、每次回复都是欺骗上级，请各级领导督查督办。
 

 
  
              



                                           举报人温金清   
2026年6月7日",2026-06-07 11:11:10,莆田市,秀屿区,"秀屿区12345中心
秀屿区12345中心",创建示范/达标,种类数量过多/未批准/运动式/作秀式/一阵风,为了应付上级检查/考核/指标而增加一线无谓负担,0.9,"['机关事务工作', '督查督办', '包庇保护伞']",该条目涉及基层干部被举报存在包庇保护伞、虚假证据等问题，反映了基层干部在处理案件时可能存在的形式主义现象，增加了基层负担。,建议调取相关案件的处理记录、上级部门的督查督办记录、基层干部的考核记录等，以核实是否存在形式主义为基层增加负担的情况。,投诉内容涉及基层干部被举报存在包庇保护伞、虚假证据等问题，反映了基层干部在处理案件时可能存在的形式主义现象，增加了基层负担。,qwen2.5vl:7b,full,HIGH,[],2026-08-09 19:15:36.108747
FJ26060620160,举报福州市鼓楼区政府刘用全负责人信访数据造假、督办空转、堵截网上信访、失职渎职,"事件地点长期被删除：你们怕光吗？福建省福州市鼓楼区政府（鼓楼区政府请收敛）知法犯法长期对我投诉件删除修改？

实名投诉：鼓楼区委书记刘用全纵容造假堵截信访通道
鼓楼区信访配合造假堵截，督办空转。恳请中纪委严查刘用全失管纵容造假，彻查堵截黑幕并严肃问责。

国信平台异常波及鼓楼区，暴露属地监管失控。
4月24日18:00至25日8:00公告维护。25日22:07我点开平台，仍显示24日旧公告，通道锁死。
26日8点后投递，至17:03仍显24日公告，服务未开。
更奇葩的是，维护未到18:00平台提前发布维护公告，公然造假。

4月25日晚至26日17:03，公告不撤、通道锁死、提前造假，行为恶劣、固定异常。
到今天26日17:03打开依然是周五公告，天大笑话，腐败公开叫板吗？

非技术故障，实为后台手动操作、内鬼上阵，蓄意阻断群众信访权利。
鼓楼区作为属地，刘用全身为第一责任人，对此恶性造假、通道堵截视而不见，监管严重失责，基层信访沦为摆设，损害政府公信力。

依据《信访工作条例》，严禁人为设障弄虚作假。刘用全履职不力，放任下属造假堵路，构成严重不作为、乱作为。

恳请介入，封存鼓楼区相关后台数据，彻查幕后黑手，追究刘用全监管失责、纵容腐败的领导责任！",2026-06-06 22:36:23,福州市,鼓楼区,"鼓楼区12345中心
鼓楼区12345中心",指尖形式主义,强制打卡/积分排名/在线时长/上传照片视频轨迹,为了应付上级检查/考核/指标而增加一线无谓负担,0.9,"['信访数据造假', '督办空转', '信访通道堵截']",该条目涉及信访数据造假、督办空转和信访通道堵截等问题，反映了基层信访工作被人为设障，导致基层干部在处理信访事务时面临诸多不便，属于形式主义为基层增加负担的表现。,建议调取相关信访平台的后台数据，查看是否存在人为修改和删除投诉记录的行为；询问相关信访工作人员，了解是否存在人为设障的情况。,投诉内容涉及信访数据造假、督办空转和信访通道堵截等问题，反映了基层信访工作被人为设障，属于形式主义为基层增加负担的表现。,qwen2.5vl:7b,full,HIGH,[],2026-08-09 19:03:19.505420
FZ26060622685,福州市城乡建总对投诉函每次模板化回复“加强管控”，未实际调试路灯定时、无落地整改，虚假办结、履职不到位；申请平台启动督办，将该事项纳入单位年度绩效扣分,"本人多次投诉晋安区宦溪镇桂湖片区路灯清晨6:30依旧常亮、未按时熄灯问题，前后多次通过12345平台提交诉求，承办单位福州城乡建设发展总公司每次均统一模板回复“加强日常管理”，无实质性整改动作，路灯开灯时段长期错乱、电能持续无谓浪费，属于虚假办结、敷衍处置群众诉求。
诉求：
1. 请平台启动督办问责，督促主管单位福州市住建局、宦溪镇人民政府实地现场核查桂湖全片区路灯时控控制柜；
2. 限期3个工作日完成路灯启闭时间调试，固定天亮前准时关灯；
3. 书面告知整改完成时间、后期常态化巡检方案，对前期屡次敷衍整改问题予以效能备注；
4. 整改完毕后电话回访反馈处理结果。",2026-06-06 21:34:25,福州市,晋安区,福州市城乡建总集团有限公司,数据造假,虚假整改/迎检突击/边改边犯/不惩反奖,为了应付上级检查/考核/指标而增加一线无谓负担,0.9,"['台账留痕迎检', '虚假办结']",该条目反映投诉人多次投诉路灯问题，但承办单位仅以模板化回复，未实际整改，属于虚假办结、敷衍处置群众诉求。这表明为了应付上级检查/考核/指标而增加了基层的无谓负担。,建议调取承办单位的台账记录、路灯管理系统的数据、以及相关领导的谈话记录，以核实是否存在虚假办结和敷衍整改的情况。,投诉内容反映承办单位在处理群众诉求时存在虚假办结、敷衍整改的情况，属于为了应付上级检查/考核/指标而增加基层负担。,qwen2.5vl:7b,full,HIGH,[],2026-08-09 19:03:40.548074
FZ26060523918,学校强制教师参加各类赛事严重压迫休息时间,"福州市仓山区第五中心小学。
长期以来，本校部分领导政绩思维功利化严重，重赛事荣誉、轻育人本职，常年无差别强制全体教师参加各类大小赛事，积弊深重，是全校一线教师的普遍困境与共同心声。近期海南26岁青年女教师因长期超负荷备赛、频繁赛课内卷过劳猝死，用惨痛悲剧暴露了教育系统过度摊派赛事、透支教师身心的乱象，而本校正长期存在同类严重问题。学校对各类赛事不加筛选、全盘下压，不兼顾教学校对各类赛事不加筛选、全盘下压，不兼顾教师日常教学、班级管理、家校沟通等本职工作，各类赛事层层叠加、接连不断，迫使教师持续牺牲休息与备课时间全力备赛，长期连轴运转、精力严重透支，超负荷工作已成常态。学校片面追逐比赛名次和对外政绩，本末倒置、重虚名轻教学，导致教师无力深耕教材、打磨课堂、辅导学生，备课仓促、教学弱化、学困生辅导缺位，直接损害学生正常受教育权益，严重削弱学校教学质量与此同时，学校长期漠视教师身心疾苦与合理诉求，一刀切的强制参赛任务让教师个人生活与休息权益被完全挤占，长期高压焦虑、身心俱疲，普遍产生重度职业倦怠，职业幸福感持续崩塌。",2026-06-05 21:34:20,福州市,仓山区,福州市仓山区教育局,权责不清/甩锅,清单外事项下放/签责任状转嫁/属地管理甩锅,为了应付上级检查/考核/指标而增加一线无谓负担,0.9,"['学校', '教师负担', '赛事任务']",该条目反映学校强制教师参加各类赛事，导致教师休息时间被挤占，属于层层加码/一刀切，增加了基层教师的负担。,建议调取学校相关会议记录、赛事安排文件、教师工作日志等材料，了解赛事任务的层层加码情况。,该条目反映学校强制教师参加各类赛事，导致教师休息时间被挤占，属于层层加码/一刀切，增加了基层教师的负担。,qwen2.5vl:7b,full,HIGH,[],2026-08-09 18:50:20.995756
FJ26060520283,福建省12345平台不到三月三换号，就是用“处理完毕”遮丑,"福建省12345平台不到三月三换号，就是用“处理完毕”遮丑

2026年3月14日22:33，再次收到1068423541212345。
不到三个月频繁换号，我问题没解决，你们就不断换号挡枪。
你们向来只用“处理完毕”三个字遮丑，却偷偷干着删地点、改内容、合并推诿的勾当。
向上一级机关说“已受理、已抄告、已合并”，实质是逃避责任、制造假流水。
就是不敢直面我没解决的事，更不敢删了内容再承认。
反而在后台不停换号、做假数据、隔离我。这种只盖章、不办事的做法，本身就是失职。别再装死，出来正面给个说法",2026-06-05 21:10:55,,,"福建省12345中心
福建省12345中心",数据造假,虚假整改/迎检突击/边改边犯/不惩反奖,为了应付上级检查/考核/指标而增加一线无谓负担,0.9,"['12345平台', '频繁换号', '弄虚作假']",该条目反映的是12345平台频繁换号，疑似为了应付上级检查而制造假流水，增加基层负担。关键现象是平台频繁换号，导致问题未解决，而上级机关只用“处理完毕”三个字遮丑，实质是逃避责任、制造假流水。,建议调取12345平台的后台数据，查看换号记录和处理记录，以及与上级机关的沟通记录，以核实是否存在弄虚作假行为。,该条目反映的是平台频繁换号，疑似为了应付上级检查而制造假流水，增加基层负担。,qwen2.5vl:7b,full,HIGH,[],2026-08-09 18:50:54.687190
FJ26060520273,举报福州市鼓楼区政府刘用全负责人信访数据造假、督办空转、堵截网上信访、失职渎职,"实名投诉：鼓楼区委书记刘用全纵容造假堵截信访通道
鼓楼区信访配合造假堵截，督办空转。恳请中纪委严查刘用全失管纵容造假，彻查堵截黑幕并严肃问责。

国信平台异常波及鼓楼区，暴露属地监管失控。
4月24日18:00至25日8:00公告维护。25日22:07我点开平台，仍显示24日旧公告，通道锁死。
26日8点后投递，至17:03仍显24日公告，服务未开。
更奇葩的是，维护未到18:00平台提前发布维护公告，公然造假。

4月25日晚至26日17:03，公告不撤、通道锁死、提前造假，行为恶劣、固定异常。
到今天26日17:03打开依然是周五公告，天大笑话，腐败公开叫板吗？

非技术故障，实为后台手动操作、内鬼上阵，蓄意阻断群众信访权利。
鼓楼区作为属地，刘用全身为第一责任人，对此恶性造假、通道堵截视而不见，监管严重失责，基层信访沦为摆设，损害政府公信力。

依据《信访工作条例》，严禁人为设障弄虚作假。刘用全履职不力，放任下属造假堵路，构成严重不作为、乱作为。

恳请介入，封存鼓楼区相关后台数据，彻查幕后黑手，追究刘用全监管失责、纵容腐败的领导责任！",2026-06-05 20:59:47,福州市,鼓楼区,"鼓楼区12345中心
鼓楼区12345中心",指尖形式主义,强制打卡/积分排名/在线时长/上传照片视频轨迹,为了应付上级检查/考核/指标而增加一线无谓负担,0.9,"['信访数据造假', '督办空转', '信访通道堵截']",该条目反映的是鼓楼区信访配合造假堵截，督办空转，以及国信平台异常导致的信访通道被锁死，这些现象表明为了应付上级检查/考核/指标而增加了基层信访工作人员的负担。,建议调取国信平台的后台数据，查看具体的操作记录；询问相关信访工作人员了解具体情况。,该条目反映的是为了应付上级检查/考核/指标而增加了基层信访工作人员的负担。,qwen2.5vl:7b,full,HIGH,[],2026-08-09 18:51:11.306592
XM26060521377,工商部门要求提供“经营场所证明”于法无据,近期，集美区同安区陆续有商户前来社区申请开具经营场所相关证明，用于办理营业执照。但根据国家精简基层证明相关规定，办理营业执照所需经营场所佐证材料，自有产权证、房屋租赁合同等即为合法有效凭证，出具营业执照办理相关证明并非社区法定工作职责，该项证明也不在基层群众性自治组织保留出具证明清单范围内。工商部门此举于法无据，严重加重基层负担。,2026-06-05 11:56:47,厦门市,,厦门市市场监督管理局,数据造假,虚假整改/迎检突击/边改边犯/不惩反奖,为了应付上级检查/考核/指标而增加一线无谓负担,0.9,"['工商部门', '经营场所证明', '基层负担']",该条目反映工商部门要求提供“经营场所证明”于法无据，加重基层负担。工商部门要求提供额外证明材料，属于台账留痕，增加了基层负担。,建议调取工商部门要求商户提供经营场所证明的相关文件、商户反映的证明材料、工商部门与商户的沟通记录等，以核实工商部门是否要求提供额外证明材料。,该条目反映工商部门要求提供额外证明材料，属于台账留痕，增加了基层负担。,qwen2.5vl:7b,full,HIGH,[],2026-08-09 18:46:00.431932
ND26060520104,霞浦县医院病案室工作人员形式主义盛行,在现行的电子医保卡，一卡通用的工作环境，县医院病案室工作人员，在病人查阅档案时，以非原件拒绝本人查档，电子身份证，电子医保卡均不能证明本人是本人，照片也不行。一定要病人一件事跑两趟,2026-06-05 09:33:04,宁德市,霞浦县,霞浦县卫生健康局,指尖形式主义,强制打卡/积分排名/在线时长/上传照片视频轨迹,为了应付上级检查/考核/指标而增加一线无谓负担,0.9,['指尖形式主义'],该条目反映医院病案室工作人员在病人查阅档案时，要求病人提供非原件的证明材料，导致病人需要多跑一趟，增加了基层工作人员的负担。核心根因是为应付上级检查/考核/指标而增加一线无谓负担。,建议调取医院病案室工作人员的工作流程和相关文件，了解其具体操作和管理规定，以核实是否存在为应付上级检查而增加基层负担的情况。,投诉内容反映医院病案室工作人员在病人查阅档案时，要求提供非原件的证明材料，增加了基层工作人员的负担，符合指尖形式主义的定义。,qwen2.5vl:7b,full,HIGH,[],2026-08-09 18:39:59.843852
PT26060421433,关于强制增订书本的问题,市民反映：仙游县郊尾镇郊尾中心小学没有经过老师同意，擅自给全体老师定制了一本书，名字叫“全学科阅读怎么做”，该书不在教辅目录内，涉嫌违规增订，并且还强制全体老师参加全学科阅读活动，每周线上打卡，每个月线上研讨，要求提交材料并留痕，给老师造成很大工作压力，影响正常休息和工作，存在形式主义，该书也不在省级进校园的白名单内，还不允许请假，希望有关部门督促不要强制要求参与打卡等活动，能让老师自由选择。,2026-06-04 23:33:37,莆田市,仙游县,仙游县教育局,指尖形式主义,强制打卡/积分排名/在线时长/上传照片视频轨迹,为了应付上级检查/考核/指标而增加一线无谓负担,0.9,"['学校', '强制打卡', '留痕', '工作压力']",该条目描述了学校强制老师参加全学科阅读活动，并要求线上打卡、研讨并提交材料，存在形式主义，增加了老师的工作负担。,建议调取学校相关文件、老师的工作日志、打卡记录等材料，了解具体执行情况。,该条目明确描述了学校为了应对上级检查而要求老师参加打卡活动，增加了工作负担。,qwen2.5vl:7b,full,HIGH,[],2026-08-09 18:14:26.393737
XM26060423381,天天开会，普通老师苦不堪言,"学校天天开会，大量挤占普通老师的休息时间，老师们苦不堪言。不止一次向上级部门反馈，得到的答复说会整改但是完全没落实。
学校是教书育人的地方，不是领导们满足自己开会喜好肆意妄为的地方。如此密集、毫无意义的会议大量挤占普通老师们的备课时间、休息时间，请上级部门能重视。学校老师已经苦不堪言，投诉无门了。",2026-06-04 20:28:22,厦门市,湖里区,湖里区教育局,精简会议,会议数量过多/层层召开/文山会海/年底扎堆/未批准直达基层,为了应付上级检查/考核/指标而增加一线无谓负担,0.9,"['会议过多', '基层负担']",该投诉反映学校频繁开会，挤占了普通老师的休息和备课时间，属于会议过多、层层陪会，增加了基层负担。,建议调取学校会议记录、教师反馈记录、上级部门关于会议的指示文件等材料，以核实是否存在为了应付上级检查而频繁开会的情况。,投诉内容明确指出学校频繁开会，挤占了普通老师的休息和备课时间，属于会议过多、层层陪会，增加了基层负担。,qwen2.5vl:7b,full,HIGH,[],2026-08-09 18:16:18.839552
FZ26060423050,关于钉钉观看禁毒平台强制要求班主任打卡问题,"不是都取消了班主任观看禁毒云平台的任务了吗？还要要求钉钉打卡看直播，没观看完，还要被全校领导通报批评。
请问钉钉观看的时间合理吗？正常周一到周五班主任不要上班工作吗？预约了5、6次，每次等我下课后进去再观看时长已经不足，请问这像话吗？换谁不精神崩溃？请问看回放是会有什么问题吗？
我知道投诉也并不会改变什么，所以也不需要你们来联系我，我只是非常难受，学生在家跳楼死亡、自残后，这种责任也是班主任，并没有人关注过班主任的心理健康，每一件事班主任做的尽心尽责，这些工作要是觉得我们班主任做的不够到位，请麻烦你们派人到各个学校里面进行当面给全校师生授课，而不是以形式主义的方式要求班主任看直播去打卡，其他部门完成不完的工作就让班主任来进行，班主任工作完成不完的时候请问谁来帮忙过？凭什么通报批评的是班主任。请相关部门及时关注一下班主任的身心健康行吗？",2026-06-04 16:40:10,福州市,,南安市教育局,指尖形式主义,强制打卡/积分排名/在线时长/上传照片视频轨迹,为了应付上级检查/考核/指标而增加一线无谓负担,0.9,"['钉钉打卡', '直播观看', '通报批评', '班主任工作']",该条目描述了班主任在观看禁毒云平台直播时被要求打卡的情况，且存在通报批评的风险。这属于通过钉钉打卡的形式主义方式要求班主任完成工作任务，增加了班主任的负担。,建议调取钉钉平台的打卡记录、班主任的工作安排、学校领导的通报批评记录等材料，以核实是否存在通过打卡形式主义增加班主任负担的情况。,通过钉钉打卡要求班主任观看直播，且存在通报批评的风险，属于通过形式主义增加基层负担的典型表现。,qwen2.5vl:7b,full,HIGH,[],2026-08-09 18:21:36.031559
FJ26060420171,欺骗中央第一生态环境保护督察组，中央第四巡视组，违反了政府文件规定精神，违背诺言,关于莆田市秀屿区东峤镇镇政府有关部门工作人员、包村干部、包组干部、许厝村原村支书敷衍应付中央第一生态环境保护督察组、中央第四巡视组、违反了政府文件规定精神、违背诺言。1、福建省莆田市秀屿区东峤镇镇政府原党委书记肖耀华。2、包村干部：詹少鹏。3、许厝村代支书：伟宁（能）。4、包村干部：黄腾。5、许厝村原村支书：许志煌。事实与理由：1、这件事情的起源是以上那些人对编号：东政（2022）0322006号、东政信复（2023）60号政府文件久拖不决，明显违反了政府文件规定精神和村民群众关系基本准则，敷衍应付中央第一生态环境保护督察组2023年11月23日0591-87851369、中央第四巡视组2025年7月20日0591-88332011宗旨原则，避免局势恶化的根本，在于镇、村停止敷衍应付、违反、违背诺言、充当保护伞，同时尽快解决国家生态环境保护和历史遗留2亩左右集体公共水塘恢复原状和60多亩耕地正常用水灌溉，也应该得到充分尊重，诉求人和村民群众不认同村霸占用填埋公共集体水塘和破坏国家生态环境保护以及60多亩耕地4年左右无水灌溉，肖耀华、詹少鹏、伟宁（能）、黄腾、许志煌停止敷衍应付、编造谎言、滥用职权、久拖不决、违背诺言、形式主义、欺上瞒下，遗责一切无差别攻击无辜诉求人和村民群众目标的行为，国家生态保护和历史遗留公共集体水塘以及耕地用水灌溉不应受扰。2、是东峤镇镇政府有关部门工作人员与许志煌共同敷衍应付中央第一生态环境保护督察组、中央第四巡视组、违反了政府文件规定精神、滥用职权、欺下瞒上，违背诺言，编造谎言、引发诉求人精力疲备和时间浪费以及各种费用损失，也是东峤镇镇政府有关部门工作人员与许志煌置自身信誉于不顾，与诉求人多次在秀屿区信访局、东峤镇信访局、许厝村村委会约谈进程中悍然对水塘问题依次违背诺言、久拖不决、形式主义、官僚主义，导致诉求人努力付诸东流，东峤镇镇政府有关部门工作人员与许志煌所作所为，违反党的纪律以及中央政策规定宗旨和原则，诉求人和村民群众予以强烈谴责。3、东峤镇镇政府有关部门工作人员与许志煌承担着维护村民群众关系和谐发展与社会稳定的首要职责，应该秉持客观公正和公平的立场，势必引发局势进一步升级造成严重后果，东峤镇镇政府必须慎重行事，为推动局势降温，尽快清理恢复原状保护国家生态和耕地正常用水灌溉发挥积极作用。4、请求上级有关部门督促当地有关部门尽快解决，为此，诉求人特向你们实名反映上述实情，请求你们彻查此案，诉求人必须如实配合你们的调查。,2026-06-04 16:25:05,莆田市,秀屿区,"秀屿区12345中心
秀屿区12345中心",创建示范/达标,种类数量过多/未批准/运动式/作秀式/一阵风,为了应付上级检查/考核/指标而增加一线无谓负担,0.9,"['基层减负', '形式主义', '生态环境保护', '信访问题']",该条目反映的是基层干部在应对上级检查时敷衍应付，违反政府文件规定精神，违背诺言，属于形式主义为基层增加负担。关键现象是是基层干部在应对上级检查时敷衍应付，关键因果链条是上级检查/考核/指标的压力导致基层干部增加无谓负担。,建议调取相关政府文件、信访记录、上级检查记录等材料，找相关基层干部谈话，了解其在应对上级检查时的具体情况。,该条目反映的是基层干部在应对上级检查时敷衍应付，属于形式主义为基层增加负担。,qwen2.5vl:7b,full,HIGH,[],2026-08-09 18:06:41.072770
ND26060420409,投诉教学问题,某女士来电反映，她是福鼎市某初中教师（群众拒绝提供具体信息）。每年福鼎市全市中学均要求教师使用钉钉软件观看禁毒视频。她认为该任务与教学无关、效果有限，且增加一线教师的教学负担。现要求取消该任务，烦请相关部门核实处理。（群众拒绝部门电话联系）,2026-06-04 15:34:38,宁德市,福鼎市,福鼎市教育局,指尖形式主义,强制打卡/积分排名/在线时长/上传照片视频轨迹,为了应付上级检查/考核/指标而增加一线无谓负担,0.9,"['投诉教学问题', '健康教育服务']",该条目反映教师被要求使用钉钉软件观看禁毒视频，认为该任务与教学无关、效果有限，且增加一线教师的教学负担。这符合为了应付上级检查/考核/指标而增加一线无谓负担的定义。,建议调取福鼎市教育局关于要求教师使用钉钉软件观看禁毒视频的相关文件、会议记录、通知等材料，以及钉钉软件的使用记录，以核实是否存在为应付上级检查而增加教师负担的情况。,该条目内容涉及教师被要求使用钉钉软件观看禁毒视频，增加了教学负担，符合指尖形式主义的定义。,qwen2.5vl:7b,full,HIGH,[],2026-08-09 18:11:08.099866
PT26060420356,本人注意到：本事项在“办理部门为12345中心”的情况下，回复内容却完全来源于城厢公安分局，且未见12345平台对该回复进行任何独立审核或复核说明。  该处理方式实质上是将投诉事项直接交由被投诉单位自,"本人注意到：本事项在“办理部门为12345中心”的情况下，回复内容却完全来源于城厢公安分局，且未见12345平台对该回复进行任何独立审核或复核说明。

该处理方式实质上是将投诉事项直接交由被投诉单位自行认定并通过平台发布，导致“平台转办=原单位自我结论”的结果，已明显偏离12345平台应有的监督与协调职责。

同时，多次不同事项均出现内容高度一致的模板化回复，进一步说明平台未履行实质审查义务。

本人认为：  
该类处理方式已构成程序性不当，属于形式化履职，不能视为有效答复。

现要求：  
1. 明确说明12345平台在本事项中的审核过程；  
2. 提供是否进行独立复核的依据；  
3. 如未复核，请说明理由并移交上级督查机构处理。",2026-06-04 10:14:00,莆田市,城厢区,"城厢区12345中心
城厢区12345中心",权责不清/甩锅,清单外事项下放/签责任状转嫁/属地管理甩锅,为了应付上级检查/考核/指标而增加一线无谓负担,0.9,"['机关事务工作', '平台转办', '形式化履职']",该条目反映的是12345平台在处理投诉时，将事项直接交由被投诉单位自行认定并通过平台发布，导致平台未能履行监督与协调职责，形成形式化履职。这属于为了应付上级检查/考核/指标而增加一线无谓负担。,建议调取12345平台的审核记录、回复内容的原始记录，以及相关领导的谈话记录，以核实平台是否履行了独立审核和复核义务。,该条目反映了平台转办导致原单位自我结论的情况，属于为了应付上级检查/考核/指标而增加一线无谓负担。,qwen2.5vl:7b,full,HIGH,[],2026-08-09 18:29:42.353796
XM26060420726,业委会成立受阻,"投诉事由：承办单位仅口头答复在推进、无节点、无方案、无落地结果，敷衍办结、履职拖沓
原述求编号：XM26051920712
1. 前期投诉后，镇政府仅笼统回复事项在推进，未书面列明推进时间表、责任人、分步处置节点、阶段性落地凭证，长期无任何实质处置动作，属于以“正在推进”敷衍搪塞、虚假答复 。
2. 依据《福建省12345便民服务平台监督管理办法》，投诉类事项法定办结时限10个工作日，超期无实效答复违规；复杂延期必须书面报备平台并告知诉求人，本事项从未出具延期说明 。依据《福建省机关效能建设工作条例》，消极应付、拖延履职应当效能问责 。
3、根据我们的申请日期，和多次打电话通话记录，镇府那边的回复，包含投诉12345的反馈意见。该问题存在履职不到位、违规嫌疑，申请移交纪检监察部门介入督办、依规查处。
4. 本次明确三项硬性诉求：
① 3个工作日内书面公示：项目经办人、分管领导姓名+完整处置时间表（几月几日完成哪一步）；
② 限期X日内落地对应事项，分阶段在平台上传工作佐证材料（会议记录、现场工作记录等）；
③ 对前期只空喊推进、不作为问题由区效能办介入核查并书面反馈问责核查结果；
5. 如继续模糊回复“在推进”无实质内容，本人同步向区纪委、区住建局、区效能办另行书面投诉不作为。",2026-06-04 10:05:22,厦门市,同安区,"厦门市同安区洪塘镇人民政府
厦门市12345中心
厦门市12345中心
厦门市同安区洪塘镇人民政府",创建示范/达标,种类数量过多/未批准/运动式/作秀式/一阵风,为了应付上级检查/考核/指标而增加一线无谓负担,0.9,"['业委会建设管理', '履职不到位', '虚假答复']",该条目反映的是业委会成立受阻的问题，镇政府仅口头答复且未书面列明推进时间表、责任人、分步处置节点等，存在敷衍办结、履职拖沓的情况。这可能是因为为了应付上级检查或考核而增加了基层的无谓负担。,建议调取镇政府的会议记录、工作台账、相关文件等，以核实镇政府是否在敷衍办结、履职拖沓。同时，可以找相关工作人员谈话，了解具体原因。,该条目反映了为了应付上级检查/考核/指标而增加基层无谓负担的情况，属于评比创建/证明/借调类型。,qwen2.5vl:7b,full,HIGH,[],2026-08-09 18:29:57.515033
SM26060420058,雪南中学34度的天不肯开空调，只有办公室能开和自习室学习好的学生能开。高三年段还有三天高考，不肯给学生开空调，已经有同学热得回家请假了。,"莫让“何不食肉糜”重演
 
古有晋惠帝一句“何不食肉糜”，沦为千古笑谈。君王身居深宫，不知百姓饥寒，脱离人间烟火，才会说出这般荒诞之言。而如今水南中学酷暑高温却执意不开空调的事件，恰似现代版的“何不食肉糜”，引人深思，发人警醒。
水南中学，盛夏烈日炙烤，学生身处密闭空间，闷热难耐、汗流浃背，急需空调降温解暑。可相关人员却固守刻板规定，无视学生真实体感与实际困境，坚持不开空调。在他们眼中，学生不为人，却忽略了暴晒、密闭环境带来的闷热酷暑，脱离了真实的民生场景。
 
这种脱离实际的决策，正是官僚主义、形式主义的缩影。制定规则、落实管理的初衷，本是为游客提供舒适便捷的游玩体验，服务大众、便利群众。但僵化执行规定，死守固有经验，不结合实际情况变通，让冰冷的规则困住温暖的服务，让刻板的教条忽视群众的疾苦，最终背离了服务的初心。
 
时代不断进步，“何不食肉糜”的闹剧本应彻底绝迹，可脱离实际、主观臆断的思维，依然偶尔出现。无论是公共服务还是日常管理，最忌讳闭门造车、固守旧念。所有规章制度、管理决策的根基，永远是现实情况与百姓需求。不深入体察民情、不贴合实际生活的决策，再看似合理，最终也只会脱离群众、惹人诟病。
 
以人为本，方得始终。真正的管理智慧，从来不是死板教条的坚守，而是灵活变通的温度。愿我们都能摒弃脱离现实的傲慢，走出固有认知的局限，俯身体察人间冷暖，拒绝“何不食肉糜”式的荒诞，用贴合实际的举措、温暖人心的服务，守护烟火人间，善待每一份民生需求。

校长开不了就下岗好吗？别当了",2026-06-04 08:55:22,三明市,将乐县,将乐县教育局,盲目决策/形象工程,不顾实际上项目/盲目举债/挖山造田/有轨电车/农旅烂尾/违规占地,为了应付上级检查/考核/指标而增加一线无谓负担,0.9,"['过度管控', '盲目决策']",该条目反映了学校在酷暑高温下坚持不开空调的情况，这可能与上级检查或考核有关，导致学校忽视了学生的真实需求，增加了基层负担。,建议调取学校相关规章制度、上级检查或考核文件、学生反馈记录等材料，以核实是否存在为了应付上级检查而增加负担的情况。,该条目内容涉及学校在酷暑高温下坚持不开空调的情况，这可能与上级检查或考核有关，导致学校忽视了学生的真实需求，增加了基层负担。,qwen2.5vl:7b,full,HIGH,[],2026-08-09 18:23:25.353577
FJ26060320299,【升级举报】福州12345恶意拦截诉求、做假数据，涉嫌行政违法，请求上级监管介入核查,"问题分类：长期弄虚作假及删除事件地点严重腐败！


苏增添的下场忘了？拆迁推诿、过渡费拖欠，就是重蹈覆辙！

打卡游福州市12345市长热线平台风景，推诿观光带逛腻了，回复太经典“诉求不清”你们好自为之见好就收！


福州12345平台存在恶意拦截诉求、篡改信访数据、人为制造验证码故障等系列违规行为，已涉嫌行政违法，现请求上级监管部门直接介入，彻查幕后责任人员！
系列违规行为已触及法律底线，绝非“工作失误”可掩盖，若上级监管部门不及时介入，本人将同步所有证据至检察机关，追究相关人员法律责任！福建省福州市12345市长热线平台！",2026-06-03 21:56:56,福州市,,"福州市12345中心
福州市12345中心",数据造假,虚假整改/迎检突击/边改边犯/不惩反奖,为了应付上级检查/考核/指标而增加一线无谓负担,0.9,"['恶意拦截诉求', '篡改信访数据', '人为制造验证码故障']",该条目涉及福州12345平台恶意拦截诉求、篡改信访数据、人为制造验证码故障等违规行为，属于为了应付上级检查/考核/指标而增加一线无谓负担。,建议调取12345平台的后台数据，查看是否存在恶意拦截诉求、篡改信访数据、人为制造验证码故障等违规行为。,该条目涉及恶意拦截诉求、篡改信访数据、人为制造验证码故障等违规行为，属于为了应付上级检查/考核/指标而增加一线无谓负担。,qwen2.5vl:7b,full,HIGH,[],2026-08-09 17:52:31.090012
XM26060323400,思明区教育局德育科负责人刘映辰政绩观存在严重偏差,"尊敬的领导：
作为思明区一线德育工作者，现向上级部门反应思明区教育局德育科负责人刘映辰政绩观存在严重偏差的情况。作为深耕思明教育一线的老师，能深切的感受到历任局领导对于一线学校的领导、教师都尊重有加。但实在不理解为何任用刘映辰这类的干部担任德育科担任负责人，此人上任后，自视官位极高，整个思明一线德育工作者，含班主任老师苦不堪言，怨声载道。对照正确政绩观要求，该干部在履职中存在以下问题：
一、形式主义作祟，虚耗工作精力。
1.经常性召开各种工作会，以趾高气昂的姿态对待。以五月份为例：5月6日、5月18日、5月22日、5月27日平均每周至少一次，还不包括一些小会。看似重视工作，实则是用“会议落实会议”的形式主义应付差事，没有把精力放在解决教育实际问题上，浪费了基层干部、教师的宝贵授课时间，违背了务实高效的政绩要求。频繁开大小会导致学校德育分管副校长、德育主任、德育骨干、甚至任职一年的新班主任等都要调课出席，打乱学校正常教学秩序。
2.要求初中分管德育副校长、德育主任、心理教师随时准备材料抱到教育局，逐个约谈批评，但布置工作的初期，并没有进行相关指导。
二、官本位思想严重，漠视干群关系。
该干部在领导面前一套，在基层面前又是另一套。以领导自居，在会议上用责骂的方式和态度对待到会的老师，不尊重基层同志的人格与付出，是典型的官僚主义作风，没有摆正教育服务者的位置。其在滨东小学召开的市级德育工作会的后半场（区级）会上疯狂叫嚣的音频、视频已广泛在全市流传，如：“我现在马上看，哪个学校胆子这么大！”（下面坐着每个学校的副校长和德育主任，并有外区副校长等还未离开会场）严重影响我区教育工作者形象，如有合适途径，可进一步提交音频等。
三、权力观扭曲，滥用职权谋私。
    1.各类教师及学生赛事与征文活动频繁开展，时间短，任务重。赛事组织工作缺乏前期指导，上级文件直接转化为本区文件下发，导致工作压力层层传导，加上时间短，只重量，不重质。班主任在承担日常教学任务的同时，还需积极参与或组织相关赛事活动。以四月份为例，先后开展了班主任基本功大赛、育人故事征集（仅一等奖参与汇编）、德育论文征集（仅一等奖参与汇编）、“红领巾讲解员”风采大赛等活动。
2.对各项赛事大包大揽，把公权力当作满足个人私利或彰显“权威”的手段，破坏了教育生态，也严重损害了教育系统的公信力。
四、专业素养缺失，违背教育规律。
不尊重心理健康教育规则，随意质疑心理教研员，反映出自身对教育专业领域的无知与傲慢，没有树立敬畏专业、尊重规律的政绩观，阻碍了心理健康教育工作的正常开展。
该干部的种种行为，本质是政绩观、权力观的严重扭曲，希望领导能够对该干部进行匿名民意调查，听听多数一线德育工作者们的心声，也恳请领导核实清楚后选择一名树牢以人民为中心的政绩观，敬畏规则、尊重专业、务实履职，切实做好教育服务工作的德育负责人来带领大家共同进步。",2026-06-03 21:13:25,厦门市,思明区,思明区教育局,精简会议,会议数量过多/层层召开/文山会海/年底扎堆/未批准直达基层,为了应付上级检查/考核/指标而增加一线无谓负担,0.9,"['会议过多', '基层负担', '教育实际问题']",该条目反映了基层德育工作者在刘映辰任德育科负责人期间，频繁召开会议，导致基层干部和教师的授课时间被占用，违背了务实高效的政绩要求，增加了基层的无谓负担。,建议调取会议记录、教师授课时间安排表、学校教学秩序记录等材料，以核实会议召开频率和影响。,频繁召开会议且未解决实际问题，属于形式主义增加基层负担的表现。,qwen2.5vl:7b,full,HIGH,[],2026-08-09 17:32:31.165638
FZ26060322371,关于长乐区教育局在职称评审中违规适用“溯及既往”条款、无视既定教学安排的紧急反映,"您好！我是一名一线教师。现针对长乐区教育局近期职称评审工作中出现的“政策执行双重标准”及“新规溯及既往”的不合理现象进行匿名反映。此事不仅关乎我个人权益，更暴露出长乐区教育局在行政管理上的重大逻辑漏洞，恳请领导予以关注。
2026年5月下发通知（见附件1），其中规定“从2026年起，需承担所聘学科教学工作量最低标准的一半以上”。然而，作为被考核对象，我的课程表（见附件2）早在2025年9月就已由学校教务处统一制定并执行至今。附件2显示，我在2025-2026学年的周课时量为12节（数学5节+科学3节等）。这是学校当时的统筹安排，并非我个人挑肥拣瘦或故意少上课。学校在2025年9月排课时，并未执行“一半以上工作量”的要求（否则当时就会给我加课）。既然当时学校认为该工作量是合规的，现在长乐区教育局却用半年后（2026年5月）才出台的文件来否定之前的安排，这属于典型的行政溯及既往。
根据行政法理及事业单位人事管理的一般原则，新规不应惩罚旧行为。长乐区教育局目前“一刀切”地判定我不符合晋级要求，不仅忽视了客观的历史遗留问题，更会让广大教师对其管理的公平性产生质疑。
1.请求上级部门核实：在2025年9月排课时，长乐区教育局是否已公示过该工作量标准？若未公示，则不应以此标准考核本学期已产生的工作量。
2. 请求对本人2025-2026学年的教学工作量进行合理认定，剔除因政策发布时间滞后导致的不可抗力因素。请严格保密投诉人身份，恳请领导督促长乐区教育局重新审议，给予教师一个公平的解释机会，谢谢",2026-06-03 15:08:47,福州市,长乐区,福州市长乐区教育局,权责不清/甩锅,清单外事项下放/签责任状转嫁/属地管理甩锅,为了应付上级检查/考核/指标而增加一线无谓负担,0.9,"['教师职称', '层层加码/一刀切']",该投诉反映长乐区教育局在职称评审中采用“溯及既往”条款，无视既定教学安排，一刀切地判定不符合晋级要求，这属于为了应付上级检查/考核/指标而增加一线无谓负担。,建议调取长乐区教育局职称评审的相关文件、通知和政策，了解其具体规定和执行情况，以及教师的课程表和工作量安排。,投诉内容反映长乐区教育局在职称评审中采用“溯及既往”条款，无视既定教学安排，一刀切地判定不符合晋级要求，属于为了应付上级检查/考核/指标而增加一线无谓负担。,qwen2.5vl:7b,full,HIGH,[],2026-08-09 17:41:09.009784
FJ26060320155,[国办转办件]少点形式主义，减轻基层负担,"""【本次诉求人为：汪烨康    ，电话：18039823523   】
（本条来自国办www.gov.cn留言办理系统转地方办理，经福建省指定联系员转办，请相关部门及时核实办理并反馈，最终结果也将转回国办www.gov.cn留言办理系统中。)""
标题：少点形式主义，减轻基层负担
正文：
福建省龙岩市长汀县，学校老师经常需要家长填这个问卷那个通知书，连反诈宣传都要要求幼儿园的小孩确认接到通知了。幼儿园的小孩知道什么？字都不认识，还落实反诈知识。最终就是学校，老师落实上级要求，家长配合签字，学校老师收集反诈回执，就是形式主义，基本没效果，为了完成任务而让家长签字，学校收集回执。还有，动不动接龙，这个接龙那个接龙，严重增加老师和家长负担（类型：人民群众留言入口）",2026-06-03 14:59:00,龙岩市,长汀县,长汀县教育局,指尖形式主义,强制打卡/积分排名/在线时长/上传照片视频轨迹,为了应付上级检查/考核/指标而增加一线无谓负担,0.9,"['学校', '反诈知识', '家长签字', '接龙']",该条目反映的是学校老师为了完成上级要求而让家长签字收集反诈知识回执，以及频繁的接龙活动，增加了老师和家长的负担。这符合为了应付上级检查/考核/指标而增加一线无谓负担的定义。,建议调取学校相关文件、家长签字的回执、接龙活动的记录等材料，找相关学校老师和家长谈话，以核实具体情况。,该条目明确指出学校老师为了完成上级要求而增加家长的负担，符合指尖形式主义的定义。,qwen2.5vl:7b,full,HIGH,[],2026-08-09 17:41:19.574950
FZ26060322087,诉求件FZ26052122613回复不满,"尊敬的12345政务服务便民热线平台:
本人现就此前反映的八中709班相关问题未有任何解决，且针对八中有关处室推诿扯皮、履职不作为、违规转嫁信访处理压力的问题，进行二次投诉！
此前，本人通过12345平台如实反馈相关问题，诉求合理、事实清晰，本应由教育主管部门依法依规、公正客观开展调查核实，并由教育局官方给出正式、权威的处理答复。但本人收到的平台回复结果，并非教育局核查后的官方回复，而是涉事学校强行要求一线班主任代为撰写、上报的回复内容。
该处理方式严重不合理、不规范，充分暴露了八中有关处室严重的履职缺位、不作为、乱作为问题，具体问题如下：
第一，教务处等处室推诿履职责任，刻意规避监管职责。且本次投诉全程未得到任何实质性核查与处理，而是将本该由行政部门承担的信访处置工作，直接下压至一线班主任，属于典型的懒政怠政、推诿扯皮。
第二，转嫁工作压力，为难基层一线教师。班主任身处教学一线，本职工作为教育教学、班级管理，并无处理行政信访投诉的工作职责。八中有关处室为简化工作、逃避责任，强制施压班主任回复投诉，无端增加基层教师工作负担，让普通教师承担行政部门的工作任务，严重违背为基层减负的政策要求，极大消耗基层教师工作精力，不合理、不合规、不人道。
第三，回复结果缺乏公正性、真实性，投诉问题未得到任何实质解决！这种流于形式的回复，完全没有解决本人反馈的实际问题，12345信访投诉渠道的监督、维权作用彻底失效，且就在投诉期间，11班的英语老师竟在5月27号又到9班进行试课，9班是他的试验田吗？典型的不把投诉放在眼里，更不把班主任放眼里，所以请问学校有关处室为难班主任有用吗？
第四，工作流程严重违规，政务服务流于形式。12345政务投诉工单具备严肃性、规范性，要求承办单位亲自核查、亲自回复、闭环处理。教育局此次转交件为基层教师代为回复的行为，八中有关处室严重违反政务工单处理工作规范，属于典型的不作为、敷衍履职，漠视群众诉求，损害政府部门公信力。
基于以上事实，本人提出以下诉求：
1. 要求有关政务督查部门介入调查，严肃追责八中教务处等处室本次推诿扯皮、懒政不作为、违规转嫁工作任务的行为，对相关负责工作人员进行问责，并回复公示处理结果；
2. 作废本次由班主任代为撰写的无效回复，要求教育局亲自对接、重新全面核查本人此前反馈的问题，基于事实给出客观、公正、详细的官方书面回复，切实解决本人诉求；
3. 责令福州八中整改工作作风，严格规范12345信访工单处理流程，杜绝将行政监管工作转嫁基层教师的违规行为，杜绝形式主义、敷衍式回复，保障家长及学生合理维权渠道畅通；
4. 杜绝班主任因本次投诉受到变相施压、追责，严禁出现打击报复基层教师的情况。如果班主任做的的这些违规老师的主，他们就不会来随意践踏9班学生的公平教育权了！这些违规的老师不就是欺负班主任年轻好说话，好欺负么？
5.根据FZ26052122613投诉件回复内容中几个问题请八中有关处室答疑解惑，第一：回复内容关于师资分配问题，学校按照老中青、代课教师规范搭配的原则，那么请根据事实公布初一年级十几个班级的老中青教师搭配情况；第二; 在公开课方面，学校后期会合理规划,那请问前期不合理规划的原因是什么？是有人刻意拿9班来试课，还是学校有关处室不作为，请公布初一年纪所有班级公开课的频率及次数，如果是人为故意都是安排在9班试课，请回复对相关人员的处理结果。初一整个学年对9班学生造成的几个学科的学业滞后怎么解决？？
本人将持续跟进此事，若本次问题仍得不到公正、妥善处理，本人将继续向上级主管部门、纪检部门逐级投诉维权。恳请相关部门正视问题、从严核查、秉公处理，切实维护学生合法权益及基层班主任的合法权益！",2026-06-03 13:55:06,福州市,仓山区,福州市教育局,盲目决策/形象工程,不顾实际上项目/盲目举债/挖山造田/有轨电车/农旅烂尾/违规占地,为了应付上级检查/考核/指标而增加一线无谓负担,0.9,"['过度管控', '基层减负']",该条目反映的是基层教师在处理信访投诉时被要求撰写回复，增加了基层教师的工作负担，属于过度管控和盲目决策，不符合为基层减负的政策要求。,建议调取教育局的信访处理流程、班主任的工作职责以及相关教育部门的文件，以核实是否存在过度管控和盲目决策的情况。,该条目反映了基层教师在处理信访投诉时被要求撰写回复，增加了基层教师的工作负担，属于过度管控和盲目决策。,qwen2.5vl:7b,full,HIGH,[],2026-08-09 17:20:02.621659
QZ26060324683,惠安县螺阳镇蔡厝村二轮延包草案以“全村征占地388.79亩”为总口径压减二组承包地（二组确权列1.89亩/7户），本人4月起向村委会以及螺阳镇政府反映至今无书面答复，请求督办并暂停核检待核查（实名）,"本人蔡建忠，蔡厝村二组承包户（权证编号090689，承包期至2027年）。现就螺阳镇及蔡厝村在二轮延包中的违纪违规行为投诉如下：
一、数据严重造假。村《二轮延包草案》称1997年至今全村征占地388.79亩，但经核对省政府闽政地批文，涉及蔡厝村合法征地仅9.4411公顷（约141.6165亩），差额约247亩，涉嫌无批文背书，有虚假台账嫌疑。
二、本人所属二组承包地遭非法核减。二组二轮承包面积44.99亩（承包户44户），延包草案竟将该组总确权面积压至1.89亩（仅7户）。此举未在延包草案中逐户公示依据，未召开实质表决，系借土地延包之机，行灭失百姓43.1亩合法承包地之实。
三、本人承包地在本延包草案中受到了直接威胁。本人作为二组44户承包户之一，持有合法权证及鲤城区法院生效判决（2024闽0502行赔初11号，确认镇政府强制清表违法）。在二组总盘被非法压缩的前提下，本人1.98亩承包地必然也囊括在核销范围内。
四、镇政府涉嫌行政不作为。本人自2026年4月3日起多次携带判决书、权证找原书记郑晓峰，副镇长黄晓东以及片区领导潘景峰反映，镇政府至今未表明办理态度，事情没有实质进展，未纠正其中错误。

诉求（请螺阳镇政府限时书面答复，并请县效能办督办）
1、在核查清楚前，请暂停将蔡厝村二组确权面积锁定为1.89亩/7户。不得依据失实数据推进延包方案终稿；
2、请书面说明：核减二组43.1亩及本人户承包地的逐块批文、红线图以及补偿凭证；
3、请责令村委会公开延包核减的会议记录及原始凭证。

附件：延包草案节录、延包草案数据统计表、涉及征地批文汇总表、权证、判决书关键页。

联系人：蔡建忠
联系地址：螺阳镇蔡厝村397号",2026-06-03 11:35:05,泉州市,惠安县,"泉州市12345中心
泉州市12345中心",数据造假,虚假整改/迎检突击/边改边犯/不惩反奖,为了应付上级检查/考核/指标而增加一线无谓负担,0.9,"['土地征用', '数据造假', '基层负担']",该条目涉及村民关于二轮土地延包过程中数据造假和承包地被非法核减的投诉。投诉内容显示，村委会和镇政府在土地延包过程中存在数据造假和无依据的承包地核减行为，这些行为可能为了应付上级检查而增加了基层负担。,建议调取村委会和镇政府关于二轮土地延包的会议记录、原始凭证、延包草案数据统计表以及涉及征地批文汇总表等材料，以核实是否存在数据造假和无依据的承包地核减行为。,投诉内容显示，村委会和镇政府在土地延包过程中存在数据造假和无依据的承包地核减行为，这些行为可能为了应付上级检查而增加了基层负担。,qwen2.5vl:7b,full,HIGH,[],2026-08-09 17:23:06.402182
FJ26060320036,举报福州市鼓楼区政府刘用全负责人信访数据造假、督办空转、堵截网上信访、失职渎职,"实名投诉：鼓楼区委书记刘用全纵容造假堵截信访通道
鼓楼区信访配合造假堵截，督办空转。恳请中纪委严查刘用全失管纵容造假，彻查堵截黑幕并严肃问责。

国信平台异常波及鼓楼区，暴露属地监管失控。
4月24日18:00至25日8:00公告维护。25日22:07我点开平台，仍显示24日旧公告，通道锁死。
26日8点后投递，至17:03仍显24日公告，服务未开。
更奇葩的是，维护未到18:00平台提前发布维护公告，公然造假。

4月25日晚至26日17:03，公告不撤、通道锁死、提前造假，行为恶劣、固定异常。
到今天26日17:03打开依然是周五公告，天大笑话，腐败公开叫板吗？

非技术故障，实为后台手动操作、内鬼上阵，蓄意阻断群众信访权利。
鼓楼区作为属地，刘用全身为第一责任人，对此恶性造假、通道堵截视而不见，监管严重失责，基层信访沦为摆设，损害政府公信力。

依据《信访工作条例》，严禁人为设障弄虚作假。刘用全履职不力，放任下属造假堵路，构成严重不作为、乱作为。

恳请介入，封存鼓楼区相关后台数据，彻查幕后黑手，追究刘用全监管失责、纵容腐败的领导责任！",2026-06-03 08:19:56,福州市,鼓楼区,"鼓楼区12345中心
鼓楼区12345中心",指尖形式主义,强制打卡/积分排名/在线时长/上传照片视频轨迹,为了应付上级检查/考核/指标而增加一线无谓负担,0.9,"['信访数据造假', '督办空转', '后台手动操作', '内鬼上阵', '信访通道堵截']",该条目涉及信访数据造假、督办空转、后台手动操作、信访通道堵截等问题，反映了基层信访工作被人为设障，增加了基层干部的负担，属于形式主义为基层增加负担。,建议调取国信平台的后台数据，查看相关操作记录；访谈信访局工作人员了解具体操作流程；查看相关会议记录和文件，了解是否存在人为设障的情况。,该条目涉及信访数据造假、后台手动操作等现象，反映了基层信访工作被人为设障，增加了基层干部的负担，属于形式主义为基层增加负担。,qwen2.5vl:7b,full,HIGH,[],2026-08-09 17:43:14.711510
FZ26060320031,楼区软件园钱塘⼩学教学点因多部⻔⻓期推诿不作为，导致⺠⽣办学配套烂尾、出 现义务教育断档，请求区政府牵头统筹整改并给出明确解决⽅案,"1. 该教学点为政府官⽅设⽴的园区⼈才配套教育资源
2017 年经福州市教育局批复设⽴钱塘⼩学软件园教学点，明确为软件园产业⼈才专属
义务教育配套，服务园区招商引资、⼈才稳定。
2. 该办学点性质⾃始为 “临时过渡办学”，约定 2022 年到期搬迁
官⽅明确过渡期⾄ 2022 年，到期后整体搬迁⾄枇杷⼭凤⼭⼩学新建校区，以正规教
育⽤地承接办学。
3. 关键问题：多部⻔⻓期不作为，导致 “过渡点超期违规、新校区⽆限悬空”
• 软件园管委会：多年持续沿⽤⼯业⽤地办学，明知超期违规仍逐年默许延期，未
有效推动新校落地。
• 区⾃然资源与规划局：枇杷⼭新校地块征迁完成多年，但控规调整、⽴项落地、
开⼯建设⻓期停滞，⽆任何实质性建设进度。
• 区教育局：明知场地不合规仍多年持续招⽣，直⾄ 2026 年阳光办学督查来临，
直接⼀⼑切停⽌新⽣招⽣，但⽆替代⽅案、⽆过渡⽅案、⽆落地时间表。
4. 最终造成严重⺠⽣后果（义务教育真空）
• ⽼在读学⽣保留就读
• 2026 年起软件园新⽣全部⽆就近学位、被迫跨区分流
• 政府承诺的产业⼈才教育配套彻底失效
• 出现：临时点不能招、新校区不建设、中间完全断档的政府⺠⽣烂尾局⾯
本事件绝⾮教育局单⼀部⻔问题，是典型的：
管委会只管使⽤、规划局只管卡死、教育局只管关停、⽆任何单位兜底解决
四部⻔权责割裂、⻓期各⾃为政、⽆⼈统筹、拖延七年之久，最终让园区⼈才⼦⼥承
担教育断档后果。
属于典型的区级⺠⽣统筹缺位、跨部⻔履职不到位、⻓期拖延⺠⽣⼯程
1. 要求⿎楼区政府牵头成⽴专项统筹答复（此问题只有区级能解决，拒绝单⼀部⻔
接单敷衍）
请求 12345 平台标记重点督办、区级统筹、多部⻔联办，禁⽌单⼀部⻔简单退单、模
板回复、敷衍办结",2026-06-03 00:31:22,福州市,鼓楼区,福州市软件园管理委员会,权责不清/甩锅,清单外事项下放/签责任状转嫁/属地管理甩锅,为了应付上级检查/考核/指标而增加一线无谓负担,0.9,"['层层加码', '一刀切']",该条目反映了多部门长期推诿不作为导致的民生办学配套烂尾问题，属于层层加码/一刀切的典型表现。为了应对上级检查/考核/指标，各部门未能有效协调和解决民生问题，增加了基层的负担。,建议调取多部门的会议记录、工作台账、相关文件等，以了解各部门在处理该问题时的具体情况和决策过程。,该条目反映了多部门长期推诿不作为导致的民生办学配套烂尾问题，属于层层加码/一刀切的典型表现。,qwen2.5vl:7b,full,HIGH,[],2026-08-09 18:05:56.720187
SM26060220506,自5月8日起李家乡所有诉求均仅单次模板回复、无二次回访答复，三次不满意评价后违规强行半截结案，5月31日公益岗备案事项提请市县两级督查督办,"本人自2026年5月8日开始提交的全部诉求工单，李家乡全部采用统一处置模式：只出具一次模板化回复，全程没有二次答复、没有工作人员上门回访、没有沟通协调整改。只要我三次勾选不满意、事项未解决，系统评价入口直接关闭，工单被单方面强行办结，全部属于违规半截办结，违反12345群众诉求办理相关规定。
其中5月31日我提交工单，诉求仅备案古坑村村干部口头承诺，后续本村公益性岗位下达时优先安置二级残疾人，附带微信聊天记录作为凭证，本次仅申请备案留存，不存在投诉查处相关部门违规问题。
承办单位仅使用制式空话回复，通篇回避备案核心问题，既不核实村干部承诺内容，也不提供不予备案对应的政策文件及法条依据。我连续三次评定不满意、问题未解决，在无任何二次处置的前提下直接关停评价通道、草率结案。
按照12345办理规则，群众对处置结果不满意，工单必须退回重新办理并补充二次答复，该乡镇长期固化简易结案方式，多次损害群众合理诉求。
现正式提出两项诉求：
1、依法将村干部公益岗优先安置残疾人的承诺在政务系统备案存档；
2、如若政策规定无法办理备案，由李家乡出具加盖单位公章的正式纸质文书，标注对应政策文号与具体条款；本人拒收电话、口头、短信答复，只认可加盖公章的纸质书面答复。
倘若本次依旧模板敷衍、违规半截办结，我将持续多次提交诉求，全部如实填写不满意、未解决，并持续向市级平台申请升级督办问责。",2026-06-02 19:49:03,三明市,清流县,清流县李家乡人民政府,数据造假,虚假整改/迎检突击/边改边犯/不惩反奖,为了应付上级检查/考核/指标而增加一线无谓负担,0.9,"['敷衍应付', '群众诉求办理']",该条目反映基层在处理群众诉求时存在模板化回复、不进行二次回访、不提供二次答复等现象，疑似为了应付上级检查而增加基层负担。,建议调取工单处理记录、工作人员工作日志、群众满意度调查记录等材料，以核实是否存在模板化回复、不进行二次回访等现象。,该条目反映基层在处理群众诉求时存在模板化回复、不进行二次回访等现象，疑似为了应付上级检查而增加基层负担。,qwen2.5vl:7b,full,HIGH,[],2026-08-09 17:09:13.067690
FJ26060120205,福建省12345平台不到三月三换号，就是用“处理完毕”遮丑,"福建省12345平台不到三月三换号，就是用“处理完毕”遮丑

2026年3月14日22:33，再次收到1068423541212345。
不到三个月频繁换号，我问题没解决，你们就不断换号挡枪。
你们向来只用“处理完毕”三个字遮丑，却偷偷干着删地点、改内容、合并推诿的勾当。
向上一级机关说“已受理、已抄告、已合并”，实质是逃避责任、制造假流水。
就是不敢直面我没解决的事，更不敢删了内容再承认。
反而在后台不停换号、做假数据、隔离我。这种只盖章、不办事的做法，本身就是失职。别再装死，出来正面给个说法",2026-06-01 22:12:37,,,"福建省12345中心
福建省12345中心",指尖形式主义,强制打卡/积分排名/在线时长/上传照片视频轨迹,为了应付上级检查/考核/指标而增加一线无谓负担,0.9,"['12345平台', '频繁换号', '弄虚作假', '责任推诿']",该投诉反映福建省12345平台频繁换号，使用“处理完毕”等措辞遮丑，实质上是逃避责任、制造假流水，属于形式主义为基层增加负担的情况。,建议调取12345平台的后台数据，查看是否存在频繁换号、删除内容、合并推诿等行为；询问相关工作人员是否存在弄虚作假的情况。,投诉内容反映平台频繁换号、使用假数据等行为，属于形式主义为基层增加负担的情况。,qwen2.5vl:7b,full,HIGH,[],2026-08-09 16:48:01.795659
XM26060123293,上级部门违规摊派形式化直播任务，加重高中一线班主任非教学负担，违反教师减负政策,"本人为福建省高中高一班主任，现就上级部门强制摊派福建省青少年智慧禁毒教育云课堂直播任务一事投诉。
上级部门直接下达硬性要求，强制全体班主任全程进入直播间、签到打卡、评论互动，并以教师参与情况考核留痕。该任务属于典型形式主义，并非面向学生开展教育，而是把部门宣传任务转嫁给一线教师，占用教师备课、班级管理时间。
 
该行为严重违反《中共中央办公厅 国务院办公厅关于减轻中小学教师负担进一步营造教育教学良好环境的若干意见》及教育部教师减负相关文件，违规摊派非教学任务，加重一线教师负担，干扰正常教学秩序。
 
现提出诉求：
 
1. 立即停止强制班主任参与本次直播、打卡留痕的违规任务，取消相关考核；
2. 核查上级部门违规摊派形式化任务问题，杜绝此类加重教师负担的行为；
3. 规范专题教育活动，明确以学生为教育主体，保障教师安心从教。
 
恳请相关部门依规核查处理，维护一线教师合法权益。",2026-06-01 20:05:08,厦门市,湖里区,厦门市教育局,指尖形式主义,强制打卡/积分排名/在线时长/上传照片视频轨迹,为了应付上级检查/考核/指标而增加一线无谓负担,0.9,"['指尖形式主义', '形式主义为基层增加负担']",该条目涉及上级部门强制摊派形式化直播任务，要求全体班主任全程进入直播间、签到打卡、评论互动，并以教师参与情况考核留痕。这种行为属于指尖形式主义，增加了教师的非教学负担，违反了教师减负政策。,建议调取上级部门关于直播任务的文件、教师的签到打卡记录、教师的考核留痕记录等材料，以核实是否存在形式主义行为。,投诉内容涉及上级部门强制摊派形式化直播任务，要求教师签到打卡、评论互动，并以教师参与情况考核留痕，属于指尖形式主义，增加了教师的非教学负担。,qwen2.5vl:7b,full,HIGH,[],2026-08-09 16:56:00.619112
XM26060123288,上级部门违规摊派形式化直播任务，加重高中一线班主任非教学负担，违反教师减负政策,"本人为福建省高中高一班主任，现就上级部门强制摊派福建省青少年智慧禁毒教育云课堂直播任务一事投诉。
上级部门直接下达硬性要求，强制全体班主任全程进入直播间、签到打卡、评论互动，并以教师参与情况考核留痕。该任务属于典型形式主义，并非面向学生开展教育，而是把部门宣传任务转嫁给一线教师，占用教师备课、班级管理时间。
 
该行为严重违反《中共中央办公厅 国务院办公厅关于减轻中小学教师负担进一步营造教育教学良好环境的若干意见》及教育部教师减负相关文件，违规摊派非教学任务，加重一线教师负担，干扰正常教学秩序。
 
现提出诉求：
 
1. 立即停止强制班主任参与本次直播、打卡留痕的违规任务，取消相关考核；
2. 核查上级部门违规摊派形式化任务问题，杜绝此类加重教师负担的行为；
3. 规范专题教育活动，明确以学生为教育主体，保障教师安心从教。
 
恳请相关部门依规核查处理，维护一线教师合法权益！",2026-06-01 20:03:34,厦门市,湖里区,"厦门市12345中心
厦门市12345中心",指尖形式主义,强制打卡/积分排名/在线时长/上传照片视频轨迹,为了应付上级检查/考核/指标而增加一线无谓负担,0.9,"['教师减负', '直播任务', '打卡留痕', '非教学任务']",该条目描述了上级部门强制摊派形式化直播任务，要求班主任全程进入直播间打卡留痕，这明显是为了应付上级检查而增加了教师的非教学负担，违反了教师减负政策。,建议调取上级部门关于直播任务的文件、班主任的打卡记录、教师减负政策的相关文件，以及教师的反馈记录，以核实是否存在形式主义行为。,该条目明确指出直播任务是为了应付上级检查而增加教师负担，符合核心判断逻辑。,qwen2.5vl:7b,full,HIGH,[],2026-08-09 16:56:13.475083
ZZ26060120952,投诉：南靖县住建局行政不作为：多次 12345 投诉水务公司失职，均转企业自审自答、闭环敷衍、答非所问，监管形同虚设,"本人因南靖县水务公司长期不履行欠费提醒义务、导致漏水损失持续扩大，多次通过 12345 投诉。但南靖县住建局作为供水行业法定主管部门，全程不作为、不监管、不调查、不介入：
1、企业自审自答、闭环结案：水务公司既当 “当事人” 又当 “裁判员”，用模板化、答非所问的回复敷衍了事，住建局直接采信企业单方说法并强行关闭工单，完全无视事实与证据。
2、反复投诉、反复推诿：本人多次投诉、多次被同样方式闭环，住建局拒绝履行行业监管、纠纷调处、责任认定的法定职责，属于典型的行政不作为、监管缺位、敷衍塞责、包庇企业。
依据《城市供水条例》《12345 政务服务便民热线运行管理办法》（国办函〔2025〕66 号），主管部门不得将监管职责推给企业、不得采信涉事企业单方回复结案、不得反复推诿。南靖县住建局行为已严重违规，实质是放弃监管、纵容企业、转嫁责任、漠视民生。
现恳请平台提级督办，并依法督促相关方承担损失、整改问题。",2026-06-01 16:59:03,漳州市,南靖县,南靖县住房和城乡建设局,权责不清/甩锅,清单外事项下放/签责任状转嫁/属地管理甩锅,为了应付上级检查/考核/指标而增加一线无谓负担,0.9,"['层层加码', '一刀切']",该投诉主要涉及南靖县住建局在处理水务公司失职问题时的不作为，投诉内容显示住建局在处理问题时存在层层加码、一刀切的情况，即住建局作为主管部门，没有履行其监管职责，导致问题得不到有效解决。这反映了为了应付上级检查/考核/指标而增加一线无谓负担的问题。,建议调取住建局在处理水务公司失职问题时的相关文件、会议记录、工作日志等材料，以核实住建局是否在处理问题时存在层层加码、一刀切的情况。,投诉内容显示住建局在处理问题时存在层层加码、一刀切的情况，即住建局作为主管部门，没有履行其监管职责，导致问题得不到有效解决。这反映了为了应付上级检查/考核/指标而增加一线无谓负担的问题。,qwen2.5vl:7b,full,HIGH,[],2026-08-09 16:41:35.131412
XM26060122475,关于投诉华侨大学暑期违规强制学生参加暑期社会实践活动的诉求信,"该学院于2026年5月15日发布通知，强制要求全体大一、大二、大三学生必须在暑期参加科技创新与数字经济活动。通知中明确指出“不参加则不予通过实习学分、延迟毕业”，属于典型的违规强迫行为。

根据教育部《职业学校学生实习管理规定》或教育部关于规范高校寒暑假社会实践的通知，严禁以任何形式强迫、变相强迫学生参加此类活动，应当遵循“知情、自愿”原则。该学院的行为严重侵害了学生的自主选择权与合法休息权。

核心诉求：
立刻叫停强制申报： 鉴于该活动材料上报截止日期为2026年6月5日，恳请教育主管部门在截止日期前紧急介入，责令该学院立刻停止“全员强制申报”的违规行为，撤回“不参加不予通过学分、延迟毕业”等不合理限制。
恢复自愿原则，提供替代方案： 明确该项暑期实践/小学期活动的自愿参加原则。对于因考研、考公、寒暑假实习、家庭原因等无法参加的学生，学校不得强制其参加，且必须提供常规的、符合教学大纲的校内学分替代方案，不得以此卡扣学生毕业。
保护学生隐私，严禁打击报复： 恳请受理部门在转办该投诉时，对投诉人的个人信息严格保密。责令学校及学院辅导员不得在班级群内、私下约谈中施压，严禁对反映问题的同学进行辅导员约谈、综合素质测评分扣除或任何形式的打击报复。

相关证明附件如下，包含学校发布的文件和辅导员发布信息的聊天记录",2026-06-01 16:46:41,厦门市,集美区,华侨大学厦门校区管理委员会综合办公室,创建示范/达标,种类数量过多/未批准/运动式/作秀式/一阵风,为了应付上级检查/考核/指标而增加一线无谓负担,0.9,"['高等教育', '评比创建证明借调']",该条目反映的是高校在暑期期间强制学生参加科技创新与数字经济活动，且不参加则不予通过实习学分、延迟毕业。这属于典型的评比创建证明借调，为了应付上级检查而增加了学生的负担。,建议调取学校发布的文件、辅导员发布的信息聊天记录以及学生反映问题的证明附件。,该条目反映的是高校在暑期期间强制学生参加活动，且不参加则不予通过实习学分、延迟毕业，属于评比创建证明借调，为了应付上级检查而增加了学生的负担。,qwen2.5vl:7b,full,HIGH,[],2026-08-09 16:30:55.909690
XM26060121518,中国移动园区,中国移动、咪咕作为国企领头羊企业，不为员工考虑，在没有任何通知的情况下，将员工分成三六九等，不让支撑方员工进入园区停车，同时投诉将市政道路划入原区，私自设立围栏。滨水路段在原区内的路全部被设围栏。  在停车问题上遇到如车位不够的情况下，不是考虑如何去解决问题，比如增加车位（园区内明明有可以增加车位的地方），却一刀切的不让员工停车，采取这种一刀切的方法，充分体现国企的霸道，高高在上。,2026-06-01 13:00:11,厦门市,集美区,中国移动通信集团福建有限公司厦门分公司,权责不清/甩锅,清单外事项下放/签责任状转嫁/属地管理甩锅,为了应付上级检查/考核/指标而增加一线无谓负担,0.9,"['国企管理', '一刀切']",该投诉反映中国移动在管理上一刀切的做法，未通知员工的情况下将员工分成三六九等，不让支撑方员工进入园区停车，并私自设立围栏，这体现了为基层增加无谓负担的问题。,建议调取中国移动园区管理的相关文件、通知、员工反馈记录等材料，以及与相关管理人员的谈话记录，以核实是否存在一刀切的做法。,投诉内容反映中国移动在管理上一刀切的做法，未通知员工的情况下将员工分成三六九等，不让支撑方员工进入园区停车，并私自设立围栏，这体现了为基层增加无谓负担的问题。,qwen2.5vl:7b,full,HIGH,[],2026-08-09 16:07:50.677156
SM26060120233,投诉相关部门低保核查敷衍办结，要求明确上门及书面答复具体时限,"本人多笔低保诉求工单被单方面标注办结，承办部门始终未上门实地核查，仅系统备注文字敷衍结案。依据闽民救〔2021〕128号文件，对方违规将子女抚养补助计入本人收入、强行捆绑父母合并核算低保，至今未出具加盖公章的正式书面答复。现申请督办整改。

诉求

1. 限期安排工作人员上门实地复核低保申请，实地核验家庭收入，并明确告知上门具体年月日；

2. 遵照闽民救〔2021〕128号政策重新核算，剔除子女抚养费，禁止与父母收入捆绑合并计算；

3. 明确写明送达加盖公章书面答复的具体时限，纸质文书当面送达本人，电话、短信、口头答复一律不予承认，杜绝拖延敷衍。",2026-06-01 11:48:49,三明市,清流县,"清流县12345中心
清流县12345中心",数据造假,虚假整改/迎检突击/边改边犯/不惩反奖,为了应付上级检查/考核/指标而增加一线无谓负担,0.9,"['台账留痕', '迎检']",该投诉反映低保核查过程中，承办部门仅通过系统备注文字敷衍结案，未进行实地核查，存在台账留痕但不重视实效的情况，属于形式主义为基层增加负担。,建议调取低保核查系统的相关记录，了解具体核查流程和结果；询问承办部门工作人员，了解实际核查情况。,投诉内容反映基层在低保核查过程中存在台账留痕但不重视实效的情况，属于形式主义为基层增加负担。,qwen2.5vl:7b,full,HIGH,[],2026-08-09 16:09:58.398206
FZ26060121406,关于投诉仓山区螺洲镇政府仍然还在背道而驰文件精神还在发放种植果树补贴的问题,诉求编号：（FZ26042722202）答复收悉。对答复不满意，部门根本都没有电话联系，完全是子虚乌有的回复，敷衍塞责12345。财政补贴流失，没有人去找回追责，螺洲镇副镇长、天福村包村干部王震玩忽职守，答复时欺上瞒下，包庇违法行为推卸责任，那些果农也还在，那些果树都还存在，却无人到现场查看，存在互相包庇行为，螺洲镇纪委对这么明显、事实清楚的违规违纪行为没有起到监督监察的作用，有失职失责不作为的责任，我怀疑有互相包庇的嫌疑，请求仓山区纪委监委介入调查，也请告知福州市委巡查组什么时候会来仓山区巡查。继续投诉，望处理。,2026-06-01 11:35:46,福州市,仓山区,"仓山区12345中心
仓山区12345中心",权责不清/甩锅,清单外事项下放/签责任状转嫁/属地管理甩锅,为了应付上级检查/考核/指标而增加一线无谓负担,0.9,"['层层加码', '考核指标']",投诉内容涉及镇政府在发放种植果树补贴时存在敷衍塞责、无人追责等现象，反映了基层在应对上级检查时可能存在的层层加码、过度管控问题。,建议调取镇政府关于补贴发放的文件、会议记录、相关考核指标等材料，以及与包村干部、镇纪委等人员的谈话记录，以核实是否存在层层加码、过度管控的情况。,投诉内容反映了基层在应对上级检查时存在层层加码、过度管控的问题，符合核心判断逻辑。,qwen2.5vl:7b,full,HIGH,[],2026-08-09 16:39:23.507756
XM26060121024,投诉大嶝街道,"第一，生态环境局已经证实，隔音改造的验收标准要严格根据《民用建筑隔声设计规范》要求。
第二，生态环境局已经明确要求，噪声治理要求的隔音改造等措施必须严格落实，对于无法达标的要按照环评及其批复要求进一步采取搬迁措施，且机场建设项目的竣工环境保护验收，应根据《建设项目竣工环境保护验收暂行办法》规定的程序，参照《建设项目竣工环境保护验收技术规范生态影响类》相关要求及项目环评报告中环保设施验收主要内容执行。
第三，村干部和街道个别领导多次宣导，隔音门窗补贴是白送村民的，可以不用做任何措施等违法言论应该公开澄清，以正视听！村干部也有过表态，这是街道领导授意宣导的。
请相关部门调查处理，要严肃处理！街道也要严肃点，每次不管问什么问题，都是复制粘贴些一模一样的，显得水平很差。还是戏弄百姓？",2026-06-01 11:17:43,厦门市,翔安区,厦门市翔安区人民政府大嶝街道办事处,权责不清/甩锅,清单外事项下放/签责任状转嫁/属地管理甩锅,为了应付上级检查/考核/指标而增加一线无谓负担,0.9,"['层层加码', '一刀切']",该投诉内容涉及村干部和街道领导在隔音门窗补贴问题上的宣传，存在复制粘贴、水平低等问题，可能反映了基层在应对上级检查时存在层层加码、一刀切的现象，增加了基层负担。,建议调取街道领导的宣传材料、会议记录、相关文件等，以核实是否存在复制粘贴、水平低等问题。,投诉内容涉及基层在应对上级检查时存在层层加码、一刀切的现象，增加了基层负担。,qwen2.5vl:7b,full,HIGH,[],2026-08-09 16:36:54.653097
FJ26060120012,举报福州市鼓楼区政府刘用全负责人信访数据造假、督办空转、堵截网上信访、失职渎职,"实名投诉：鼓楼区委书记刘用全纵容造假堵截信访通道
鼓楼区信访配合造假堵截，督办空转。恳请中纪委严查刘用全失管纵容造假，彻查堵截黑幕并严肃问责。

国信平台异常波及鼓楼区，暴露属地监管失控。
4月24日18:00至25日8:00公告维护。25日22:07我点开平台，仍显示24日旧公告，通道锁死。
26日8点后投递，至17:03仍显24日公告，服务未开。
更奇葩的是，维护未到18:00平台提前发布维护公告，公然造假。

4月25日晚至26日17:03，公告不撤、通道锁死、提前造假，行为恶劣、固定异常。
到今天26日17:03打开依然是周五公告，天大笑话，腐败公开叫板吗？

非技术故障，实为后台手动操作、内鬼上阵，蓄意阻断群众信访权利。
鼓楼区作为属地，刘用全身为第一责任人，对此恶性造假、通道堵截视而不见，监管严重失责，基层信访沦为摆设，损害政府公信力。

依据《信访工作条例》，严禁人为设障弄虚作假。刘用全履职不力，放任下属造假堵路，构成严重不作为、乱作为。

恳请介入，封存鼓楼区相关后台数据，彻查幕后黑手，追究刘用全监管失责、纵容腐败的领导责任！",2026-06-01 08:19:22,福州市,鼓楼区,"鼓楼区12345中心
鼓楼区12345中心",创建示范/达标,种类数量过多/未批准/运动式/作秀式/一阵风,为了应付上级检查/考核/指标而增加一线无谓负担,0.9,"['信访数据造假', '督办空转', '信访通道堵截', '失职渎职']",该条目主要反映的是鼓楼区信访数据造假、督办空转、信访通道堵截等问题，涉及为了应付上级检查/考核/指标而增加一线无谓负担的情况。投诉内容指出鼓楼区在信访工作中存在人为设障、弄虚作假、通道堵截等问题，严重影响了群众信访权利。,建议调取鼓楼区信访工作的相关文件、会议记录、信访数据记录等材料，以及与信访工作人员的谈话记录，以核实是否存在人为设障、弄虚作假、通道堵截等问题。,投诉内容指出鼓楼区在信访工作中存在人为设障、弄虚作假、通道堵截等问题，严重影响了群众信访权利，属于为了应付上级检查/考核/指标而增加一线无谓负担的情况。,qwen2.5vl:7b,full,HIGH,[],2026-08-09 16:53:28.659739
FZ26080723362,关于对宁化街道办事处违规主导“恒大天璟”一二期合并成立业委会的投诉函,"本人系福州市台江区恒大天璟一期（一区）业主。现就宁化街道办事处、长汀社区居民委员会在主导我小区与二区合并成立业主大会筹备组过程中，存在的严重程序违法及侵犯业主权益事宜，向贵局提出正式投诉。

一、事实经过
本人于今日经其他业主转发，得知宁化街道办事处及长汀社区于2026年8月7日发布的《恒大天璟（苏宁广场）综合体业主大会筹备组成员名单公示》。据悉，此次公示系基于将一期与二期合并成立一个业主委员会的决定。但该决定作出前，一期全体业主并未收到任何形式的书面通知或意见征询，一期业主在筹备组成员中亦无任何代表。

二、投诉事项与法律依据
投诉事项一：街道办事处及社区在未征得一期业主大会同意的情况下，擅自决定合并两个独立的物业管理区域，程序严重违法。
法律依据：
《福建省物业管理条例》第七条规定，物业管理区域的划分应当考虑物业的共用设施设备、建筑物规模等因素，并明确指出，“不同物业服务区域，经各自的业主大会依法作出决定后可以合并为一个物业服务区域”。
《福州市物业管理若干规定》第十条亦明确规定，“已实施物业管理的不同物业管理区域经各自的业主大会同意后可以合并为一个物业管理区域”。
依据上述法规，两区合并的决定权属于各自区域内的全体业主，必须经由各自合法召开的业主大会进行表决。街道办事处作为行政指导部门，其权限在于指导和监督，绝无代替业主作出合并决定的权力。其未经一期业主大会表决即启动合并程序，系行政越权与程序违法的典型表现。

投诉事项二：筹备组成员全部由二期业主组成，一期业主代表完全缺位，严重违反公平公正原则，损害一期业主的合法权利。
法律依据：
住建部《业主大会和业主委员会指导规则》及《福建省物业管理条例》均规定，筹备组应当由业主代表、建设单位、街道办事处、社区居委会代表组成，且业主代表的产生应遵循公平、公开、公正的原则，确保能够代表全体业主的意愿。
在涉及两个独立区域合并的重大事项中，任何一方业主在筹备组中的完全缺位，都将导致该区域业主在《管理规约》《业主大会议事规则》等核心文件的制定、业委会候选人资格条件的设定等关键环节丧失话语权。这不仅在程序上显失公平，更将直接导致未来成立的业委会在代表性和合法性上存在根本性缺陷，为日后物业管理埋下纠纷隐患。

三、核心诉求
为纠正违法行为，维护法律尊严与一期全体业主的合法权益，本人郑重提出如下诉求：
1. 宁化街道办事处及长汀社区立即暂停此次以一二期合并为前提的业主大会筹备工作。
2. 依法履行法定程序：必须就“是否同意与二期合并为一个物业管理区域”这一事项，依法组织一期全体业主召开业主大会进行表决。
3. 请求认定现有筹备组成员名单无效，并责令其在一期业主大会依法作出同意合并的决定后，重新组建包含一期业主代表在内的、构成公平的筹备组。
4.请尽快督办！感谢！",2026-08-07 20:43:59,福州市,台江区,,权责不清/甩锅,清单外事项下放/签责任状转嫁/属地管理甩锅,为了应付上级检查/考核/指标而增加一线无谓负担,0.8,"['层层加码', '一刀切']",该条目涉及街道办事处在未征得业主大会同意的情况下擅自决定合并两个独立的物业管理区域，违反了相关法规，属于层层加码/一刀切的形式主义问题。核心根因是为应付上级检查/考核/指标而增加一线无谓负担。,建议调取街道办事处和社区居委会的会议记录、业主大会的会议通知、业主大会的表决记录等材料，以核实是否存在未征得业主大会同意即启动合并程序的情况。,举报内容主要集中在街道办事处在未征得业主大会同意的情况下擅自决定合并两个独立的物业管理区域，违反了相关法规，属于层层加码/一刀切的形式主义问题。,qwen2.5vl:7b,full,HIGH,[],2026-08-09 12:31:37.657795
FZ26080623495,对福建水投福清水务地下暗漏产生高额水费处理方案的异议，申请水费减免,"本人对福建水投集团福清水务的高额水费处理方案提出正式异议。
本人住址：【福清市龙江街道松潭村大埕北125号】。电话号码：15880181223
家中存在一宅双表，两块水表仅标注姓名，无对应户号刻印公示，造成账户长期混淆，本人无法正常查询账单、对账。水务智能远传系统监测到我户用水量长期异常暴涨，仅发送模板短信，电话一次未接通就终止预警，从未上门核查、回访提醒，未尽供水企业异常排查与风险告知义务，导致地下管线漏水持续数月，欠费不断累积。

2026年4月26日本人发现水表空转，主动向水务报修；工作人员更换止回阀之后依旧空转，才告知是地下预埋管线发生暗漏。该漏点属于地下隐蔽管线，普通居民没有专业设备，无法自行排查。我方发现异常第一时间报修，查出欠费后立刻开挖抢修止损，已履行用户全部应尽义务。

本次纠纷根源：水务水表台账管理混乱、水表缺少户号公示、用水异常预警机制缺位。

正式诉求：恳请福清市住建局（供水行业主管部门）介入督办，依法对地下预埋暗漏产生的超额高额水费予以合理减免调整；同时督促企业规范水表户号标注，完善用水异常预警回访机制。",2026-08-06 23:52:45,福州市,福清市,福建水投集团福清水务有限公司,数据造假,虚假整改/迎检突击/边改边犯/不惩反奖,为了应付上级检查/考核/指标而增加一线无谓负担,0.8,"['台账管理混乱', '用水异常预警机制缺位']",该条目反映水务公司存在台账管理混乱、水表缺少户号公示、用水异常预警机制缺位等问题，这些现象可能为了应付上级检查而增加了基层一线的负担。,建议调取水务公司的台账记录、用水异常预警系统的数据记录，以及与水务公司工作人员的谈话记录，以核实是否存在台账管理混乱和预警机制缺位的问题。,该条目反映的问题与基层减负相关，主要涉及台账管理混乱和用水异常预警机制缺位，这些现象可能为了应付上级检查而增加了基层一线的负担。,qwen2.5vl:7b,full,HIGH,[],2026-08-09 11:36:38.090306
FZ26080621307,江南水都悦湖小区物业,"诉求对象：江南水都悦湖小区物业服务企业
反映问题：小区物业设备处置野蛮、存在安全隐患；电梯故障推诿甩锅，运维管理缺位，对待业主诉求消极拖延，具体情况如下：
1.	人行通道标识立柱（门禁设备底座）野蛮施工改造，存在人身安全隐患，破坏小区环境美观
小区内人行、非机动车指示标识立柱原先设备底座松动、出现摇晃问题。物业维修人员未采用规范维修方案，直接就地浇灌水泥做成棱角分明外露的长方体水泥基座，还外加白色泡沫箱来定型。
该基座凸出于人行步道地面，棱角尖锐，老人、小孩通行极易绊倒磕碰受伤，存在较大人身安全风险；同时水泥基座外观粗糙，严重破坏商品房小区公共区域整体环境美观。要求物业拆除该违规水泥基座，按照设备原有工艺规范整改修复，消除地面绊倒安全隐患，恢复公共区域原貌。
2.	电梯故障问题推诿甩锅，不履行设备排查运维主体责任
今年 7 月份，多名业主反馈 2 号楼客梯、货梯频繁出现同时上行至同一楼层的异常故障。近期经常出现电梯门关不上，物业非但不排查电梯设备本身问题，反而主观归咎于业主乱按电梯按键，将设备故障责任推给业主。后续由业主自行联系电梯厂家上门核实，厂家确认电梯确实存在设备层面故障，厂家总部远程调试处理之后电梯才逐步恢复正常。物业作为小区电梯日常管理责任方，没有履行故障排查、对接维保单位处置的工作职责，出现问题推卸责任。本小区其它楼栋的业主都不时在群里反馈电梯其它故障。
3.	物业整体运维管理能力不足，对待业主诉求消极应付，遇事能推则推、能拖则拖
针对小区公共设施、设备出现的各类问题，物业专业能力不足，处置方式简单粗暴；面对业主反馈的各类问题不主动核实处理，习惯推诿拖延，没有履行商品房物业服务应尽的管理义务。
诉求：
①请主管部门督促物业立即整改标识立柱水泥基座安全隐患，规范施工恢复原状；
②对 2 号楼电梯故障处置失职问题进行核查，要求物业落实电梯日常巡检维保责任，建立故障响应处置机制；
③督促物业转变工作作风，正视业主合理诉求，对小区公共设施规范化管理，提升物业服务水平，并将处理结果反馈本人。

12345 都是直接下派江南水都社区，社区只有调解协调权，没有执法处罚权，只能沟通劝说物业，后边就是“不了了之”。
请求区级职能部门主办，请区住建局物业科、区安委办直接核查执法，不要转派社区做一般性协调，晋江鞋厂火灾事件，正值全省安全生产大排查整治阶段，请求专项督查督促落实安全排查。",2026-08-06 11:59:37,福州市,仓山区,福州市仓山区人民政府上渡街道办事处,数据造假,虚假整改/迎检突击/边改边犯/不惩反奖,为了应付上级检查/考核/指标而增加一线无谓负担,0.8,"['台账留痕', '数据造假']",该条目反映的是小区物业在处理电梯故障和标识立柱问题时，存在推诿和拖延现象，可能是因为为了应付上级检查而增加了基层的负担。物业没有履行设备排查运维主体责任，导致问题得不到及时解决，增加了业主的不满。,建议调取物业日常管理记录、业主反馈记录、电梯故障维修记录等，以核实物业是否在处理问题时存在推诿和拖延现象。,该条目反映了物业在处理问题时存在推诿和拖延现象，可能是因为为了应付上级检查而增加了基层的负担。,qwen2.5vl:7b,full,HIGH,[],2026-08-09 11:39:43.977574
QZ26080620394,投诉：南安市洪濑镇政府处理围墙存在事实认定错误、敷衍处置M,诉求者来电反映原工单QZ26060324085，部门已答复，现存在问题未解决：1、部门未给予实际性的办理结果，形式上敷衍；2、至今部门未有效理解诉求者的诉求，至今未给予处理结果，3.一次办好、两次办结、三次督办，多次反映至今未启动督办流程，故来电投诉，要求泉州12345尽快答复。一直以第一次的答复结果作为回复、答非所问、投诉流于形式，诉求者表示是邻居先侵占土地，部门未核实土地地界权属、混淆合法自建。诉求者怀疑邻居有给相关人员送礼，为何没有公平公正处理，未核实土地的界限权属问题，未听取诉求者方陈诉，存在单方面执法，违规执法问题。现要求恢复围墙、提级督办。望部门核实处理。,2026-08-06 10:24:32,泉州市,南安市,"南安市12345中心
南安市12345中心",数据造假,虚假整改/迎检突击/边改边犯/不惩反奖,为了应付上级检查/考核/指标而增加一线无谓负担,0.8,"['土地纠纷', '敷衍处理', '多次反映']",该条目反映的是诉求者多次反映土地纠纷问题，但相关部门未给予实际性的办理结果，存在形式上敷衍的情况。这可能是因为为了应付上级检查/考核/指标而增加了基层的无谓负担。,建议调取相关部门的执法记录、现场照片、相关法律法规文件等，以核实土地纠纷的具体情况和处理过程。,该条目反映的是诉求者多次反映土地纠纷问题，但相关部门未给予实际性的办理结果，存在形式上敷衍的情况，符合为了应付上级检查/考核/指标而增加一线无谓负担的判断标准。,qwen2.5vl:7b,full,HIGH,[],2026-08-09 11:44:30.679938
FJ26080620065,关于孤独症初筛任务数虚高、强行赶进度的反映,"内容：
近日收到关于孤独症儿童初筛工作的通知，要求以2025年妇幼健康年报7岁以下儿童数作为2026年“0-6岁儿童预估数”依据，并要求各乡镇于9月份完成初筛任务数100%。现结合基层实际，反映以下问题：

一、任务基数与实际应筛人群严重不符
通知要求采用2025年妇幼年报7岁以下儿童数，而孤独症初筛对象为2020年1月1日及以后出生的儿童。将2019年出生儿童要去除，近年来出生人口呈下降趋势，去除2019年出生人数后，实际可筛儿童明显少于往年。以2025年年报数直接作为2026年初筛任务基数，导致任务数虚高，脱离实际人数，市单位是否在暗示基层工作者要作假？是否与“应筛尽筛”的真实范围脱节？市单位能否走出办公室，看看实际情况？市单位的依旧是什么？

二、强制9月完成100%任务与儿童年龄不符
通知要求9月底前完成全部初筛。但10月、11月、12月出生的儿童，目前尚未满本次体检周岁年龄。若为完成报表而提前纳入并完成初筛，既不符合年龄要求，也容易造成数据失真。市单位是否存在只赶进度，暗示提前操作，最终报表“完美”，实际工作却偏离规范的情况？

三、工作导向问题
当前安排更像是优先保证报表数据“完整、漂亮”，而非立足实际便民、科学推进。任务基数脱离真实应筛人群，完成时限又要求对未满年龄儿童提前操作，基层只能在“完成任务”和“规范执行”之间两难。这种做法增加基层压力，也影响数据真实性和后续追访质量。

建议：
1.重新核实并调整任务基数，按2020年1月1日及以后出生、且达到应筛年龄的实际儿童数下达任务；
2.完成时限与儿童实际达到筛查年龄相匹配，避免为报表而提前操作；
3.给予合理工作节奏，确保质量而非单纯追求完成率。",2026-08-06 09:38:21,泉州市,,泉州市卫生健康委员会,数据造假,虚假整改/迎检突击/边改边犯/不惩反奖,为了应付上级检查/考核/指标而增加一线无谓负担,0.8,"['孤独症初筛任务数虚高', '强制赶进度', '工作导向问题']",该条目反映的是孤独症初筛任务数虚高、强制赶进度的问题，核心在于为了应付上级检查/考核/指标而增加一线无谓负担。基层工作者需要在短时间内完成大量初筛任务，导致工作压力增大，且任务基数与实际应筛人群不符，影响数据真实性和后续追访质量。,建议调取任务分配文件、基层工作者访谈记录、初筛工作记录等材料，以核实任务数虚高和强制赶进度的情况。,该条目反映的是为了应付上级检查/考核/指标而增加一线无谓负担的问题，核心在于任务数虚高和强制赶进度。,qwen2.5vl:7b,full,HIGH,[],2026-08-09 11:46:32.680162
XM26080620069,关于中交国贸鹭原小区业委会选聘第三方宣传和组织不到位，屏蔽部分楼栋业主的投诉,我先前投诉过中交国贸鹭原小区业委会选聘第三方服务机构程序、方案，费用24000元由新签订物业公司支付等多项违规操作行为后，就在8月5日晚上，业委会召开公开选聘第三方服务机构会议，仅在交房前的临时业主大群通知，没有在各栋正式业主大群通知，导致包括我和很多业主不知道此会议。我到这个时间8月6日凌晨两点了，还是睡不着，业委会搞形式主义，拉帮结派，把一部分业主置身事外，影响邻里关系，违抗了国家提倡的建设和谐社会的宗旨，此会议相当重要，应该全面公开，通知到每栋楼，每个业主，让每个业主能身为主人翁精神，投入到小区的每一件事情，每一个环节。业委会多次做为很令人寒心，望能改之。我特以此事投诉，望政府部门重视，感谢党和政府的支持！,2026-08-06 02:06:27,厦门市,集美区,厦门市集美区人民政府杏林街道办事处,创建示范/达标,种类数量过多/未批准/运动式/作秀式/一阵风,为了应付上级检查/考核/指标而增加一线无谓负担,0.8,"['小区自治', '投诉', '形式主义']",该条目反映小区业委会召开公开选聘第三方服务机构会议时，仅在交房前的临时业主大群通知，未通知到所有业主，导致部分业主不知情。这反映了为了应付上级检查而增加基层负担的现象。,建议调取业委会会议记录、业主大群通知记录、业主反馈记录等材料，以核实是否存在形式主义行为。,该条目反映了为了应付上级检查而增加基层负担的现象，属于评比创建证明借调类型。,qwen2.5vl:7b,full,HIGH,[],2026-08-09 11:35:14.406555
FJ26080520164,多户民众向12345投诉肖玉树违规占地确无人跟进处理，明明违规占地相关政府人员不处理，涵江12345工作人员不明确事实真相，次次退回诉求以同样话术回复,请涵江12345继续传达相关问题，你不传达下去，相关部门如何解决，而不是推脱给纪检单位。 1、肖玉树户2023年5月违规搭建围墙投诉至今无人处理，该围墙位署及周边，以前为我户及其他村民旧厕所位置。去年向村委寻求帮助时，村里解释九几年“厕改”时上述位置已收归国有，并明确说明肖玉树户未有报批手续，即肖玉树搭建围墙行为违法，请相关部门依法拆除，相关部门也明确回复说，涉及利益帮忙解决，结果上一条这么说，下一条回复又是推卸责任，请相关部门履行职责。 2、投诉跟进此项工作的政府相关人员，该投诉未办结，已被无故关闭540次投诉通道，未完成的诉求就按完成结案。 3、多户乡民向12345投诉肖玉树违规占地，你们确至今都是不处理。,2026-08-05 16:59:54,莆田市,涵江区,"涵江区12345中心
涵江区12345中心",权责不清/甩锅,清单外事项下放/签责任状转嫁/属地管理甩锅,为了应付上级检查/考核/指标而增加一线无谓负担,0.8,"['层层加码', '一刀切']",该条目反映的是违规占地问题，诉求内容涉及政府工作人员未及时处理违规占地问题，且多次被无故关闭投诉通道。这可能是因为基层工作人员在应付上级检查/考核/指标时增加了无谓负担，导致问题未能及时解决。,建议调取政府工作人员的考核记录、上级检查/考核/指标的相关文件、投诉处理记录等材料，以核实是否存在为了应付上级检查/考核/指标而增加一线无谓负担的情况。,诉求内容涉及政府工作人员未及时处理违规占地问题，且多次被无故关闭投诉通道，可能是因为基层工作人员在应付上级检查/考核/指标时增加了无谓负担。,qwen2.5vl:7b,full,HIGH,[],2026-08-09 11:23:03.869361
PI26080520053,福建龙居物业未经业主表决擅自升级人脸门禁违规采集生物信息,"本人为和悦·财富天下7号楼业主，福建龙居物业有限公司于2026年8月5日在业主群发布通知，计划8月7日-8月9日上门为全体业主录入人脸、升级人脸识别智能门禁。
依据《民法典》第278条规定，小区楼栋及大门门禁属于全体业主共有附属设施，改造升级、新增人脸识别生物信息采集属于业主共同决定事项，物业至今未公示完整改造方案、人脸数据安全保管细则、运维权责划分，未依法组织业主投票表决，单方推进改造流程不合规。
同时人脸属于敏感个人生物信息，物业联合外包单位拟上门采集存储，违反《个人信息保护法》相关规定，存在重大隐私泄露风险。
    该物业常年不作为，无视广大业主的核心需求，不加强基础建设，只顾粉饰门面来糊弄上级要求，搞得居民怨声载道，大多业主不善于维护自己权利，因此通过此渠道向贵部门反映，望尽快介入，谢谢！

本人诉求：
 
1. 责令物业立即暂停8月7日—9日上门人脸录入及门禁升级施工；
​
2. 督促物业完整公示改造方案、人脸数据存储保密及追责方案；
​
3. 严格按法定要求组织业主表决，达标后方可实施改造；
​
4. 严禁强制人脸识别通行，永久保留刷卡等非生物识别通行方式供业主自主选择。",2026-08-05 10:39:00,平潭综合实验区,海坛片区,海坛片区管理局,盲目决策/形象工程,不顾实际上项目/盲目举债/挖山造田/有轨电车/农旅烂尾/违规占地,为了应付上级要求，物业单方面推进改造流程，未依法组织业主投票表决，只顾粉饰门面来糊弄上级要求。,0.8,"['物业管理', '人脸识别', '业主表决']",该条目涉及物业未经业主表决擅自升级人脸门禁，且未依法组织业主投票表决，只顾粉饰门面来糊弄上级要求，属于过度管控/盲目决策。,建议调取物业的改造方案、人脸数据存储保密及追责方案，以及业主投票表决的相关记录。,该条目涉及物业未经业主表决擅自升级人脸门禁，且未依法组织业主投票表决，只顾粉饰门面来糊弄上级要求，属于过度管控/盲目决策。,qwen2.5vl:7b,full,HIGH,[],2026-08-09 11:14:07.235858
NP26080520011,徐市镇宸前村山林纠纷、林权证办证长期推诿，请求积案办结前暂缓村委换届,"本人是福建省南平市建阳区徐市镇宸前村村民陈胜男，电话15880094283。现反映两件长期未解决事项：
 
1. 本人磨山、洪山脚山林山杠上方翻过杠至东坑龙山林，林改时村干未经本组集体村民同意，私自划分给邻组，本人多次申请调取原始分山档案核对均被拒绝，本组集体村民要求返还本集体固有山林。
2. 我自行委托第三方完成林地测绘，申请办理个人林权证，邻组组长恶意拒签阻挠办证，林业站、村委明知可依法启动违约缺席指界程序却拒不执行；工作人员上山全程走过场，兜兜转转要邻组组长签字，事后又搁置，反复以邻组不签字、即将换届为由层层推诿、拖延处置，还颠倒事实指责我方，工作人员履职不作为。
 
目前基层干部打算借换届搁置积案，建阳区早有类似先例，信访事项未办结就换届，后续新旧人员互相甩锅、无人承接问题，群众维权永无结果。
现本人郑重提出三点诉求：
 
1. 责令村委、林业站调取全套原始分山台账档案，纠正当年私自划山违规行为，将违规划走山林归还我组；
2. 立刻启动缺席指界流程，无需邻组签字，限期为我办理个人林权证，杜绝敷衍推诿；
3. 在山林权属返还、个人林权证办证两件事项全部办结、出具书面答复前，暂缓本村村干部换届流程，杜绝借换届遗留矛盾、甩锅扯皮，确保本届责任人完整处理完毕群众诉求。
 
本人材料齐全、全程配合核查，所有问题均为基层不作为导致，恳请平台加急督办，协调市级、林业、乡镇部门介入处理，及时反馈办理进度。",2026-08-05 01:13:46,南平市,建阳区,"建阳区12345中心
建阳区12345中心",创建示范/达标,种类数量过多/未批准/运动式/作秀式/一阵风,为了应付上级检查/考核/指标而增加一线无谓负担,0.8,"['基层不作为', '村委换届', '林权证办证']",该条目反映的是村民在办理林权证过程中遇到的拖延和推诿问题，基层干部借村委换届之机拖延处理积案，导致群众维权困难。这反映了基层干部为了应付上级检查而增加了一线无谓负担。,建议调取村委换届的相关文件、林业站和村委的会议记录、村民的投诉记录等，以核实基层干部是否存在借换届之机拖延处理积案的情况。,该条目反映了基层干部借村委换届之机拖延处理积案，增加了基层无谓负担。,qwen2.5vl:7b,full,HIGH,[],2026-08-09 11:18:49.828928
ND26080520005,关于宁德郊野公园福道下方公共厕所卫生极差且缺失厕纸，恳请管理部门立即整改并落实常态化保洁的投诉,"宁德市12345政务服务便民热线：

您好！现就宁德市郊野公园福道（钱岩山郊野公园城市休闲步道）下方公共厕所卫生状况极差的问题，向贵平台提出投诉。该处厕所是市民在福道散步、锻炼时的重要公共服务设施，当前不仅环境卫生恶劣，连基本的便民厕纸都已缺失，管理严重缺位。恳请转批至宁德市城市管理局，立即整改并建立常态化保洁及耗材补充机制。

【问题基本情况】
时间：2026年8月4日夜间
地点：福建省宁德市蕉城区漳湾镇宁德郊野公园福道下方公共厕所（无障碍公共公厕附近，详见附件定位截图及现场实拍图）。

【现场卫生状况实况】
经市民实地走访，该厕所卫生状况极其恶劣，是市民在宁德生活五年来遇见过最差的一处公共厕所。具体问题如下：

1. 小便池卫生极差：便池周边及地面遍布黄色污渍，长年未做彻底清洁，气味刺鼻。
2. 蹲厕排泄物堆积：多个蹲厕内及厕位周边地面出现大量粪便、排泄物堆积，污秽不堪。
3. 地面严重污浊：厕所地面泥泞、脚印杂乱，几乎无处落脚，垃圾桶满溢未及时清倒。
4. 厕纸严重缺失：厕所内未能提供正常使用的免费厕纸，要么是纸盒里空空如也，要么就是已经彻底用尽、无人及时补充。作为一个面向公众开放的公园公厕，连最基本的如厕手纸都无法保障，给如厕群众带来极大不便。
5. 异味极其严重：整个厕所空间弥漫着刺鼻的异味，严重影响使用体验及周边环境。

【管理部门责任与现行要求】
根据宁德市城市管理局推行的“一厕一干部”公厕管理制度，宁德市中心城区环卫公厕已实行专人负责，确保公厕达到“四净三无两通一明”（即地面净、墙壁净、厕位净、周边净、无溢流、无蚊蝇、无臭味、通水、通电、灯明）的管理标准，并常态配备洗手液、厕纸等便民设施。

然而，该处福道公厕的现状与上述标准相距甚远：卫生死角多、排泄物未清理、厕纸严重缺失。这说明日常保洁巡查制度形同虚设，后勤耗材补充机制未落实，管理严重缺位。

【关于担当作为的论述与反思】
习总书记强调：“干部敢于担当作为，这既是政治品格，也是从政本分。不能只想当官不想干事，只想揽权不想担责，只想出彩不想出力。”“要坚持以人民为中心的发展思想，精细化服务群众。”

公共厕所虽然地方不大，却是折射一座城市精细化管理水平最直接的窗口。群众反映的“没有厕纸”、“满地污秽”等问题，看似是保洁员未尽职责，实质上是公园管理方在日常巡查、耗材采购、人员考核等环节中出现了“形式主义、官僚主义”的作风问题。如果连厕所里的纸，都要等到群众投诉才去补充，那就是“面对矛盾不敢迎难而上”的具体体现。

【具体诉求】
针对上述问题，市民提出以下明确诉求：

1. 立即开展彻底清洁：恳请公园管理方立即安排保洁人员对该处公厕进行全面冲洗、消毒，清除所有污渍和排泄物，恢复基本卫生条件。
2. 落实长效保洁与物资补充机制：严格落实“一厕一干部”制度，明确责任人。除日常清扫外，更要保证厕纸、洗手液等便民物资的每日巡检和及时补充，杜绝“无纸可用”的尴尬。
3. 提供整改闭环照片：请在完成全面清洁和补齐厕纸后，通过12345平台附件功能上传该处公厕“整改后地面干净、纸盒有纸”的实景照片，接受市民监督，确保问题整改闭环不反弹。

恳请城市管理部门能真正践行“守土有责、守土负责、守土尽责”的担当精神，把群众的“方便”问题放在心上，而不是留在纸面上。",2026-08-05 00:15:55,宁德市,蕉城区,宁德市城建集团有限公司,创建示范/达标,种类数量过多/未批准/运动式/作秀式/一阵风,为了应付上级检查/考核/指标而增加一线无谓负担,0.8,"['评比创建', '证明', '借调']",该条目投诉了公共厕所管理问题，涉及管理部门在日常巡查、耗材采购、人员考核等环节中存在形式主义作风问题。管理部门在日常工作中未能真正落实精细化管理，导致厕所卫生状况极差，反映了管理部门在管理过程中存在形式主义，增加了基层负担。,建议调取管理部门的日常巡查记录、耗材采购记录、人员考核记录等，以核实管理部门是否存在形式主义作风问题。,投诉内容涉及管理部门在日常工作中未能真正落实精细化管理，反映了管理部门在管理过程中存在形式主义，增加了基层负担。,qwen2.5vl:7b,full,HIGH,[],2026-08-09 11:19:08.922772
FZ26080423399,"此前多次投诉和美佳园6栋301户外置钢架外机隐患时，明确要求鼓楼区城管局、住建局到场核查，工单却仅转交社区调解，城管、住建全程未到场履职。
主管部门刻意回避处置，存在明显推诿踢皮球。","我要求城管和住建明确答复：为何刻意绕开城管、住建两大主管单位处理此事，其中是否存在偏袒、隐瞒问题？
本次禁止转派乡镇、社区，必须派城管局、住建局联合上门，调取楼栋竣工图纸出具官方书面认定，因此事已经多次敷衍处置，特申请上级督办追责。",2026-08-04 20:35:06,福州市,鼓楼区,,权责不清/甩锅,清单外事项下放/签责任状转嫁/属地管理甩锅,为了应付上级检查/考核/指标而增加一线无谓负担,0.8,"['层层加码', '推诿踢皮球']",该条目反映的是城管和住建部门在处理户外置钢架外机隐患时，存在推诿踢皮球现象，未按要求到场核查，导致问题长期得不到解决。这反映了为应付上级检查而增加基层负担的问题。,建议调取城管局和住建局的内部工作记录，了解是否存在推诿现象；询问社区工作人员和居民，了解问题处理过程和结果。,该条目反映了城管和住建部门在处理问题时推诿踢皮球，未按要求到场核查，增加了基层负担。,qwen2.5vl:7b,full,HIGH,[],2026-08-06 15:45:47.842689
NP26080420469,投诉：浦城县仙阳镇卫生和计划生育办公室开具证明问题,浦城县仙阳镇卫生和计划生育办公室办事推诿，我昨天和今天到该部门办理生育情况说明，我生育了两个孩子，第二孩子的户口上在了浙江，我需要享受浙江育儿补贴，浙江需要我在户籍地开具生育情况说明，我把户口本、出生证明和村委会开具的证明到该部门开具生育情况说明，可是工作人员不给开具，说我的第二个不是在本地出生的，户口也不在本地，他们不给开，只能给开一个，我就把他们开具第一个孩子的证明拿到卫生局盖章，卫生局有跟他们协调，说要把两个孩子的证明写上去，但是没有协商下来，我他们开具的证明材料传到浙江，浙江说有两个孩子就得开具两个孩子的证明，我今天再次找卫生和计划生育办公室开具，他们要求我手写办理生育情况说明承诺书并按手指印，并把我昨天给他们的证明材料拿我，让我重新找村支书和村里管理局签字，非常不合理，程序非常复杂，我已经跑了两趟都没有给办理好，现在又要我找村里签字和手写承诺书，请处理。,2026-08-04 16:34:31,南平市,浦城县,浦城县仙阳镇人民政府,创建示范/达标,种类数量过多/未批准/运动式/作秀式/一阵风,为了应付上级检查/考核/指标而增加一线无谓负担,0.8,"['基层办事', '证明材料', '程序繁杂']",该条目涉及基层办事过程中开具证明材料的问题，存在程序繁杂和不合理要求，可能为了应付上级检查而增加了基层负担。,建议调取该卫生和计划生育办公室的办事流程和相关文件，了解其开具证明的具体要求和程序，以及是否存在上级部门的考核或检查要求。,该条目描述了基层办事过程中开具证明材料的复杂程序和不合理要求，可能为了应付上级检查而增加了基层负担。,qwen2.5vl:7b,full,HIGH,[],2026-08-06 15:53:54.435251
ND26080420146,天安经典一区加装电梯请问住建局是否符合国补,我对贵单位答复的不敢苟同，请你们再认真、仔细阅读关于国补的文件。不要搞形式主义，个人主观主义，完全不按文件办理。,2026-08-04 09:42:59,宁德市,东侨经济技术开发区,"宁德市12345中心
宁德市12345中心",指尖形式主义,强制打卡/积分排名/在线时长/上传照片视频轨迹,为了应付上级检查/考核/指标而增加一线无谓负担,0.8,"['形式主义', '国补办理', '文件解读']",该条目反映了市民对住建局在国补办理过程中存在形式主义现象的不满，认为住建局未按文件办理，存在主观主义。这表明为了应付上级检查/考核/指标而增加了基层的无谓负担。,建议调取住建局关于国补办理的文件、相关会议记录、工作人员的工作记录等，以核实是否存在形式主义现象。,投诉内容涉及住建局在国补办理过程中存在形式主义，即为了应付上级检查/考核/指标而增加了基层的无谓负担。,qwen2.5vl:7b,full,HIGH,[],2026-08-06 16:09:42.138918
XM26080323398,有关有人在农田上烧东西等问题,1、 2026年7月11日曾来电反映“有关有人在农田上烧东西等问题”（诉求编号：XM26071121421）。2、 2026年8月3日再次来电反映：2026年8月3日19:38，此处又在烧垃圾，烟味扰民。此处经常都在烧垃圾，同安城管每次拍照就走，形式主义；同安城管电话经常无法接通，接通了也经常不到现场。其曾要求同安城管对烧垃圾的人员进行处罚，城管表示需要证据，得调监控，其提供视频证据，城管却让其将视频交给社区，城管还让其联系119。其要投诉同安城管不作为。要求有关部门调查处理。,2026-08-03 19:58:31,厦门市,同安区,厦门市同安区城市管理和综合执法局,数据造假,虚假整改/迎检突击/边改边犯/不惩反奖,为了应付上级检查/考核/指标而增加一线无谓负担,0.8,"['垃圾焚烧', '形式主义为基层增加负担']",该条目反映的是城管部门在处理农田焚烧垃圾问题时，存在形式主义现象，如拍照后就离开现场，要求提供证据但不主动调查，导致实际问题未能得到有效解决。这反映了为了应付上级检查而增加了一线工作人员的负担。,建议调取城管部门的执法记录、拍照记录、与城管工作人员的谈话记录，以及相关监控视频，以核实是否存在形式主义现象。,该条目反映了为了应付上级检查而增加了一线工作人员的负担，属于台账留痕迎检类型。,qwen2.5vl:7b,full,HIGH,[],2026-08-09 11:00:32.380159
FZ26080221734,投诉鼓楼区“智慧鼓楼”服务中心越权定性、拒不派单、违规退件，恳请提级效能督查,"工单编号：FZ26073022604
先前通过12345平台提交民生咨询诉求，鼓楼区“智慧鼓楼”服务中心（鼓楼区12345中心）仅承担工单接收、流转分派职能，无权限单方面判定诉求权属，“无权直接将工单定性为军队事项予以退件”！事项权属界定应当由行业主管职能部门核实认定。
鼓楼区12345中心未经核查，越权作出事项定性，拒不履行工单分派法定职责，与相关职能部门相互串通、推诿扯皮，擅自退件，属于乱作为、懒政怠政。
依据《福建省12345便民服务平台监督管理办法》《福建省机关效能建设工作条例》第三十六条相关规定，现提出诉求：
1. 恳请福州市12345市级平台提级督办，将本件移交福州市鼓楼区大数据管理局开展效能核查，查实鼓楼区12345中心越权处置工单、违规拒派问题；
2. 责令纠正违规处置行为，依规向法定责任单位正常派单办理原诉求；
3. 以书面形式反馈核查过程、整改措施及处置结果。",2026-08-02 18:41:18,福州市,鼓楼区,福州市鼓楼区住房和建设局,权责不清/甩锅,清单外事项下放/签责任状转嫁/属地管理甩锅,为了应付上级检查/考核/指标而增加一线无谓负担,0.8,"['智慧政务', '越权定性', '工单处理']",该条目反映的是鼓楼区12345中心越权定性、拒不派单、违规退件的问题，属于层层加码/一刀切的范畴。诉求者反映的是基层服务中心越权定性、推诿扯皮的问题，这可能与上级检查/考核/指标有关，增加了基层无谓负担。,建议调取鼓楼区12345中心的工单处理记录，了解其具体操作流程和相关决策依据；同时，可以找相关工作人员谈话，了解其具体工作情况和决策背景。,该条目反映的是基层服务中心越权定性、推诿扯皮的问题，这可能与上级检查/考核/指标有关，增加了基层无谓负担。,qwen2.5vl:7b,full,HIGH,[],2026-08-09 10:47:05.683895
FZ26080221254,向福建省效能以及福建省人民政府，投诉厦门市人社局、12345履职不作承办方答复避实就虚，不核查，借已答复、涉信访推诿，拒不履行督办职责。,"本人实名向福建省人民政府、福建省机关效能建设办公室提交效能投诉，依据《福建省机关效能建设工作条例》、闽政办〔2016〕179 号文件，反映厦门市人社局、厦门市 12345 政务服务中心双重履职不作为、长期敷衍群众，全套工单、答复截图证据齐全可随时提交：
1. 核心事实：两年以来我累计上千次反映厦门市人社局监管失职问题。海沧区教育局工作人员招考隐瞒病史，案件经厦门市人社局发回重审后，依据《事业单位工作人员申诉规定》第二十九条，教育局重审复聘后必须 30 日内向市人社局报送全套人事备案卷宗，人社局负有法定审核、监管、纠错职责，但该局全程不核查、不监管、放任基层违规聘用存在招聘违纪人员，明显行政不作为。
2. 厦门市人社局始终回避核心诉求，只会套话敷衍：每次平台答复完全避开 “30 日备案审查监管义务” 这一关键问题，反复拿体检标准偷换概念、避重就轻，对我提出的法律争议全部不予正面回应，通篇空话套话，按照省级文件规定，此类答复属于不合格办结件。
3. 厦门市 12345 拒不履行督办复核职责，统一模板推诿：我多次针对人社局答非所问的无效答复申请平台复核督办，但厦门 12345 从未启动黄橙红三级预警督办机制，每一次都机械复制一句 “厦门市人社局已依法依规予以答复” 直接办结工单，不审核答复内容是否合规、不要求人社部门逐条回应我的诉求、不向下推送督办整改通知，明知答复回避核心问题却不作为，严重违反全省热线办理硬性规定。
现恳请省政府、省机关效能办专项介入督查：
一、核查厦门市人社局未履行人事备案监管法定职责的不作为问题，调取全部人事卷宗，责令该局逐条书面回应所有法律争议；
二、核查厦门市 12345 拒不落实省级督办要求、以统一模板敷衍办结不合格工单的效能失职问题，依规对相关单位及责任人开展效能问责；
三、书面反馈本次投诉核查、整改、追责完整处置结果。",2026-08-02 15:43:54,厦门市,思明区,"厦门市12345中心
厦门市12345中心",创建示范/达标,种类数量过多/未批准/运动式/作秀式/一阵风,为了应付上级检查/考核/指标而增加一线无谓负担,0.8,"['人事招考', '效能投诉']",该条目涉及对厦门市人社局和12345政务服务中心的效能投诉，反映其在处理人事招考问题时敷衍了事，未履行法定职责，属于为了应付上级检查/考核/指标而增加一线无谓负担。,调取厦门市人社局和12345政务服务中心的工单、答复截图、人事卷宗等材料，找相关工作人员谈话，了解具体处理流程和原因。,该条目反映的是基层在处理人事招考问题时，由于上级检查/考核/指标的压力，导致基层工作人员敷衍了事，未履行法定职责。,qwen2.5vl:7b,full,HIGH,[],2026-08-09 10:37:46.016773
FZ26071820277,自学自考三不管，沦为社会安全问题,自学自考一直都是各种诟病但一直试点无推进无取消沦为鸡肋，车管所对副刹等安全配置只进行简单的绑线，绑完拍完回去就解绑也无人管后续的问题，驾管所受理完签一堆自身的免责提示告知后也不管后续任何培训考试问题，形式主义，表面主义。交通局对其无学时要求不在监管范围也是推脱管不了，造成这部分无监管无措施分散在社会中隐形炸弹日益增多，严重威胁到人民群众的社会安全问题，后续将严重影响带交通问题，马路杀手增多，监管制度缺位，请求调查处理。,2026-07-18 07:54:52,福州市,,福州市公安局交通警察支队,形式主义为基层减负,台账留痕迎检,为了应付上级检查/考核/指标而增加一线无谓负担,0.8,"['自学自考', '驾校管理', '监管制度']",该条目反映的是驾管所和车管所在处理自学自考时存在形式主义，表面主义，即只进行简单的绑线操作，拍完回去就解绑，后续问题无人管。这属于为了应付上级检查/考核/指标而增加一线无谓负担的现象。,建议调取驾管所和车管所的日常工作记录、培训考试记录、后续监管记录等材料，以及与相关人员的谈话记录，以核实是否存在形式主义和表面主义现象。,核心判断依据：存在为了应付上级检查/考核/指标而增加一线无谓负担的现象。,qwen2.5vl:7b,full,HIGH,[],2026-08-10 08:27:42.374082
ZZ26071721065,投诉：柚茶公园以封代管懒政怠政 恳请市级部门提级督办,"本人此前两次投诉柚茶公园垃圾遍地、无人保洁问题，承办单位均书面敷衍、诉求空转。近期小溪镇政府非但未实质整改保洁机制，反而以""项目未竣工""为由粗暴封闭整个公园，以简单化一刀切方式规避管护责任，属于典型的""为了不担责、干脆不做事""的懒政怠政行为，严重侵害群众公共休闲权益。具体事实如下：

一、封园本质：为规避保洁投诉，干脆一关了之，是懒政不是整改。
针对群众反映的垃圾问题，正常履职路径应为：配齐保洁力量、建立管护机制、保障公园正常开放。但承办单位选择了最省事、最不负责任的方式——直接封园，以""项目未竣工""为借口彻底回避保洁责任。
这不是解决问题，是解决""提问题的人""；不是整改，是逃避。群众需要的是干净的公园，而不是被关掉的公园。以封代管，本质就是不作为、慢作为、懒政怠政。

二、封园无效：园区内人员仍大量聚集，既关不住人，又没人管，隐患更大
事实上公园虽名义上被封，但入园群众依然非常多，封园措施形同虚设。结果就是：
• 群众正常休闲的权益被剥夺了（官方名义上不开放）

• 保洁管护责任依然缺位（没人打扫、垃圾问题照旧）

• 无人管理的聚集状态反而带来更大的卫生、安全隐患

封园既没拦住人，又没解决脏，只是把公园从""官方管护的公共空间""变成了""没人管的三不管地带""，是彻头彻尾的一刀切懒政。

三、此前答复承诺全部落空，公信力进一步丧失
前次答复中承办单位称""加快拟定管养移交方案、明确过渡期责任主体、增加巡查频次""，实际行动却是直接封园。书面承诺一套、实际做法一套，答复中的整改措施全部停留在纸面上，以封园代替所有整改，政务公信力严重受损。",2026-07-17 19:11:23,漳州市,平和县,平和县小溪镇人民政府,形式主义为基层减负,层层加码/一刀切,为了不担责、干脆不做事,0.8,"['公园管理', '懒政怠政', '一刀切']",该条目反映的是政府在处理公园管理问题时，采取了简单化一刀切的方式，即以封园代替所有整改，导致公园管理责任缺失，群众权益受损。这符合为了不担责、干脆不做事的懒政怠政行为，属于层层加码/一刀切的典型表现。,建议调取小溪镇政府在处理公园管理问题时的相关会议记录、文件、以及与相关工作人员的谈话记录，以核实是否存在简单化一刀切的行为。,该条目反映的是政府在处理公园管理问题时，采取了简单化一刀切的方式，导致管理责任缺失，属于层层加码/一刀切的典型表现。,qwen2.5vl:7b,full,HIGH,[],2026-08-10 08:06:03.870298
FZ26071721692,青长路200号福州板航装饰材料有限公司违反用电设施存在重大安全隐患。,闽侯县青口镇青长路200号福州板航装饰材料有限公司违反用电设施规定存在重大安全隐患其电路设施存在乱搭电线现象。电力设施未按规定进行年检维护。其高低压电房未按国家用电规定配备专用高压电工。属地青口电力监管部门未监管到位存在形式主义推诿敷衍现象。请相关电力监管部门尽快依法依规进行整改处理到位减少用电安全隐患。,2026-07-17 13:15:51,福州市,闽侯县,国网闽侯县供电公司,形式主义为基层减负,层层加码/一刀切,为了应付上级检查/考核/指标而增加一线无谓负担,0.8,"['电力安全问题', '安全隐患', '监管不到位']",该条目反映的是电力监管部门存在形式主义推诿敷衍现象，属于层层加码/一刀切的范畴，核心根因是为应付上级检查/考核/指标而增加一线无谓负担。,建议调取电力监管部门的检查记录、工作日志、相关会议记录等材料，找相关负责人谈话，了解具体问题和原因。,该条目反映的是电力监管部门存在形式主义推诿敷衍现象，属于层层加码/一刀切的范畴，核心根因是为应付上级检查/考核/指标而增加一线无谓负担。,qwen2.5vl:7b,full,HIGH,[],2026-08-10 08:03:40.905483
SM26071720173,三明市三元区城管局不作为,三元区城管局作为万达华府万中包子铺保护伞，违法占道经营虚假整改、不整改，严重影响人民群众通行！,2026-07-17 11:11:12,三明市,三元区,三明市三元区城市管理局,形式主义为基层减负,评比创建证明借调,为了应付上级检查/考核/指标而增加一线无谓负担,0.8,"['城管局不作为', '违法占道经营', '虚假整改']",该条目反映三元区城管局存在违法占道经营和虚假整改的问题，可能为了应付上级检查或考核而增加了基层的无谓负担。,建议调取城管局的考核记录、整改记录以及相关领导的谈话记录，以核实是否存在为了应付上级检查而增加基层负担的情况。,该条目反映基层存在违法占道经营和虚假整改的问题，可能为了应付上级检查或考核而增加了基层的无谓负担。,qwen2.5vl:7b,full,HIGH,[],2026-08-10 08:12:33.399274
QZ26071521691,投诉：阳光城丽景湾小区典型避险式懒政，一刀切 M,诉求者来电反映原工单QZ26062720045，部门已答复，现存在：1: 请正面回答，福州，泉州，均有下地库案例，为什么不落实，小区单独规划、独立防火分区的地下非机动车专用车库，若因无法改造满足，请出具地下车库不满足非机动车停放消防改造条件的书面说明（联合社区、街道/消防救援站现场踏勘、签字佐证），镇政府是否规避自身管理责任，放弃精细化管理，直接采取最简单的全面禁止方式？与省里禁止一刀切、分类管控的政策精神相悖。 2:请正面回答，为什么临时突击一刀切，参内镇政府，身为基层单位，是否有做到管控流程合规？故再次反映，望部门核实处理。,2026-07-15 20:00:42,泉州市,安溪县,"安溪县12345中心
安溪县12345中心",形式主义为基层减负,层层加码/一刀切,为了应付上级检查/考核/指标而增加一线无谓负担,0.8,"['层层加码', '一刀切']",该条目反映小区地下车库改造过程中一刀切的问题，存在过度管控和一刀切的现象，可能为了应付上级检查而增加了基层负担。,建议调取镇政府关于地下车库改造的决策文件、会议记录、相关通知等，以核实是否存在过度管控和一刀切的情况。,投诉内容反映小区地下车库改造过程中一刀切的问题，存在过度管控和一刀切的现象，可能为了应付上级检查而增加了基层负担。,qwen2.5vl:7b,full,HIGH,[],2026-08-10 07:25:37.977544
QZ26071521676,投诉：村干部许*山侵占土地、龙眼树地划分界线三方分地未能处理 M,诉求者来电反映原工单QZ25040301296，部门已答复，问题没有处理，镇政府一直不处理。驻张坑村工作队员黄*东在处理许*山霸占耕地、不与三方((许*山、许*山、许*进)分龙眼树地界线行政不作为乱作为、欺上瞒下、歪曲事实颠倒黑白充当许*山的保护伞。1、10月14日本人找驻村干部查询不到本人反映的事项信息，驻村干部（李*）电脑没有收到投诉的相关事项问题信息，诉求者表示既然没有收到事项相关问题，为什么会回复部门答复意见处理，请政府各部门和霞美镇政府答复。在南安市霞美镇镇长黄*水不作为，乱作为。2、镇长亲自告诉其2025年7月14日-7月30日村书记黄*江已经处理，三方要到现场分龙眼树地界，等驻村干部李*探亲回来就到现场分龙眼树界限。诉求者2025年8月4日和村书记黄*江联系，请求分地。2025年8月4日村书记告知许*山不到现场分龙眼树地界，因驻村工作队员黄*东和村委会副主任黄*湖告知许*山，诉求者到国家信访局控告许*山的多项罪状，许*山才不到现场分地，诉求者有录音证据。诉求者请求镇政府处理问题，镇政府一直推脱，不作为，敷衍了事。诉求者多次和南安市纪委书记陈*松反映情况，南安市纪委书记9月4日告知4+2处理，镇书记黄*良、镇长黄*水，驻村村干部李*，村书记黄*江4个人处理，再加两个人，驻村工作队员黄*东和村委会副主任黄*湖，动员许*山到现场分地，至今一直未处理。诉求者和纪委书记反映，纪委书记表示会抓紧处理。诉求者2025年1月13日和1月16日向人大反映，转到霞美镇处理。2025年6月6日向国家信访局反映情况，霞美镇政府6月23日书面答复2025年8月10日处理完成。诉求者表示镇政府于8月4日书面回复，但歪曲事实，颠倒黑白。诉求者9月22日到省信访局反映，信访局要求霞美镇处理。诉求者表示多次向中央巡视组反映多次，未处理。诉求者2025年10月9日到镇里找镇长，找不到镇长。诉求者第一次拨打镇长电话，电话不接。诉求者第二次拨打镇长的电话，镇长让其找李*和戴*阳。诉求者告知镇长，李*2023年至今多次表示处理不了，镇长违背南安市纪委书记陈*松的4+2处理方案。要求按照南安市纪委书记说的4+2处理，镇长挂断电话。诉求者多次拨打镇长的电话，电话无法拨通。诉求者表示镇长不作为，乱作为，制造冤假错案，镇长明目张胆保护村霸许*山，多次反映未处理，恳求按照纪委书记说的4+2处理，恳求政府各部门合理合法，依法依规、公平公正，处理问题。请求平台打电话给镇长（黄*水），反映存在现实问题，并请求处理问题。现问题没解决，信息天天来，驻村干部李*表示查不到其投诉的问题，平台多次将工单批转南安市12345不合理。诉求者表示其拨打的是泉州市12345中心的固定电话28382345，强烈要求泉州市12345中心和政府处理，不要将工单派转到南安市12345中心处理。故再次反映，望部门核实处理。,2026-07-15 19:50:42,泉州市,南安市,"泉州市12345中心
泉州市12345中心",形式主义为基层减负,评比创建证明借调,为了应付上级检查/考核/指标而增加一线无谓负担,0.8,"['村干部不作为', '信访问题', '基层不作为']",该条目反映了村干部不作为、信访问题以及基层不作为的情况，存在为了应付上级检查/考核/指标而增加一线无谓负担的现象。关键现象是多次反映问题未得到处理，且存在推脱、敷衍了事的情况。,建议调取镇政府、信访部门、纪委等部门的记录，以及相关信访工单的处理情况，找相关村干部谈话，了解具体处理过程和原因。,该条目反映了基层不作为、信访问题，存在为了应付上级检查/考核/指标而增加一线无谓负担的现象。,qwen2.5vl:7b,full,HIGH,[],2026-08-10 07:25:44.147383
PT26071520283,本人注意到：本事项在“办理部门为12345中心”的情况下，回复内容却完全来源于城厢公安分局，且未见12345平台对该回复进行任何独立审核或复核说明。  该处理方式实质上是将投诉事项直接交由被投诉单位自,"本人注意到：本事项在“办理部门为12345中心”的情况下，回复内容却完全来源于城厢公安分局，且未见12345平台对该回复进行任何独立审核或复核说明。

该处理方式实质上是将投诉事项直接交由被投诉单位自行认定并通过平台发布，导致“平台转办=原单位自我结论”的结果，已明显偏离12345平台应有的监督与协调职责。

同时，多次不同事项均出现内容高度一致的模板化回复，进一步说明平台未履行实质审查义务。

本人认为：  
该类处理方式已构成程序性不当，属于形式化履职，不能视为有效答复。

现要求：  
1. 明确说明12345平台在本事项中的审核过程；  
2. 提供是否进行独立复核的依据；  
3. 如未复核，请说明理由并移交上级督查机构处理。",2026-07-15 10:29:52,莆田市,城厢区,"城厢区12345中心
城厢区12345中心",形式主义为基层减负,台账留痕迎检,为了应付上级检查/考核/指标而增加一线无谓负担,0.8,"['台账留痕', '迎检']",该条目反映了12345平台在处理投诉时，将投诉事项直接交由被投诉单位自行认定并通过平台发布，导致平台未履行实质审查义务，形成形式化履职。这属于为了应付上级检查/考核/指标而增加一线无谓负担。,建议调取12345平台的审核流程记录，查看是否有独立审核或复核的记录；询问12345平台工作人员关于审核流程的具体情况。,该条目反映了平台未履行实质审查义务，形成形式化履职，属于为了应付上级检查/考核/指标而增加一线无谓负担。,qwen2.5vl:7b,full,HIGH,[],2026-08-10 07:28:24.756296
XM26071423015,补充内容,"补充内容
其是思明区厦港街道福海社区厦成海景花园的业主，经常有外来人员或游客在小区内进出。2024年，曾有一名外来游客到小区内跳楼，然后死亡。之后，小区有进行人员管控登记，但只做了一个月的人员管控登记，后至今都未再进行人员管控登记。其认为小区在走形式主义，并未实际处理问题 。其认为社区监管不力，要投诉社区书记不作为。如果问题得不到解决的话，其就会向上或走信访渠道投诉。要求相关部门调查处理，并让社区领导做出回复。",2026-07-14 21:06:26,厦门市,思明区,,形式主义为基层减负,台账/留痕/数据造假,为了应付上级检查/考核/指标而增加一线无谓负担,0.8,"['台账留痕', '数据造假']",该投诉反映社区在人员管控登记方面存在形式主义，只做了一个月的登记后就停止，未实际处理问题，属于台账留痕和数据造假的表现。,建议调取社区人员管控登记台账，了解实际处理情况；询问社区工作人员关于人员管控登记的政策和执行情况。,投诉内容反映社区在人员管控登记方面存在形式主义，未实际处理问题，属于台账留痕和数据造假的表现。,qwen2.5vl:7b,full,HIGH,[],2026-08-10 07:09:07.635684
QZ26071421674,福建锦汐建工有限公司不实填报社保减员原因，拒不配合更正离职事由，导致无法申领失业补助金，现请求公司关于我本人离职原因进行更正，把“人员统筹范围内转出”替换为合规选项合同到期，用人单位提出不续签。,"本人2026年6月与福建锦汐建工有限公司劳动合同到期，双方未续签，劳动关系终止。本人申请失业补助金时，社保审批驳回，系统显示该公司填报停保原因为“人员统筹范围内转出”，不符合失业金申领条件。
本人多次联系该公司人事，要求将减员离职原因更正为“劳动合同到期终止”，企业无正当理由拒不配合修改。社保系统可查询本人完整参保记录，企业刻意不实填报停保信息，侵害劳动者社保待遇权益。现申请南安市劳动监察大队介入核查，责令企业限期更正社保减员原因，并协助完成失业金申领。",2026-07-14 19:13:27,泉州市,泉州台商投资区,泉州台商投资区管理委员会民生保障局,形式主义为基层减负,台账留痕/数据造假,为了应付上级检查/考核/指标而增加一线无谓负担,0.8,"['台账留痕', '数据造假']",该条目涉及企业不实填报社保减员原因，导致无法申领失业补助金，反映了为了应付上级检查/考核/指标而增加一线无谓负担的情况。,建议调取社保系统数据，了解企业是否确实存在不实填报情况，以及是否存在其他类似情况。,该条目反映了企业为了应付上级检查/考核/指标而进行不实填报，增加了基层无谓负担。,qwen2.5vl:7b,full,HIGH,[],2026-08-10 07:10:52.823861
ND26071420436,富贵世家物业违反消防规定,"富贵世家物业违反消防规定，未落实消防值班的行为违反高层民用建筑消防安全管理规定：
第三十七条：禁止在高层民用建筑公共门厅、疏散走道、楼梯间、安全出口停放电动自行车或者为电动自行车充电。违反此规定的，由消防救援机构责令改正，对非经营性单位和个人处500元以上1000元以下罚款。
第四十七条  违反本规定，有下列行为之一的，由消防救援机构责令改正，对经营性单位和个人处2000元以上10000元以下罚款，对非经营性单位和个人处500元以上1000元以下罚款：
（四）未按照规定落实消防控制室值班制度，或者安排不具备相应条件的人员值班的；
（七）在高层民用建筑的公共门厅、疏散走道、楼梯间、安全出口停放电动自行车或者为电动自行车充电，拒不改正的。
截止目前，消防值班室仍未按规定落实值班制度。业主多次投诉，消防救援局明确情况属实却不依法处置，不依法履行职责，蕉南街道办却还在找理由推脱，搞形式主义，完全致业主生命财产安全不顾，包庇纵容物业违法行为，损害群众利益。违反群众纪律，工作纪律和廉洁纪律。",2026-07-14 15:46:39,宁德市,蕉城区,宁德市蕉城区蕉南街道办事处,形式主义为基层减负,评比创建证明借调,为了应付上级检查/考核/指标而增加一线无谓负担,0.8,"['特定场所消防安全', '消防监管', '形式主义']",该条目反映的是关于消防值班制度落实不到位的问题，涉及消防救援局和街道办的推脱和形式主义行为，符合为了应付上级检查/考核/指标而增加一线无谓负担的特征。,建议调取消防救援局和蕉南街道办的相关会议记录、工作文件、以及业主的投诉记录，以核实是否存在形式主义行为。,该条目涉及消防值班制度落实不到位，且存在推脱和形式主义行为，符合为了应付上级检查/考核/指标而增加一线无谓负担的特征。,qwen2.5vl:7b,full,HIGH,[],2026-08-10 07:05:27.472682
ND26071420111,投诉对ND26070320073三次诉求,谢先生来电对ND26070320073三次诉求，问题没有得到解决，该处依旧很多占道经营，2026年7月14日早上城管部门来该处整治，可只是让摆摊人员将摊位推旁边让城管部门拍照，拍完后就离开，存在形式主义，且摊贩不卫生，造成附近很多老鼠，现要求有关部门再次介入整治，烦请相关部门核实处理。,2026-07-14 09:26:39,宁德市,东侨经济技术开发区,宁德市城市管理综合执法东侨大队,形式主义为基层减负,台账留痕迎检,为了应付上级检查/考核/指标而增加一线无谓负担,0.8,"['台账留痕', '迎检']",该条目内容涉及城管部门在整治占道经营时，只是让摊贩将摊位推旁边拍照，然后离开，存在形式主义，且摊贩不卫生，造成附近老鼠问题。这表明为了应付上级检查，城管部门采取了形式主义的做法，增加了基层一线的无谓负担。,建议调取城管部门的检查记录、摊贩的投诉记录、以及相关检查人员的访谈材料，以核实是否存在形式主义行为。,核心判断依据：为了应付上级检查/考核/指标而增加一线无谓负担。,qwen2.5vl:7b,full,HIGH,[],2026-08-10 06:53:43.872910
FJ26071320007,投诉厦门市政府（针对集美灌口洪茂居住区物业监管缺位、城管放任电动车占盲道、基层整改流于形式,"本人多次向12345灌口镇政府、集美区住建、集美城管投诉两大民生问题，区级、镇级仅做表面清扫，无长效解决方案，厦门市主管部门未统筹督办，属地治理不作为：
① 洪茂居住区国企物业长期放任园区垃圾乱堆，高温滋生蚊虫细菌；镇政府仅安排保洁临时清理，未监督物业建立长效管控机制，资源浪费严重；
② 小区周边人行道、盲道长期被电动车占用，残障人士通行受阻，辖区城管长期不开展常态化整治、劝导处罚。
多次基层反馈后问题无实质改善，厦门市住建、城管系统未统筹整改，请求福建省政府督办厦门市政府，限期出台完整整改方案并书面回访。",2026-07-13 04:06:09,厦门市,集美区,"厦门市集美区灌口镇人民政府
集美区城市管理和综合执法局",形式主义为基层减负,评比创建证明借调,为了应付上级检查/考核/指标而增加一线无谓负担,0.8,['评比创建证明借调'],该条目反映的是灌口镇政府、集美区住建、集美城管在处理民生问题时仅做表面清扫，未采取长效解决方案，存在形式主义为基层增加负担的现象。,建议调取镇政府、集美区住建、集美城管在处理民生问题时的相关文件、会议记录、工作台账等材料，以核实是否存在形式主义为基层增加负担的情况。,该条目反映的是灌口镇政府、集美区住建、集美城管在处理民生问题时仅做表面清扫，未采取长效解决方案，存在形式主义为基层增加负担的现象。,qwen2.5vl:7b,full,HIGH,[],2026-08-10 06:40:13.901450
FZ26071221407,请尽快恢复前宅行政村主干道的路灯！！！,"前几年，前宅自然村老人会刚安装太远能路灯没多久（当时安装太阳能路灯的资金也是上级拨款）。后来，平安建设部门说，太阳能亮度不够，行政村的主干道要装照明线路的路灯。村委就将照明线路的路灯工程承包给当时前宅村的老人会会长林建峰和林聿明施工。他们施工时将主干道太阳能拆下装上照明线路和电灯，经过使用三四年了，今年正月十五晚上，路灯的照明线路突然被前宅村主持两委工作的王强停掉到现在。村民多次找王强和上迳镇政府相关部门的领导反映，问题一直得不到解决。后来，王强拿了一份造假的两委会议记录，称路灯更改施工的钱村里出，电费要老人会出。
请问相关部门的领导：老人会是不是脑子进水了！太阳能路灯用的好好的，为何要拆掉换照明线路的路灯，还要去出电费！是村委要求更换，为何要老人会出电费，是不是扯淡。
现在还在宣传平安建设，到底要老百姓讲真话，还是讲假话？！本村的路灯停掉快半年了都没人管，哪来的什么平不平安！！！",2026-07-12 17:25:18,福州市,福清市,福清市上迳镇人民政府,形式主义为基层减负,台账/留痕/数据造假,为了应付上级检查/考核/指标而增加一线无谓负担,0.8,"['台账留痕', '数据造假']",该条目反映的是前宅村路灯工程中存在造假的两委会议记录，可能为了应付上级检查而增加了基层的无谓负担。,建议调取两委会议记录、施工合同、电费支付记录等材料，以核实是否存在造假情况。,该条目涉及伪造会议记录，可能为了应付上级检查而增加了基层的无谓负担。,qwen2.5vl:7b,full,HIGH,[],2026-08-10 06:20:12.230424
FZ26071122008,福州市鼓楼区文化体育和旅游局办案不负责任、应付了事、流于形式，最后推脱甩锅，是否存在违规违纪问题,"本人在福州12345平台多次投诉与“福州超体健康科技有限公司”的礼品卡纠纷案件（FZ26250922508、20260523616、FZ26060620599、FZ26061721144、FZ26070120463）
每次我提交投诉后，商家均已各种虚假理由反馈鼓楼区文旅局，鼓楼区文旅局接每次到反馈后草草结案并都主观指引本人私下协调，不然就去起诉。完全没有行业职能部门该有的公信力，偏袒商家，让消费者自己去承担损伤。期间没有过一次三方协商、甚至连单方面与我沟通都没有过，就是直接结案。照成商家根本就不怕消费者的投诉，反正随便编个理由就能结案。
这样多次偏袒商家，不公正办案是否平时与商家就存在吃喝拿享等违规违纪行为导致。请相关部门严查！！！",2026-07-11 18:21:30,福州市,鼓楼区,福州市鼓楼区文化体育和旅游局,形式主义为基层减负,评比创建/证明/借调,为了应付上级检查/考核/指标而增加一线无谓负担,0.8,"['服务质量纠纷', '评比创建/证明/借调']",该条目反映的是基层部门在处理投诉时存在应付上级检查、考核和指标的现象，表现为不公正办案、推脱甩锅等，属于评比创建/证明/借调类形式主义问题。,建议调取鼓楼区文旅局的内部会议记录、考核指标文件、与商家的沟通记录等，以核实是否存在为了应付上级检查而增加一线负担的情况。,投诉内容反映基层部门在处理投诉时存在应付上级检查、考核和指标的现象，属于评比创建/证明/借调类形式主义问题。,qwen2.5vl:7b,full,HIGH,[],2026-08-10 06:15:19.253990
PT26071021281,投诉有关教育部门安排老师回校防台值班，教师的安全谁来保证？,本人是农村小学教师的家属，台风即将来临，我家属学区通知我家属必须回校进行防台值班。本人认为:农村小学已经放假，台风天要求相关人员特地回校防台值班，有何必要？学校已经放假无其他人了，值班如果学校不安全为何要安排人值班，值班人员安全如何保证？人员排查后撤离不行吗？如果学校安全，安排人员值班有何必要？不要动不动就给老师安排教学以外额外的负担？老师真的是弱势群体嘛？盼有关教育部门树立和践行正确的政绩观，实事求是，科学防台，正确对待老师回校防台值班的安全问题，不浮夸，不乱作为，不给教师队伍层层加码，增加社会不稳定因素。,2026-07-10 20:10:16,莆田市,湄洲,湄洲社会事业保障局,形式主义为基层减负,层层加码/一刀切,为了应付上级检查/考核/指标而增加一线无谓负担,0.8,"['教师待遇', '防台值班']",该条目反映的是教育部门在台风期间要求教师回校防台值班的问题，存在为了应付上级检查而增加教师负担的情况。,建议调取教育部门关于防台值班的相关文件、通知，以及教师的反馈记录，以核实是否存在为了应付上级检查而增加教师负担的情况。,该条目反映的是为了应付上级检查而要求教师回校防台值班，属于层层加码/一刀切的典型表现。,qwen2.5vl:7b,full,HIGH,[],2026-08-10 06:05:23.504031
FZ26071021607,关于闽侯县住建局、上街镇、城管局对三松科技产业园“工业改办公”投诉联合推诿的举报。,"诉求内容：请批转到“福州效能办”处理；本人于2026年6月26日通过闽政通12345平台投诉闽侯上街新港大道116号三松科技产业园1#、2#厂房“无改建审批、无规划许可，擅自将工业厂房隔断改建为办公室对外出租”问题（受理编号FZ26062621494），明确要求转至消防救援大队、自然资源和规划局处理。

截至2026年7月9日，三个单位分别作出回复，均未正面回应核心问题：

1. 闽侯县住建局回复（7月8日）：
称“三松科技产业园1#厂房、2#厂房已于2023年11月16日通过消防验收备案。”——用原始厂房备案回答“改建后是否合规”的问题，答非所问。

2. 闽侯县上街镇人民政府回复（7月9日）：
内容与住建局高度雷同，只提原始厂房消防备案，对违法建设、规划审批等问题只字未提，未履行属地监管职责。

3. 闽侯县城市管理和综合执法局回复（7月9日）：
称“已开始调查取证，待核实后再作进一步处理。”——6月29日已派员现场查看，截至7月9日回复时已10天，无实质进展，无明确办结时限，存在拖延履职嫌疑。

综合问题：

三个单位的回复口径一致、相互配合，形成“联动推诿”——住建局说备案合规、上街镇照搬、城管局说调查中，没有一家正面回答“工业厂房改建为办公室是否办理了规划审批手续”“改建行为是否构成违法建设”这两个核心问题，致使本人投诉事项至今未获实质性处理。

恳请上级部门：

1. 责令闽侯县住建局、上街镇人民政府、闽侯县城市管理和综合执法局分别就各自职责作出实质性答复；
2. 明确告知“工业改办公”是否须经规划审批、是否已办理规划审批手续；
3. 如确认存在违法建设或改变土地用途行为，依法查处并书面告知结果；
4. 对三单位联合推诿、敷衍答复的行为进行效能督查。

事件地点： 福建省福州市闽侯县上街新港大道116号三松科技产业园
原受理编号： FZ26062621494",2026-07-10 12:44:51,福州市,闽侯县,"闽侯县城市管理和综合执法局
闽侯县住房和城乡建设局
闽侯县上街镇人民政府",形式主义为基层减负,层层加码/一刀切,为了应付上级检查/考核/指标而增加一线无谓负担,0.8,"['违法搭建', '推诿敷衍']",该条目反映的是多个部门对工业厂房改建问题推诿敷衍，存在层层加码、一刀切的情况，为了应付上级检查而增加了基层的负担。,建议调取各部门的回复记录、现场检查记录、相关审批文件等材料，找相关人员谈话了解具体情况。,该条目反映的是多个部门对工业厂房改建问题推诿敷衍，存在层层加码、一刀切的情况，为了应付上级检查而增加了基层的负担。,qwen2.5vl:7b,full,HIGH,[],2026-08-10 05:54:44.192376
FZ26070923710,为人民服务。,"我是一个骑行者爱好者，今天16点骑行石竹山东张水库一圈，回时至石竹山景区西北门，被门卫拦了，说不能进去。说台风到了封路.我打电话给管委会，值班领导也不让进，说是上级叫封路。那时时间是，傍晚时间6:25。我想请教下领导领导，就是台风到了，也应该能让往里面骑一下，应该人性化，什么都没有就把路封了。就是我们街坊邻居也会让借路。管委会说封路了，保安叫我们往国道骑。天都黑了，我们没带晚上骑行装备。路上都是车，万一被撞的话，是谁的责任？我想说的，不要那么形式主义，为人民服务不是说说的，要做。附上通话记录时间,谢谢。",2026-07-09 22:50:23,福州市,福清市,福清市石竹山风景名胜区管理委员会,形式主义为基层减负,过度管控/盲目决策,为了应付上级检查/考核/指标而增加一线无谓负担,0.8,"['景区管理', '形式主义']",该条目反映的是景区管理中存在过度管控的情况，即为了应对上级封路指示而封路，导致骑行者无法进入景区，增加了基层一线的负担。,建议调取通话记录、景区管理规定、上级指示文件等材料，以核实是否存在为了应付上级检查而增加基层负担的情况。,该条目反映的是为了应对上级指示而封路，增加了基层一线的负担，符合过度管控/盲目决策的判断逻辑。,qwen2.5vl:7b,full,HIGH,[],2026-08-10 05:32:52.667129
ND26070920584,投诉部门问题（请求12345平台履行热线独立督办职权，核查承办单位敷衍答复，恶意引导群众通过司法途径或其他途径规避行政监管职责问题）,郭先生来电反映，1、他此前反映的诉求件FZ26062721317被福安市12345平台直接答复，他表示他只是在信访平台反映福安市城南派出所某一些方面的问题，对部门答复不满意，现想要重新发起诉求，并对部门答复做出反馈，为何无法成功，为何就必须继续向信访局反映，这不合理，这原本就是2个不同平台，诉求反映也不是同时进行的，老百姓反映问题为何还需要部门指定渠道反映，剥夺了老百姓的选择权；2、12345平台的哪一条法律文书有规定老百姓通过信访反映的诉求件办结情况下就不能再次进线反映，只能通过信访渠道反映；3、老百姓已经多次向12345平台反映同样的问题，宁德市12345平台和福安市12345平台没有重视，且平台一直直接答复他的诉求，宁德市政府管理不到位，平台没有对部门答复进行审核，导致群众诉求得不到解决。他的诉求如有哪里不合理不合规，部门可以指出，老百姓可以进行修改，但不要总是漠视老百姓诉求。以上问题，他表示不满。他认为信访平台和12345平台是不一样的，且他不是同时在两个平台投诉。他表示他的信访件已经办结了，根据《国务院办公厅关于进一步优化地方政务服务便民热线的指导意见》（国办发〔2020〕53号）原文规定不受理已进入信访渠道的事项，这里的关键限定词是正在进入、正在办理过程中的信访事项，文件没有写信访已经办结出具答复意见书后群众不能再来12345提交监督督办诉求。（国办函〔2025〕66号）（2025年新规）明确禁止简单分流一刀切推诿群众诉求，要求区分诉求是否新增监督、问责、督办新内容，不能仅因历史有信访单号直接打发群众。老百姓有多次反馈均被12345平台应付性回复，申请福建省12345平台介入督办，现就上述情况进行投诉，要求福安市12345给出合理的解释，烦请相关部门核实处理。,2026-07-09 17:29:46,宁德市,福安市,"福安市12345中心
福安市12345中心",形式主义为基层减负,评比创建/证明/借调,为了应付上级检查/考核/指标而增加一线无谓负担,0.8,"['敷衍应付', '行政监管职责']",该投诉主要涉及12345平台在处理群众诉求时的敷衍应付问题，投诉人认为平台在处理群众诉求时存在不合理的引导和限制，剥夺了群众的选择权。这可能涉及到为了应付上级检查或考核而增加基层工作人员的负担，即通过限制群众的投诉渠道来应对上级的考核。,建议调取12345平台的内部文件、会议记录、相关法律文书等，以核实平台在处理群众诉求时是否存在敷衍应付的情况。,投诉内容涉及平台在处理群众诉求时的敷衍应付问题，可能涉及到为了应付上级检查或考核而增加基层工作人员的负担。,qwen2.5vl:7b,full,HIGH,[],2026-08-10 05:28:50.958654
SM26070920416,投诉：低保的问题,诉求人反映：位于尤溪县中仙镇，我是低保户申请人的儿子，低保户申请是隶属哪个部门负责？为何相关的标准流程或者范例不一一通知清楚呢？导致我沿用去年的方式提供材料被拒，去年我只打印银行流水，手写备注，扫码就可以了，今年不止提供这份材料，还要填写表格，还是被拒，没有任何的意义，部门理应将范例公布于群众才是，这样才能提供我们双方的效率，请相关部门核实处理，谢谢！,2026-07-09 17:27:58,三明市,尤溪县,尤溪县中仙镇人民政府,形式主义为基层减负,程序繁杂,为了应付上级检查/考核/指标而增加一线无谓负担,0.8,['程序繁杂'],该条目反映低保申请流程复杂，要求相关部门公布范例以提高效率。这可能是因为为了应付上级检查/考核/指标而增加了基层无谓负担。,建议调取相关部门的低保申请流程文件、范例通知等材料，找相关工作人员谈话，了解具体操作流程和背景情况。,该条目反映低保申请流程复杂，要求相关部门公布范例以提高效率，符合为了应付上级检查/考核/指标而增加一线无谓负担的判断逻辑。,qwen2.5vl:7b,full,HIGH,[],2026-08-10 05:28:53.477887
FZ26070921885,关于教师节假日值班的问题,"针对12345平台FZ26043021781诉求单内容，闽侯县教育局回应如下：来件收悉，根据福州市教育局下发值班工作相关文件及安全生产要求，福州市各县（市）区的学校均要安排相关人员值班，并非只有闽侯县的学校需节假日值班。同时按照教师减负工作要求，各校在法定节假日、寒暑假、周末期间，没有学生在校的情况下，不得安排一线教师参加假期工作值班。
本人回应如下：
我了解到的情况是，学区要求周末、寒暑假节假日要有一线教师值班。这完全与贵局工作指导精神背离。难道是下级单位层层加码导致的政策执行荒腔走板？是学区的问题还是学校个别行政领导的问题？我想只需贵局经办人员在周末时间逐一拨打所辖中小学、幼儿园值班室电话，或者随机抽查几所学校，就可以得证。
或者贵局只需要将相关精神再次严肃贯彻传导一遍，我想这些基层的官僚主义应该要适可而止了。",2026-07-09 14:19:05,福州市,闽侯县,闽侯县教育局,形式主义为基层减负,层层加码/一刀切,为了应付上级检查/考核/指标而增加一线无谓负担,0.8,"['教师减负', '节假日值班']",该条目反映基层教师在法定节假日、寒暑假、周末期间被要求值班，这与上级教育局下发的文件精神背离，存在层层加码的情况，增加了基层教师的负担。,建议调取福州市教育局下发的值班工作相关文件及安全生产要求，以及闽侯县教育局的回复文件，以核实是否存在层层加码的情况。,该条目反映基层教师在法定节假日、寒暑假、周末期间被要求值班，这与上级教育局下发的文件精神背离，存在层层加码的情况，增加了基层教师的负担。,qwen2.5vl:7b,full,HIGH,[],2026-08-10 05:18:53.240887
QZ26070920125,泉州鲤城交警在处理黄龙大桥非机动车违法问题上“只回复不执行、敷衍懒政”的情况,"本人因长期目睹黄龙大桥非机动车（电动车、三轮车等）违法驶入机动车道、逆行、随意变道等乱象，曾于近期通过[12345便民服务平台/其他信访渠道]提交投诉，反映该路段存在严重交通安全隐患，要求交警部门予以有效治理。

具体经过：

1. 未联系，机械回复。 投诉之后，自始至终无任何鲤城交警工作人员与本人联系核实情况或说明整治计划。
2. 踩点办结，回复空泛。 在平台规定的14个自然日办理期限临近时，本人仅收到一条系统办结回复，内容为“将加强对该路段的巡逻管控，严查非机动车违法行为”。此类千篇一律的话术，未提及任何具体措施或时间节点。
3. 事实打脸，毫无行动。 更令人失望的是，在收到该回复至今的这段时间里，本人多次经行黄龙大桥，从未见到任何巡逻警力或设点执法的交警。非机动车占用机动车道飞驰、逆行的现象依然如故，违法车辆有增无减，与投诉之前无任何变化。

综上所述，鲤城交警大队的此次投诉处理，属于典型的“以回复代替整改”的敷衍懒政行为，其性质是形式主义、虚假办结。 如此“纸上巡逻”，不仅无视市民的合理诉求，更是对桥上过往群众生命安全的极度漠视。",2026-07-09 08:17:15,泉州市,鲤城区,"泉州市12345中心
泉州市12345中心",形式主义为基层减负,台账/留痕/数据造假,为了应付上级检查/考核/指标而增加一线无谓负担,0.8,['交通管理措施'],该条目反映交警部门在处理非机动车违法问题上存在形式主义，表现为机械回复、空泛办结，未采取实际措施。这表明为了应付上级检查/考核/指标而增加了基层一线的无谓负担。,建议调取交警部门的日常巡逻记录、非机动车违法案件处理记录，以及相关考核指标和上级检查记录，以核实是否存在形式主义行为。,该条目反映了交警部门在处理非机动车违法问题上存在形式主义，表现为机械回复、空泛办结，未采取实际措施，属于为了应付上级检查/考核/指标而增加一线无谓负担的情况。,qwen2.5vl:7b,full,HIGH,[],2026-08-10 05:37:22.915466
ZZ26070820774,投诉：政务服务、办事推诿、业务咨询投诉,"本人持有国家官方平台可查询的正规证书，证书已入网备案一年有余，信息真实有效、可全网核验，不存在任何虚假、伪造情况。2026年07月08日，我致电属地监管部门，咨询并申请解决官方系统查询不到本人证件信息的问题。工作人员未针对问题进行核查处理，全程推诿扯皮、敷衍履职，反复询问培训机构、工作单位等无关信息，刻意回避核心业务问题。更为不合理的是，工作人员在未核验、未查询的情况下，主观随意质疑我的正规入网证书为假证。本人证书早已在国家平台正常备案、存续一年以上，假证根本无法录入国网系统。我正是因为本地部门查不到已入网的合法证件信息，才向职能部门求助，而工作人员本末倒置、态度消极、业务不规范，严重影响群众办事体验。现恳请12345政务服务平台介入督办：
1、核查解决本人国网可查、本地系统信息缺失、不同步的问题，完善证件本地信息备案，恢复正常查询；
2、对本次工作人员推诿不作为、随意质疑群众合法证件、不按流程履职的问题进行整改纠正；
3、依规给予明确书面回复及处理结果。",2026-07-08 16:06:31,漳州市,龙文区,漳州市市场监督管理局,形式主义为基层减负,推诿扯皮,为了应付上级检查/考核/指标而增加一线无谓负担,0.8,"['政务服务', '推诿扯皮', '业务咨询']",该条目反映的是政务服务部门工作人员推诿扯皮、敷衍履职的问题，属于为了应付上级检查/考核/指标而增加一线无谓负担。工作人员未针对问题进行核查处理，反复询问无关信息，导致群众办事体验差。,建议调取政务服务部门的内部工作记录、工作人员的绩效考核记录，以及与工作人员的谈话记录，以核实是否存在推诿扯皮、敷衍履职的情况。,该条目反映了政务服务部门工作人员推诿扯皮、敷衍履职的问题，属于为了应付上级检查/考核/指标而增加一线无谓负担。,qwen2.5vl:7b,full,HIGH,[],2026-08-10 04:59:12.936851
FZ26070722069,关于投诉一定要在线下办理无犯罪证明的问题,户籍：罗源县鉴江镇，姓名：江琴，身份证：350123198709206206，在闽政通上办理无犯罪证明，页面跳出海防派出所办理，但是现在已经没有该派出所，都该成鉴江派出所，现在鉴江派出所告知要到线下派出所办理，如果要代办要提供委托书，我都在福州市上班无法到鉴江派出所办理，现在闽政通也显示2个月内超过3次办理请到线下办理，现要求让我在线上办理无犯罪证明，特此投诉。,2026-07-07 14:53:43,福州市,罗源县,罗源县公安局,形式主义为基层减负,指尖形式主义,为了应付上级检查/考核/指标而增加一线无谓负担,0.8,"['指尖形式主义', '证明办理']",该投诉涉及在线办理无犯罪证明时，系统提示需要到线下办理，且存在多次超时办理的情况，这可能与系统设计不合理，导致基层工作人员需要额外处理线下事务，增加了负担。,建议调取闽政通系统相关操作记录，了解系统设计是否合理，是否存在多次超时办理的情况，以及基层工作人员的反馈。,投诉内容涉及在线办理证明时需要到线下办理，且存在多次超时办理的情况，这可能与系统设计不合理，导致基层工作人员需要额外处理线下事务，增加了负担。,qwen2.5vl:7b,full,HIGH,[],2026-08-10 04:27:24.682869
FZ26070623259,关于投诉闽政通APP新生儿出生一件事信息弹窗告知查询我不到我的婚姻信息等问题,1.投诉闽政通APP，我（姓名：张铁龙，身份证号码：350322199409106878，户籍地址：莆田市）在办理莆田市的新生儿出生一件事，新生儿一件事信息弹窗告知查询我不到我的婚姻信息（我当时婚姻信息在广东登记的），我联系了过莆田市民政局，告知全国联网都可以查询到，这是不合理的设置。2.我于刚才在线跟闽政通客服（工号为：1018）对话，我向对方反映该问题，对方荒唐答复道“让我在福建省内在领取一次结婚证”，这明显是不合理。现在诉求要求：1.针对闽政通荒唐答复做出投诉处理，2.对该新生儿一件事业务条件限制不合理做出解释！望相关部门介入解决，特此投诉，望处理。,2026-07-06 18:06:39,福州市,,"福建省大数据集团有限公司
仙游县公安局",形式主义为基层减负,指尖形式主义,为了应付上级检查/考核/指标而增加一线无谓负担,0.8,"['指尖形式主义', 'APP/系统打卡']",该条目反映的是闽政通APP在新生儿一件事业务中存在不合理的信息弹窗告知，要求查询婚姻信息，这可能与上级考核指标有关，增加了基层工作人员的负担。,建议调取闽政通APP的使用记录、用户反馈记录以及相关考核指标文件，以核实是否存在为了应付上级检查而增加基层负担的情况。,该条目反映的是APP在业务办理过程中存在不合理要求，可能与上级考核指标有关，增加了基层工作人员的负担。,qwen2.5vl:7b,full,HIGH,[],2026-08-10 04:13:57.294296
FZ26070422400,路灯坏了一直无人修.已多次求助村委会至今人没来处理，独居老人夜间出行十分不便村里不管不顾,"12345政务服务热线投诉件（路灯损坏无人维修、履职拖沓问题）
 
一、投诉基本情况
 
投诉地址：福州市长乐区漳港街道新厝村旧厝路67号
投诉事项：村道整排路灯长期熄灭、夜间无照明，存在重大出行安全隐患；本人于6月26日主动向村委会反映诉求，村委长期推诿拖延、零回应、零处置、零反馈，履职不到位、漠视群众出行安全。
 
二、具体事实经过
 
本人居住于漳港街道新厝村旧厝路67号，家中有81岁高龄老人日常居家、常态化就近步行出行。房屋门前道路为新厝村核心通行村道，是周边居民日常通勤、散步、出行的必经路段，全天车流、人流密集，白天私家车、电动车往来频繁，夜间仍有大量村民、过路车辆通行。
 
近期，该路段沿街整排路灯全部故障熄灭、完全无法照明，夜间道路漆黑无任何光源，无基础夜间通行保障。该问题直接导致：一是高龄老人夜间无法正常出行，极易发生磕碰、摔倒、迷路等安全事故；二是夜间车辆、电动车视线受阻，视野盲区极大，极易引发人车碰撞、剐蹭等交通安全事故，公共安全隐患持续存在且不断扩大，严重影响片区居民人身及出行安全。
 
为消除安全隐患、保障家人及村民出行权益，本人已于2026年6月26日主动向新厝村委会现场如实反映路灯损坏、急需维修亮化的问题，明确告知高龄老人出行困难及道路安全风险，恳请村委及时排查故障、尽快修复路灯照明。但截至目前，时隔多日村委会始终未开展现场核查、未启动维修整改、未与本人任何沟通反馈，消极履职、拖延不作为，放任道路安全隐患长期存续，严重损害群众切身利益。
 
三、投诉诉求
 
依据农村公共设施管护、人居环境治理、道路交通安全管理相关规定，现正式投诉并提出三项明确诉求，要求相关部门限时办结、书面反馈：
 
1. 立即排查整改：请主管部门即刻派员赴福州市长乐区漳港街道新厝村旧厝路现场核查路灯故障问题，3个工作日内完成全线路灯检修、更换、通电调试，全面恢复夜间正常照明，彻底消除道路通行安全隐患。
2. 核查履职问题：核查新厝村委会对群众合理诉求拖延处置、不作为、零反馈的履职失职问题，依规督促村委整改工作作风，对本次消极履职行为作出说明。
3. 建立长效管护：要求村委建立村内路灯常态化巡查、维护、报修机制，定期排查公共照明设施故障，杜绝路灯长期损坏、无人管、无人修的问题再次发生，保障村民长期夜间出行安全。
 
四、补充说明
 
本次诉求属实、问题紧迫，涉及高龄老人人身安全及全村公共出行安全，恳请职能部门接诉即办、优先处置、限时闭环，办结后及时向本人反馈处置结果及整改台账。",2026-07-04 20:56:39,福州市,长乐区,福州市长乐区人民政府漳港街道办事处,形式主义为基层减负,层层加码/一刀切,为了应付上级检查/考核/指标而增加一线无谓负担,0.8,"['路灯故障', '履职拖沓', '基层减负']",该条目反映的是村委会在路灯故障问题上长期推诿拖延，履职不到位，属于层层加码/一刀切的典型表现。基层干部在处理群众诉求时，由于上级检查压力，导致工作拖延，增加了基层负担。,建议调取村委会的会议记录、工作台账、与群众的沟通记录等材料，以核实是否存在因应付上级检查而增加基层负担的情况。,该条目反映了基层干部在处理群众诉求时，由于上级检查压力，导致工作拖延，增加了基层负担，属于层层加码/一刀切的表现。,qwen2.5vl:7b,full,HIGH,[],2026-08-10 03:35:02.539157
FZ26070420945,台江区人社局办事指南信息滞后、窗口推诿拒办，导致群众白跑,"您好！现就福州市台江区人力资源和社会保障局在《就业创业证》申领事项上，存在办事指南与实际执行不符、工作人员业务不精、推诿扯皮的问题进行实名投诉。

【事实依据】
1. 官方指南明确可办： 根据“闽政通”APP及福建省网上办事大厅公示的《服务事项办事指南》，该事项实施主体为“福州市台江区人力资源和社会保障局”，明确办理地点为“福州市台江区儿童公园路101号台江区政务服务中心二层26-27号人力资源窗口”。
2. 现场遭遇推诿： 基于对政府官方信息的信任，我先后两次前往上述地址办理。然而，现场工作人员均告知无法办理，并要求我必须前往户籍所在地的社区办理。
3. 事实胜于雄辩： 在我被台江区拒之门外后，我已经顺利在其他区的政务服务中心办理了该证件。这充分证明：该业务完全可以在区级政务中心通办，并非必须去社区。台江区窗口以“不能办”为由拒收，纯属业务不熟或故意推诿。

【存在问题】
1. 信息发布滞后/错误： 既然政务中心窗口能办（其他区已证实），为何台江区窗口拒办？如果确实职能已划转，为何不及时更新网上指南？这种“线上线下两张皮”严重误导了群众。
2. 增加群众负担： 因为信息错误和工作人员的推诿，导致我无故往返奔波两次，最后还得跨区办理，严重浪费了时间和精力，这与政府推行的“最多跑一次”改革精神背道而驰。

【我的诉求】
为了维护政府公信力，避免更多群众像我一样白跑冤枉路，我提出以下诉求：

1. 立即更正信息： 请台江区人社局立即核实并更新“闽政通”及网上办事大厅的办事指南。如果该业务确实已变更流程，请务必在网上明确标注，取消错误的线下受理点信息。
2. 加强业务培训： 督促相关窗口人员加强业务学习，落实“首问负责制”，对于能办的业务要即来即办，不能随意让群众“回社区”。
3. 给予合理解释： 针对我两次白跑的情况，希望相关部门能给出一个合理的解释。

盼复！

附件：闽政通办事指南截图

联系电话13328640906",2026-07-04 11:20:49,福州市,台江区,福州市台江区人力资源和社会保障局,形式主义为基层减负,指尖形式主义,为了应付上级检查/考核/指标而增加一线无谓负担,0.8,"['指尖形式主义', '办事指南错误', '群众负担']",该条目反映了办事指南与实际执行不符的问题，导致群众多次往返奔波，增加了群众的负担。这可能是因为为了应付上级检查或考核，基层工作人员在实际操作中未能及时更新办事指南，导致信息滞后，增加了群众的负担。,建议调取台江区人社局的办事指南更新记录、工作人员培训记录、以及群众反映问题的记录，以核实是否存在为了应付上级检查而增加一线无谓负担的情况。,投诉内容反映了办事指南与实际执行不符的问题，导致群众多次往返奔波，增加了群众的负担。这可能是因为为了应付上级检查或考核，基层工作人员在实际操作中未能及时更新办事指南，导致信息滞后，增加了群众的负担。,qwen2.5vl:7b,full,HIGH,[],2026-08-10 03:46:33.722186
SM26070420015,大田县湖美乡旺建水厂违规实施，隐瞒全村村民私自签订,"1. 立即暂停旺建水厂施工、立项推进流程；

2. 核查村民代表会议原始记录、签到表、表决票，核实是否真实通过该项目；

3. 核查项目公示、征求群众意见完整材料，确认是否履行村务公开程序；

4. 评估水厂建设对全村水源、生活用水、农田灌溉的影响，出具水资源评估报告；

5. 对村干部违规私下操作、跳过民主程序行为依规追责；

6. 组织全体村民重新召开合法村民代表会议，充分征求民意后再决定项目是否落地。

7.湖美乡政府对于现在村民 反馈意见不听，不采纳，关闭村民上访通道。

8. 帮忙调查村干部是否还存在其他的利益输送。

以上，请政府为旺建村村民做主，还村民的饮用水及农田灌溉的水。感谢！！！",2026-07-04 02:08:47,三明市,大田县,大田县湖美乡人民政府,形式主义为基层减负,层层加码/一刀切,为了应付上级检查/考核/指标而增加一线无谓负担,0.8,"['村民权益', '民主程序', '利益输送']",该条目描述了村民反映的水厂建设过程中存在的利益输送和民主程序缺失问题，反映了基层在项目推进过程中为了应付上级检查而可能存在的层层加码和一刀切现象。,调取村民代表会议原始记录、签到表、表决票等材料，核查项目公示、征求群众意见完整材料，以及相关利益输送的证据。,该条目描述了基层在项目推进过程中为了应付上级检查而可能存在的层层加码和一刀切现象，符合核心判断逻辑。,qwen2.5vl:7b,full,HIGH,[],2026-08-10 03:44:40.297651
FZ26070323398,关于投诉12315不受理仓山区城门镇的个人商家消费纠纷的问题,诉求编号：（ FZ26070221144），答复收悉。对答复不满意。部门完全没有和我联系，也不了解事情经过，要求福州市部门介入处理，要求告知仓山区12345中心的联系，福州市12345和仓山区12345弄虚作假，不为老百姓处理事情，部门互相推诿，5月25号我第一次反映叫我找12315，我拨打了，还是没有处理，已经过去40多天了，市级转给区级，问题都没有进展，没有处理，弄虚作假，搞形式主义，市长和区长会看见吗，仓山区12345还不和我联系，都没有处理，继续投诉。,2026-07-03 19:38:43,福州市,仓山区,"仓山区12345中心
仓山区12345中心",形式主义为基层减负,评比创建/证明/借调,为了应付上级检查/考核/指标而增加一线无谓负担,0.8,"['评比创建', '证明', '借调']",该条目反映12345中心在处理消费者投诉时存在形式主义，没有及时处理消费者投诉，导致消费者多次投诉，反映了为了应付上级检查/考核/指标而增加一线无谓负担的问题。,建议调取12345中心的投诉处理记录，了解其处理投诉的具体流程和时间，以及是否存在形式主义行为。,该条目反映了12345中心在处理消费者投诉时存在形式主义，没有及时处理消费者投诉，反映了为了应付上级检查/考核/指标而增加一线无谓负担的问题。,qwen2.5vl:7b,full,HIGH,[],2026-08-10 03:18:25.836020
ND26070320624,投诉部门无视七十多次诉求问题（请求12345平台履行热线独立督办职权，核查承办单位敷衍答复，恶意引导群众通过司法途径或其他途径规避行政监管职责问题）,郭先生来电反映，他对FZ26062923826诉求处理不满意，他对宁德市12345中心工作处理不满意，老百姓进线70多次反映这些问题，为什么宁德市12345中心还是“已依法依规予以答复”办结，敷衍应付老百姓、无视诉求，导致他的问题得不到公平公正合理的解决？请问宁德市12345中心的领导在审核什么？还是存在官官相护？宁德市政府都是这么腐败吗？现希望部门积极配合解决问题，请上级领导督促相关单位，对他反映的问题做出实质性的回复，并正视问题的处理。 “根据《国务院办公厅关于进一步优化地方政务服务便民热线的指导意见》（国办发〔2020〕53号）原文规定不受理已进入信访渠道的事项，这里的关键限定词是正在进入、正在办理过程中的信访事项，文件没有写信访已经办结出具答复意见书后群众不能再来12345提交监督督办诉求。（国办函〔2025〕66号）（2025年新规）明确禁止简单分流一刀切推诿群众诉求，要求区分诉求是否新增监督、问责、督办新内容，不能仅因历史有信访单号直接打发群众”。此外，他于7月2日向宁德12345平台反映的诉求件ND26070220723，承办部门多次答复内容一致，均为模板化回复，未就其具体问题予以实质性回应与解决。现就该部门敷衍答复、流于形式的问题提出正式投诉。现希望有关部门调查核实，并督促其重新认真办理。烦请相关部门核实处理。（群众要求将该诉求件批转至福建省12345办理）,2026-07-03 19:19:37,宁德市,,"宁德市12345中心
宁德市12345中心",形式主义为基层减负,评比创建/证明/借调,为了应付上级检查/考核/指标而增加一线无谓负担,0.8,"['投诉', '敷衍答复', '模板化回复']",该条目反映的是12345平台在处理群众诉求时存在敷衍答复、模板化回复等问题，可能与上级检查或考核有关，增加了基层负担。,建议调取12345平台的工单记录、领导审核记录、群众反馈记录等材料，以核实是否存在敷衍答复、模板化回复等问题。,该条目反映的是12345平台在处理群众诉求时存在敷衍答复、模板化回复等问题，可能与上级检查或考核有关，增加了基层负担。,qwen2.5vl:7b,full,HIGH,[],2026-08-10 03:18:55.426234
FZ26070222394,职称考核,"您好，我是鼓楼区一所学校的教师，我要反映鼓楼区教育局，本次职称考核通知时间安排极度仓促，希望能够延长准备时间。

今天上午10点才收到考核通知，后天就要开展职称考核。现在还未放暑假，今明天我们还要处理离校的各项收尾工作，明天学校要闭学式，有大量事务需要完成。往年职称考核，都会留给我们大概一周的时间准备时间，而今年没有给老师任何准备时间，给老师巨大的心理压力。
我郑重诉求，恳请教育局酌情延后考核时间，至少给到我们一周的准备周期，麻烦帮忙登记我的诉求并向上反馈，期待尽快得到回复。",2026-07-02 16:12:49,福州市,鼓楼区,福州市鼓楼区教育局,形式主义为基层减负,会议文件泛滥/层层陪会,为了应付上级职称考核而增加一线无谓负担,0.8,"['职称考核', '准备时间不足']",该条目反映的是鼓楼区教育局在职称考核中安排时间仓促，给教师准备时间不足，增加了教师的负担。这符合为了应付上级检查/考核/指标而增加一线无谓负担的定义。,建议调取职称考核通知文件、教师的准备材料以及教育局的考核安排记录，以核实教师准备时间不足的情况。,投诉内容涉及为了应对上级职称考核而安排时间仓促，增加了教师的负担。,qwen2.5vl:7b,full,HIGH,[],2026-08-10 03:06:05.349218
FZ26070220651,针对福州市洪山镇政府物业的以及福屿社区的上门核实行为模式化，敷衍。未尽到核实责任的投诉,"1 社区上门核实业主大会事项时间都在工作日，户主基本不在家，属于走程序，未尽到核实职责
2  星城国际大部分业主都是出租，户主本人并未住在星城国际，上门核实结果不准确
此番行为无效化，走程序，未实事求是
请社区统一让业主使用,e福州，由本人登录核实业主大会议题并线上投票，请勿使用这种无价值的走形式的合适方式！",2026-07-02 09:42:40,福州市,鼓楼区,福州市鼓楼区洪山镇人民政府,形式主义为基层减负,台账留痕迎检,为了应付上级检查/考核/指标而增加一线无谓负担,0.8,"['台账留痕', '迎检', '形式主义']",该条目反映社区上门核实业主大会事项时存在走程序、敷衍的情况，属于为了应付上级检查而增加基层负担的形式主义问题。关键现象是社区未尽到核实职责，只走形式，未实事求是。因果链条是上级检查/考核/指标要求社区进行上门核实，但社区为了应付而采取走程序的方式，增加了基层负担。,建议调取社区上门核实业主大会事项的相关记录，了解核实过程和结果，以及上级检查/考核/指标的具体要求。,投诉内容反映社区为了应付上级检查而采取走程序、敷衍的方式，增加了基层负担，符合形式主义为基层增加负担的判断逻辑。,qwen2.5vl:7b,full,HIGH,[],2026-08-10 02:41:34.699461
ND26063020670,住建局和蕉南街道办不作为的投诉,"依据《福建省物业管理规定》、《福建省住宅小区公共收益管理办法》，蕉城区蕉南街道富贵世家小区存在公共收益账目不清、业委会任期届满未换届等问题，多次向住建局主管部门和街道办反映，其扯皮推诿，搞形式主义，从未有效解决反映的问题。
《福建省住宅小区公共收益管理办法》：1. 明确建设单位、物业服务企业或者其他管理人等利用住宅小区业主的共有部分所产生的公共收益归全体业主共有；2. 物业服务合同未约定的住宅小区共有部分经营事项，应当经业主依法共同决定，并签订合同或者协议，作为物业服务合同的有效组成部分，向当地物业管理主管部门报备；3. 业主委员会任期届满，未按照规定进行公共收益收支情况公示、清查、审计、移交的，街道办事处（乡镇人民政府）应当开展调查核实，查证属实的，责令业主委员会限期改正，业主委员会拒不改正的，街道办事处（乡镇人民政府）应当将相关证据移交至县（市、区）人民政府物业管理主管部门，由县（市、区）人民政府物业管理主管部门会同有关部门依法予以查处，并向全体业主公告。
业主反映的事实情况有理有据，有法可依，住建局和街道办却一再推脱“小区属于自治”，对违法违规行为置若惘然，以“已依法依规答复”，却从未“依法依规办理”解决问题、
现要求住建局和街道办按条例依法依规办理违法违规问题。",2026-06-30 18:36:27,宁德市,蕉城区,"蕉城区12345中心
蕉城区12345中心",形式主义为基层减负,层层加码/一刀切,为了应付上级检查/考核/指标而增加一线无谓负担,0.8,"['推诿扯皮', '形式主义', '业委会建设管理']",该条目反映了住建局和街道办在处理业委会建设管理问题时的推诿扯皮现象，且存在形式主义，未有效解决反映的问题。这可能是因为为了应付上级检查/考核/指标而增加了基层无谓负担。,建议调取住建局和街道办在处理业委会建设管理问题时的相关文件、会议记录、工作台账等材料，以及与相关工作人员的谈话记录，以核实是否存在形式主义为基层增加负担的情况。,投诉内容涉及推诿扯皮和形式主义，且存在层层加码/一刀切的情况，符合核心判断逻辑。,qwen2.5vl:7b,full,HIGH,[],2026-08-10 02:14:27.124269
XM26063021336,有关顺丰快递员无法上岗的问题,其是厦门顺丰速运（轻工店）的快递员（地址：同安区禾山土楼里156号，工号：01186144，有签订劳动合同）。前几日，其向该网点的领导请假一天，该领导未批准，让其延后一天再请假，并威胁其如果当天不来，以后就不要再来上班了。其平日工作收、派快递件需通过顺丰的员工app打卡并收派件，但该领导锁了其账号的收、派件权限，让其无法正常上班和收、派件。且该领导一个月安排其休息两天，其向领导反映可否让其一周休息一天，领导告知其无法处理其要求一周休一天的问题。现其要求有关部门调查处理，让其正常上班及收、派件，并安排其每个礼拜休一天。,2026-06-30 11:53:54,厦门市,同安区,同安区人力资源和社会保障局,指尖形式主义,强制打卡/积分排名/在线时长/上传照片视频轨迹,为了应付上级检查/考核/指标而增加一线无谓负担,0.8,"['指尖形式主义', 'APP打卡', '在线时长']",该条目反映顺丰快递员因APP打卡权限被锁而无法正常上班的问题，属于指尖形式主义，为了应付上级检查/考核/指标而增加一线无谓负担。,建议调取顺丰快递员的APP打卡记录、上级检查/考核/指标的相关文件、以及顺丰快递员与上级领导的沟通记录。,该条目反映的是顺丰快递员因APP打卡权限被锁而无法正常上班的问题，属于指尖形式主义，为了应付上级检查/考核/指标而增加一线无谓负担。,qwen2.5vl:7b,full,HIGH,[],2026-08-10 02:00:00.608885
XM26063021212,对开元街道6月29日虚假走过场式办理回复提出异议，申请市级跨级督办，追责虚假荅复、敷衍包庇问题：,"本人完全不认可开元街道6月29日出具的答复，该答复多处捏造事实、核查流程严重违规，各项异议精简列明：
 
1. 核查主体不合规，办理流程形同笑话：
街道仅安排无物业、人防、维修资金专业知识的网格员独自核查本单全部复杂问题，网格员仅能跑腿传话，没有调取台账、认定违规的法定资质，看不懂相关法规，只能照搬物业、业委会单方面说辞就出具正式办结答复。外行处理专业纠纷，得出的结论完全没有公正性，本次核查流程当判定无效。经办人是网格员小鲍，其出具不实回复、核查刻意包庇相关人员，本人不再与其单独沟通，只接受市级、区督查室工作人员对接。
2. 虚构多次来电记录：
仅6月26日15:50街道呼出一通虚拟电话，我并未接到；当日17:20我两次回拨街道办公电话，全程无人接听。当晚18时12345平台主动回访，系统留存我的回拨记录，根本不存在街道多次致电我无人接听的情况，回复虚构沟通事实属于工单虚假填报。请街道出示6月26日虚拟电话完整呼出日志，无法提供则恳请思明区政府督查室追责经办人员。
3. 人防车库车位、公共租金收益（本人本次最核心诉求）：
小区共有六七十个人防车位，普通业主正常承租月租1000元，二十多年来长期存在人情赠车位、给历届业委会负责人免租、开发商变相售卖车位仅收少量管理费的乱象，导致全体业主人防公共收益巨额流失，全体业主均知情。
街道有权现场清点车位、调取租赁台账核对，本次却未实地摸排，仅凭物业口头说法就否认所有违规行为，明显包庇侵占公共资产人员。本次我会同步上传业主买车位作为证据，恳请上级部门现场逐户核查车位使用情况，清查长期免租、无偿占用、变相售卖人防车位行为，追回多年流失的公共租金收益。
4. 小区公共财务公示不实：
街道称业委会已完整公示收支，与事实不符。业委会仅张贴两张零散简易数据，未完整公示人防车位租金、电梯广告等全部公共收益总账，多名业主多次索要完整收支台账均被拖延拒绝。街道作为属地监管单位有权调取完整财务台账，却未督促业委会全面公示明细。我将上传业委会仅两张公示截图佐证，要求业委会7日内线上、公告栏同步公示近两年全部分项收支，开放业主查阅台账。

5. 拆分工程、转嫁业主资金规避维修资金监管：
街道答复信息严重滞后，未跟进投诉后变动。起初业委会打算自行承揽消防、电梯改造大额工程，拆分项目走小额维修资金渠道，还计划让业主额外自费出资，以此规避住建严格审核；在我投诉曝光后，业委会才临时将工程转交物业掩盖问题。拆分项目规避监管的方案并未取消，前期违规计划客观真实，不能因后期转手物业一笔带过，请核查原始工程方案，叫停违规拆分、转嫁业主资金的操作。

6. 电梯更换方案与线上投票违规：
业委会一刀切计划更换全部电梯，部分电梯无故障，无端浪费维修资金；同时委托非小区业委会人员使用无法律效力的小程序线上征集意见。要求立刻停止该不规范征询，组织线下合规业主表决。

7. 业委会履职不作为：
业主向业委会申请加装高空抛物监控，仅被主任口头回绝，未出具加盖公章的书面答复。请责令业委会提供正式书面回复。
此前多次反馈同类问题，开元街道、思明住建局自查流于形式，偏袒物业及业委会，存在属地包庇、循环敷衍处置问题。申请市级12345跨级督办，绕开属地原有自查流程，由市住建局物业监管处牵头、思明区政府督查室全程监督，彻查全部违规事项，逐条落实整改举措，从根源彻底化解长期积压的小区纠纷问题。
      补充申请：本工单与本人此前提交的多部门现场核查工单为同一小区同类纠纷，恳请后台人工将两单合并统一督办，谢谢！",2026-06-30 11:26:28,厦门市,思明区,厦门市思明区人民政府开元街道办事处,数据造假,虚假整改/迎检突击/边改边犯/不惩反奖,为了应付上级检查/考核/指标而增加一线无谓负担,0.8,"['虚假走过场式办理', '核查流程不合规', '工单虚假填报']",该条目详细描述了基层街道在处理业主投诉时，核查流程不合规，仅由网格员一人核查，且存在虚构来电记录等现象，反映了为了应付上级检查而增加一线无谓负担的问题。,建议调取街道核查流程的详细记录，以及6月26日虚拟电话的完整呼出日志，以核实是否存在虚假走过场式办理和工单虚假填报。,该条目详细描述了基层街道在处理业主投诉时，核查流程不合规，仅由网格员一人核查，且存在虚构来电记录等现象，反映了为了应付上级检查而增加一线无谓负担的问题。,qwen2.5vl:7b,full,HIGH,[],2026-08-10 02:00:57.077199
FZ26063020523,关于投诉派出所敷衍了事的问题,诉求编号：（FZ26061421654），答复收悉。对答复不满意。我的问题没有得到解决，派出所还是弄虚作假做形式，没有真正解决我的问题，继续投诉。,2026-06-30 09:17:44,福州市,晋安区,福州市公安局晋安分局,创建示范/达标,种类数量过多/未批准/运动式/作秀式/一阵风,为了应付上级检查/考核/指标而增加一线无谓负担,0.8,['评比创建证明借调'],该条目描述的是对派出所敷衍了事的投诉，涉及形式主义，可能是因为为了应付上级检查而增加了基层的负担。,建议调取派出所的考核文件、上级检查记录、相关会议记录等材料，以核实是否存在为了应付上级检查而增加基层负担的情况。,该条目描述的是对派出所敷衍了事的投诉，涉及形式主义，可能是因为为了应付上级检查而增加了基层的负担。,qwen2.5vl:7b,full,HIGH,[],2026-08-10 02:00:30.615962
FZ26063020525,关于投诉车辆违停福州市公安局交通警察支队弄虚作假形式主义问题,诉求编号：（FZ26061421652），答复收悉。对部门答复不满意，我的问题没有解决，做形式弄虚作假，继续投诉。,2026-06-30 09:17:44,福州市,晋安区,"福州市公安局交通警察支队
福州市公安局晋安分局",创建示范/达标,种类数量过多/未批准/运动式/作秀式/一阵风,为了应付上级检查/考核/指标而增加一线无谓负担,0.8,"['评比创建', '证明', '借调']",该条目反映的是对交通警察支队弄虚作假形式主义问题的投诉，表明为了应付上级检查/考核/指标而增加了基层无谓负担。,建议调取交通警察支队的考核指标、上级检查记录、相关证明材料等，以核实是否存在形式主义行为。,该条目明确指出交通警察支队存在弄虚作假形式主义问题，表明为了应付上级检查/考核/指标而增加了基层无谓负担。,qwen2.5vl:7b,full,HIGH,[],2026-08-10 01:50:26.427957
SM26062920412,本人实名投诉三明市清流县发展和改革局违规阻碍充电桩建设，行政不作为、乱作为。,"本公司在清流县选址场地权属、电力容量、消防、规划全部符合建设条件，完整提交全部申报材料。
依据国办发〔2023〕19号、发改能源规〔2022〕53号文件，国家明确要求简化充电设施审批、不得设置门槛、大力推进充电桩落地。但贵单位工作人员无合法政策与法律依据，无故拒绝备案、长期拖延办理、违规增设申报材料，刻意阻拦项目推进，违背国家新能源基础设施建设政策，人为增加群众办事阻力。",2026-06-29 17:36:44,三明市,清流县,清流县发展和改革局,盲目决策/形象工程,不顾实际上项目/盲目举债/挖山造田/有轨电车/农旅烂尾/违规占地,为了应付上级检查/考核/指标而增加一线无谓负担,0.8,"['充电桩建设', '行政不作为', '乱作为']",该条目描述的是发展和改革局工作人员无故拒绝备案、长期拖延办理、违规增设申报材料，违背国家新能源基础设施建设政策，人为增加群众办事阻力。这属于过度管控和盲目决策，为了应付上级检查而增加了基层的负担。,建议调取该单位的充电桩建设审批流程、相关政策文件、工作人员的访谈记录，以及与上级部门的沟通记录。,该条目描述的是基层单位为了应付上级检查而人为增加群众办事阻力，属于过度管控和盲目决策，增加了基层负担。,qwen2.5vl:7b,full,HIGH,[],2026-08-10 01:47:04.178896
PT26062921143,村镇干部不作为，推诿敷衍，失职渎职，违法违纪。,投诉人林友添于6月9日向贵平台投诉仙游县鲤南镇和大坂社区等镇村主干不作为，推诿敷衍，失职渎职，违法违的问题，鲤南镇政府作出回复，本投诉人不同意，问题未解决。6月27日，投诉人再次向市政府12345平台投诉，要求提交市政府办公室督查室督办，之后，诉求件批发转给仙游县12345中心，该中心没有督办，不作为，推诿塞责，层层庇护，6月29日就草率回复:鲤南镇己作出答复，就这样忽悠了事。本诉求人不同意仙游县12345中心的回复，问题始终没有解决，今天第三次向贵平台投诉，强烈要求提交市政府办公室督查室督办，实实在在公平公正为民办正事，敢于督办，勇于为民排忧解难，不要只搞案件周转批发等形式主义，切实发挥平台作用。谢谢。(投诉内容详见PT26060920959和PT26062720308编号),2026-06-29 17:30:58,莆田市,仙游县,"仙游县12345中心
仙游县12345中心",创建示范/达标,种类数量过多/未批准/运动式/作秀式/一阵风,为了应付上级检查/考核/指标而增加一线无谓负担,0.8,['农村居民纠纷'],该条目反映的是村镇干部不作为、推诿敷衍等问题，投诉人提到不要只搞案件周转批发等形式主义，切实发挥平台作用。这表明存在为了应付上级检查/考核/指标而增加一线无谓负担的情况。,建议调取市政府办公室督查室的督办记录，了解是否存在形式主义为基层增加负担的情况。,投诉人提到不要只搞案件周转批发等形式主义，表明存在为了应付上级检查/考核/指标而增加一线无谓负担的情况。,qwen2.5vl:7b,full,HIGH,[],2026-08-10 01:47:03.503039
XM26062922599,江头街道言而无信，弄虚作假，欺骗民众,"街道、城管默许小区无市政园林局批复，违规侵占公共绿地，前期整改虚假敷衍、履职缺位。本人已提交航拍图标注侵占位置及面积，但部门答复空洞，无整改对比照、补植台账，仅统计原有绿植谎称整改完工，侵害业主公共权益。

诉求：

依照承承诺补足绿地；整改后公示全套验收材料，明确绿化恢复面积；",2026-06-29 17:02:16,厦门市,湖里区,"湖里区12345中心
湖里区12345中心",数据造假,虚假整改/迎检突击/边改边犯/不惩反奖,为了应付上级检查/考核/指标而增加一线无谓负担,0.8,"['台账留痕', '虚假整改']",该条目反映的是街道和城管部门在整改过程中存在虚假整改的情况，为了应付上级检查而增加了基层的无谓负担。,建议调取街道和城管部门的整改台账、验收材料、补植台账等，以核实是否存在虚假整改的情况。,该条目反映的是街道和城管部门在整改过程中存在虚假整改的情况，为了应付上级检查而增加了基层的无谓负担。,qwen2.5vl:7b,full,HIGH,[],2026-08-10 01:48:06.465358
XM26062821534,申请更换班主任的情况说明,"尊敬的教育局领导及学校领导：

您好！我们是四年4班学生家长。本学期已结束，孩子即将升入五年级关键学段。早在期末前一个月，我们家长已发现班级诸多问题，为不影响孩子期末备考心态与考试成绩，一直隐忍未反馈。现本着对全体孩子教育负责的态度，如实反映本学期班级管理问题，恳请领导在新学期为我班更换新任班主任。

本学期班主任不当的言行与管理方式，已让大部分孩子产生反感、抵触心理，不再信任老师，严重破坏师生关系和班级风气。为保障孩子五年级身心健康与学业稳定发展，现将具体情况说明如下：

一、长期输出消极言论，对班级存有偏见
该老师自接手本班之初，便多次流露不愿带班的想法，首次家长会就坦言自己并不愿意接手本班，曾多次向学校推辞。本班为三年级重新整合的新班级，各班均有自律性较弱的学生，属于正常现象，老师不应带着固有偏见对待全班学生。

临近期末，该老师多次在班级向学生宣泄负面情绪，告知学生若对其不满可让家长投诉，并多次表示已向学校申请不再任教本班。四年级孩子心智尚未成熟，长期接收此类消极言论，导致学生心态不安、专注力下降，严重影响班级学习氛围。

二、处理学生矛盾敷衍，丧失学生信任

孩子回家反映，在校与同学发生矛盾时，我们家长教导孩子主动求助老师，但孩子普遍表示：“老师不管，找老师没用。”
该老师处理学生纠纷时，经常不分对错责任，一概笼统处罚。无公正、正向的教育引导，致使受委屈的孩子心生落差与不公感。久而久之，孩子遇事不敢求助、不愿沟通，彻底失去了班主任调解矛盾、育人引导的作用。

三、早读、午阅经常脱岗，履职不到位

据孩子反映：每日早上8点10分左右、下午14点10分左右到校，早读，午阅时段，本班班主任经常不在岗，班级纪律、秩序均由午餐家长代管，维持纪律，该情况已长期存在。

恳请领导核实：全校早读、午阅为统一教学管理时段，是否所有班主任均无需在岗？还是仅我班存在班主任长期脱岗，固定值守时间长期缺位，属于明显履职不到位。

五年级是小学学业提升、习惯定型的关键阶段，需要责任心强、情绪稳定、处事公正、在岗尽责的班主任带领。现任班主任带班带有偏见、言行消极、管理敷衍、长期脱岗，已不适合继续跟班任教我班五年级。

作为家长，我们不清楚学校对接反馈渠道，不知道该找学校哪个部门、哪位领导沟通，同时也十分顾虑孩子在校会被针对，万般无奈只能通过此种方式如实反馈问题，只求问题能够得到正视与解决，为全体孩子争取一个良好的学习成长环境。

为此，全体家长提出诉求：
1、恳请学校新学期为四年4班更换新任班主任，重塑优良班风学风，保障孩子高年级安心学习、健康成长。
2、对现任班主任开展师德师风教育，规范言行举止，杜绝在班级宣泄负面情绪、传递消极思想。
3、严格落实早读、午阅在岗制度，杜绝班主任脱岗缺位问题，规范班级日常管理。

以上情况全部属实，我们只为给全体孩子营造公正、稳定、优质的学习环境。恳请各位领导核实实情、统筹调整、妥善处理。

感谢教育局及学校领导的理解与妥善安排！",2026-06-28 18:18:14,厦门市,翔安区,翔安区教育局,创建示范/达标,种类数量过多/未批准/运动式/作秀式/一阵风,为了应付上级检查/考核/指标而增加一线无谓负担,0.8,"['师德师风', '教育管理']",该条目反映的是家长对班主任工作不满，涉及教育管理中的评比和证明问题，可能为了应付上级检查而增加了基层负担。,建议调取学校教育管理文件、班主任工作记录、家长反馈记录等，以核实是否存在为了应付上级检查而增加基层负担的情况。,该条目反映的是教育管理中的评比和证明问题，可能为了应付上级检查而增加了基层负担。,qwen2.5vl:7b,full,HIGH,[],2026-08-10 01:20:30.725761
NP26062620621,投诉：邵武市无房证明盖章问题,1、2004年我户口从邵武市迁到厦门，我当时居住在邵武才13岁，没有买房，名下也没有任何房产，现在需要原户籍所在地开具当时居住在这里的无土地资产和无房证明，我通过闽政通APP打印出无房证明，需要昭阳街道和公太社区盖章，第一次街道和社区以没见过闽政通APP打印的无房证明电子档为由拒绝盖章，要求我回到邵武当地打印，我已经询问过房管所，房管所工作人员告知带电子档证明可以使用，工作人员说会帮我去和街道、社区沟通，但家里亲戚今天下午再去街道和社区，还是被他们以没见过电子档证明为由拒绝盖章，一在要求我本人到现场办理，2、办事效率太慢，已经2天，街道和社区未履行一次性告知义务，导致跑了两天都没有办理下来，我所有材料都齐了，但还是以打印的电子档证明没有见过为由拒绝盖章，街道告诉我说周一会给我一个定论，如果周一上午没有解决好，我就向效能办、纪委投诉热线投诉、上社交媒体平台曝光，请处理。,2026-06-26 18:46:51,南平市,邵武市,"邵武市12345中心
邵武市12345中心",指尖形式主义,强制打卡/积分排名/在线时长/上传照片视频轨迹,为了应付上级检查/考核/指标而增加一线无谓负担,0.8,"['证明办理', '电子证明', '基层负担']",该投诉涉及基层办事效率低，需要盖章的无房证明通过电子档打印，但基层工作人员以没见过电子档为由拒绝盖章，增加了基层负担。这属于为了应付上级检查/考核/指标而增加一线无谓负担的情况。,建议调取街道和社区盖章的流程和相关文件，了解他们是否对电子档证明有明确的接受标准。,投诉内容涉及基层办事效率低，需要盖章的无房证明通过电子档打印，但基层工作人员以没见过电子档为由拒绝盖章，增加了基层负担。,qwen2.5vl:7b,full,HIGH,[],2026-08-10 00:34:04.167394
SM26062620238,投诉：村干部的问题,诉求人反映大田县湖美乡旺建村的廖姓村书记在旺建村水厂建设项目中弄虚作假，虚构村干部投票的情况。因为现在有村民代表反映从未参会，也未投票，想请部门核实是否有召开过村民代表大会，并公示会议纪要。如果查实确属弄虚作假，希望对村干部依法依规进行处理，谢谢！,2026-06-26 13:47:40,三明市,大田县,大田县湖美乡人民政府,创建示范/达标,种类数量过多/未批准/运动式/作秀式/一阵风,为了应付上级检查/考核/指标而增加一线无谓负担,0.8,"['弄虚作假', '基层负担']",该投诉内容涉及村干部在水厂建设项目中弄虚作假，虚构投票情况，反映了为了应付上级检查而增加基层负担的现象。关键现象是通过虚假手段来满足上级要求，导致基层负担增加。因果链条为：为了应付上级检查，村干部虚构投票情况，增加了基层负担。,建议调取水厂建设项目相关的会议纪要、投票记录等材料，以及与村干部的谈话记录，以核实是否存在弄虚作假行为。,投诉内容涉及弄虚作假，反映了为了应付上级检查而增加基层负担的情况，符合核心判断逻辑。,qwen2.5vl:7b,full,HIGH,[],2026-08-10 00:48:46.921111
SM26062620179,在平台反应宁化县翠江镇永信问题反应得不到解决，社区工作人员敷衍了事,宁化永信时代在平台反应多次问题没有解决，社区人员回复敷衍。不同的处理时间同一张照片，问题没解决就回复已办理。,2026-06-26 11:53:15,三明市,宁化县,"三明市12345中心
三明市12345中心",创建示范/达标,种类数量过多/未批准/运动式/作秀式/一阵风,为了应付上级检查/考核/指标而增加一线无谓负担,0.8,"['评比创建', '证明', '借调']",该条目反映的是社区工作人员敷衍了事，同一张照片处理多次，问题未解决就回复已办理，这可能与上级检查或考核有关，增加了基层工作人员的负担。,建议调取社区工作人员的考核记录、上级检查或考核的相关文件，以及社区工作人员的访谈记录。,该条目反映的是社区工作人员敷衍了事，同一张照片处理多次，问题未解决就回复已办理，这可能与上级检查或考核有关，增加了基层工作人员的负担。,qwen2.5vl:7b,full,HIGH,[],2026-08-10 00:40:02.695414
PT26062520260,诉求内容： 本人注意到：本事项在“办理部门为12345中心”的情况下，回复内容却完全来源于城厢公安分局，且未见12345平台对该回复进行任何独立审核或复核说明。  该处理方式实质上是将投诉事项直接交由,"诉求内容：
本人注意到：本事项在“办理部门为12345中心”的情况下，回复内容却完全来源于城厢公安分局，且未见12345平台对该回复进行任何独立审核或复核说明。

该处理方式实质上是将投诉事项直接交由被投诉单位自行认定并通过平台发布，导致“平台转办=原单位自我结论”的结果，已明显偏离12345平台应有的监督与协调职责。

同时，多次不同事项均出现内容高度一致的模板化回复，进一步说明平台未履行实质审查义务。

本人认为：  
该类处理方式已构成程序性不当，属于形式化履职，不能视为有效答复。

现要求：  
1. 明确说明12345平台在本事项中的审核过程；  
2. 提供是否进行独立复核的依据；  
3. 如未复核，请说明理由并移交上级督查机构处理。",2026-06-25 09:50:34,莆田市,城厢区,"城厢区12345中心
城厢区12345中心",数据造假,虚假整改/迎检突击/边改边犯/不惩反奖,为了应付上级检查/考核/指标而增加一线无谓负担,0.8,"['台账留痕', '数据造假']",该条目反映的是12345平台在处理投诉时存在模板化回复和未履行独立审核义务的情况，属于为了应付上级检查/考核/指标而增加一线无谓负担。,建议调取12345平台的后台数据，查看是否存在模板化回复的情况；同时，可以找12345平台的工作人员了解其审核流程和复核机制。,该条目反映的是12345平台在处理投诉时存在模板化回复和未履行独立审核义务的情况，属于为了应付上级检查/考核/指标而增加一线无谓负担。,qwen2.5vl:7b,full,HIGH,[],2026-08-10 00:30:24.148623
QZ26062421471,泉州市丰泽区基层派出所文职辅警值班是否需在办案区看管嫌疑人？,"关于基层派出所混岗使用文职辅警，安排文职从事勤务辅警专属看管嫌疑人工作，权责薪酬不对等，违反福建省辅警管理条例是否成立？
我单位该现象已出现三个月之久，会议协商未果告知是上级单位做出的要求，现办案区看管嫌疑人已成为常态化纳入日常值班和固定排班。",2026-06-24 18:58:04,泉州市,丰泽区,"泉州市12345中心
泉州市12345中心",精简会议,会议数量过多/层层召开/文山会海/年底扎堆/未批准直达基层,为了应付上级检查/考核/指标而增加一线无谓负担,0.8,"['辅警管理', '权责薪酬不对等', '基层派出所']",该条目反映的是基层派出所文职辅警被安排从事勤务辅警专属看管嫌疑人工作，且该现象已持续三个月，且会议协商未果，表明存在为了应付上级检查而增加一线无谓负担的情况。,建议调取会议记录、辅警管理规定、上级单位要求文件等材料，以核实是否存在为了应付上级检查而增加一线无谓负担的情况。,该条目反映的是基层派出所文职辅警被安排从事勤务辅警专属看管嫌疑人工作，且该现象已持续三个月，且会议协商未果，表明存在为了应付上级检查而增加一线无谓负担的情况。,qwen2.5vl:7b,full,HIGH,[],2026-08-10 00:05:40.468319
FZ26062323663,FZ26061123896避重就轻、虚假整改。只有现场照片无整改照片。,反馈第一张照片后，根本没有整改照片，往道路旁边拍了张。今天23日晚我拍的。这弄虚作假也太严重了吧！请马上整改。不要拖。根本没有路权了。无法无天。城管是否有存在利益关系，为什么迟迟不处理。,2026-06-23 21:01:54,福州市,仓山区,"仓山区12345中心
仓山区12345中心",数据造假,虚假整改/迎检突击/边改边犯/不惩反奖,为了应付上级检查/考核/指标而增加一线无谓负担,0.8,"['虚假整改', '现场照片无整改照片']",该条目反映的是城管部门在整改过程中存在弄虚作假的情况，只有现场照片而无整改照片，这可能为了应付上级检查而增加了基层的无谓负担。,建议调取城管部门的整改记录、照片等材料，以及与相关工作人员的谈话记录，以核实是否存在弄虚作假的情况。,该条目反映的是为了应付上级检查而存在弄虚作假的情况，属于台账留痕迎检类型。,qwen2.5vl:7b,full,HIGH,[],2026-08-09 23:36:55.834028
FZ26062322307,关于茶园山小学2026年秋季一年级新生异地过渡办学的投诉书(双孩家庭),"投诉事由：坚决异议茶园山小学2026年9月一年级新生前往怡山小学异地过渡就读的不合理安排，该方案无视学区房购房权益、严重加重双孩家庭接送负担与生活压力，决策仓促且缺乏民意基础，恳请教育局介入核查、叫停并优化调整办学方案

尊敬的教育局领导：
您好！本人为茶园山小学在读学生家长，家中另有一名适龄儿童将于2026年9月正式入读小学一年级。为严格落实片区入学政策、保障孩子就近享受本校优质教育资源、便捷照料孩子求学起居，本人耗费巨大资金购置茶园山小学对应学区房产，初衷便是让两个孩子同校就读、就近入学，规避跨区求学的各类不便。
近日，本人通过茶园山小学在职老师通知获悉，学校2026年秋季所有一年级新生，将统一安排至怡山小学异地过渡就读，而往年老生继续留在茶园山本校就读。该突发办学调整，直接导致我家两个孩子被迫拆分至两所不同校区上学。作为倾尽财力购置学区房的双孩家庭，我们对此次一刀切的异地办学安排极度不理解、不认可、不接受，该决策严重损害片区家长合法权益、脱离群众实际生活，给家庭带来沉重负担，现正式向贵局实名投诉，恳请领导高度重视、介入核查、妥善处置。
而且近年来都是六年级学生过度去杨桥中学上学，怎么说都还能算是对对口中学的提前适应和习惯，此次让一年级幼童去完全不相干的小学就读，实在没法理解。小学低龄孩子自我保护能力薄弱，上下学必须由家长全程陪护。双校区异地就读，大幅拉长每日通勤路程与时长，早晚高峰车流、人流密集，交通拥堵频发，极大增加了孩子上下学的交通安全隐患。
再者，茶园山小学已经有教学楼在动工，至今也没看到进展。

此次新生异地过渡办学安排，完全背离学区房入学初衷，彻底打破家庭稳定生活节奏，给双孩家庭带来不可逆的生活、安全、教育多重困境。

恳请教育局立即介入核查茶园山小学2026年新生异地过渡办学方案的合理性与合规性，叫停本次不合理、不人性化的跨校区就读安排。",2026-06-23 15:42:09,福州市,鼓楼区,福州市鼓楼区教育局,权责不清/甩锅,清单外事项下放/签责任状转嫁/属地管理甩锅,为了应付上级检查/考核/指标而增加一线无谓负担,0.8,"['层层加码', '一刀切']",该投诉涉及基层教育机构在没有充分考虑家长和学生实际情况的情况下，一刀切地安排新生异地过渡就读，增加了家长的接送负担和生活压力。这种做法可能是在上级检查或考核压力下，基层教育机构为了完成任务而采取的过度管控措施。,建议调取教育局关于新生异地过渡就读的决策文件、会议记录、相关通知等，以及与基层教育机构负责人的谈话记录，以核实是否存在为了应付上级检查而增加基层负担的情况。,投诉内容涉及基层教育机构在没有充分考虑家长和学生实际情况的情况下，一刀切地安排新生异地过渡就读，增加了家长的接送负担和生活压力。这种做法可能是在上级检查或考核压力下，基层教育机构为了完成任务而采取的过度管控措施。,qwen2.5vl:7b,full,HIGH,[],2026-08-09 23:45:55.930181
FZ26062223712,上海新苑社区的小微权力监督群长期不理不睬居民在群里反映的各种问题，形同虚设。,上海新苑社区的小微权力监督群长期不理不睬居民在群里反映的各种问题，形同虚设。整天只会在群里发布一下公告和各种工作细节，这些都是正常履行的工作有必要吗？对居民提出的问题，物业不理睬，而社区值班人员也不管，甚至社区主任也是不理不睬。请问居民要求物业人员的群名标明有错吗，正常的小区这种居民群，社区人员和物业人员都有标明单位职务，而这个群根本不知道谁是物业管理人员，那这些人在群里有必要吗？包括社区工作人员，既然对居民诉求不理睬那在群里有意思吗？另外有居民反映隔壁的幼儿园靠6号楼一侧养很多的鸡鸭，六号楼边上通道都是臭味，社区也不理不睬。如果社区和物业不标识标识每天象征性的值班，剩下时间都是潜水，那这个群就是为了满足政务任务的形式主义吗？,2026-06-22 20:26:45,福州市,台江区,福州市台江区人民政府上海街道办事处,指尖形式主义,强制打卡/积分排名/在线时长/上传照片视频轨迹,为了应付上级检查/考核/指标而增加一线无谓负担,0.8,"['指尖形式主义', '社区管理']",该条目反映的是社区管理群形同虚设，社区人员和物业人员在群里不履行职责，可能为了应付上级检查而增加基层负担。,建议调取社区管理群的聊天记录，了解社区人员和物业人员在群里的实际履职情况。,该条目反映的是社区管理群形同虚设，可能为了应付上级检查而增加基层负担。,qwen2.5vl:7b,full,HIGH,[],2026-08-09 23:07:11.541647
FJ26062220147,多户民众向12345投诉肖玉树违规占地确无人跟进处理，明明违规占地相关政府人员不处理，涵江12345工作人员不明确事实真相，次次退回诉求以同样话术回复,请涵江12345继续传达相关问题，你不传达下去，相关部门如何解决，而不是推脱给纪检单位。 1、肖玉树户2023年5月违规搭建围墙投诉至今无人处理，该围墙位署及周边，以前为我户及其他村民旧厕所位置。去年向村委寻求帮助时，村里解释九几年“厕改”时上述位置已收归国有，并明确说明肖玉树户未有报批手续，即肖玉树搭建围墙行为违法，请相关部门依法拆除，相关部门也明确回复说，涉及利益帮忙解决，结果上一条这么说，下一条回复又是推卸责任，请相关部门履行职责。 2、投诉跟进此项工作的政府相关人员，该投诉未办结，已被无故关闭510次投诉通道，未完成的诉求就按完成结案。 3、多户乡民向12345投诉肖玉树违规占地，你们确至今都是不处理。,2026-06-22 15:41:03,莆田市,涵江区,"涵江区12345中心
涵江区12345中心",权责不清/甩锅,清单外事项下放/签责任状转嫁/属地管理甩锅,为了应付上级检查/考核/指标而增加一线无谓负担,0.8,"['层层加码', '一刀切']",该投诉反映政府工作人员对违规占地问题的处理不力，存在层层推诿现象，属于层层加码/一刀切的表现。投诉中提到的多次投诉被无故关闭，说明存在为了应付上级检查而增加基层负担的情况。,建议调取相关政府工作人员的处理记录，了解是否存在层层推诿和无故关闭投诉通道的情况。,投诉内容涉及政府工作人员对违规占地问题的处理不力，存在层层推诿现象，属于层层加码/一刀切的表现。,qwen2.5vl:7b,full,HIGH,[],2026-08-09 23:21:31.766411
FJ26062220135,对省直工单（FJ26060120171）的结案结果强烈不认可，现正式申请省效能办提级督办。,"第一，被举报人刘启斌作为基层经办人，严重违反《信访工作条例》第三十一条，至今明确拒绝向我出具加盖教育局公章的书面处理意见书；
第二，基层单位在没有下发任何法定书面文书、且拒收我方核心证据的情况下，单方面在省平台点击‘办理完毕’，这是明目张胆的弄虚作假、欺上瞒下！ 我的督办诉求是： 拒绝程序空转，请不要将工单退回古田县教育局原班人马手中。强烈要求市级或省级效能督查部门介入，责令古田县教育局依法履职，必须向我出具正式的书面处理决定！”",2026-06-22 15:29:20,宁德市,古田县,"古田县12345中心
古田县12345中心",数据造假,虚假整改/迎检突击/边改边犯/不惩反奖,为了应付上级检查/考核/指标而增加一线无谓负担,0.8,"['弄虚作假', '台账留痕', '数据造假']",该条目反映的是基层单位在处理信访工单时存在弄虚作假、欺上瞒下的现象，属于为了应付上级检查而增加基层负担。基层单位在没有下发任何法定书面文书、且拒收核心证据的情况下，单方面在省平台点击‘办理完毕’，这表明存在台账留痕和数据造假的问题。,建议调取信访工单的处理记录、相关书面处理意见书、信访工单的系统记录以及相关工作人员的工作记录，以核实是否存在弄虚作假、台账留痕和数据造假的情况。,该条目反映的是基层单位在处理信访工单时存在弄虚作假、台账留痕和数据造假的问题，属于为了应付上级检查而增加基层负担。,qwen2.5vl:7b,full,HIGH,[],2026-08-09 23:22:03.049308
ND26062220405,投诉平台相关问题,陈先生来电反映，其此前通过宁德市12345平台提交诉求（编号：ND26061820538），并已在诉求中明确注明“请交由相关职能部门处理，勿直接批转至企业”。然而，该诉求仍被平台批转至涉事企业处理，未按反映人意愿进行流转。对此，其提出以下质疑：一、关于属地监管责任的缺位问题。该诉求所涉事项存在紧急安全隐患，属地及相关职能部门在日常巡查监管中为何未能及时发现并处置？二、关于工单流转的合规性问题。此类涉及安全隐患的诉求本应由职能部门直接处理，为何被批转至一家并未实质性开展工作的企业？此举是否存在回避行政监管责任的考量？工单流转方式是否符合规范？三、关于考核机制的问题。企业不纳入12345满意率考核，将诉求转至企业处理客观上降低了职能部门的问责压力，其质疑此举是否为部分单位推诿责任的便利途径。其认为平台未尊重反映人明确诉求意愿，企业自行处理既缺乏公信力，亦难以实质性解决问题。现就平台批转不当一事提出投诉，要求对上述问题给予合理答复并回电说明，同时将该诉求件重新批转至对应职能部门处理，烦请相关部门核实处理。（群众要求部门电话联系）,2026-06-22 15:17:53,宁德市,,"蕉城区12345中心
蕉城区12345中心",权责不清/甩锅,清单外事项下放/签责任状转嫁/属地管理甩锅,为了应付上级检查/考核/指标而增加一线无谓负担,0.8,"['工单流转', '考核机制']",该条目反映的是12345平台工单流转不当的问题，诉求者质疑平台未尊重反映人意愿，企业自行处理缺乏公信力，且可能推诿责任。这反映了为了应付上级检查/考核/指标而增加一线无谓负担的问题。,建议调取12345平台的工单流转记录，了解工单流转的具体情况；询问相关职能部门和企业，了解工单流转的合规性和考核机制。,该条目反映了工单流转不当的问题，属于为了应付上级检查/考核/指标而增加一线无谓负担。,qwen2.5vl:7b,full,HIGH,[],2026-08-09 23:22:13.074600
FZ26062221892,投诉十八中学油印质量差，经办人员弄虚作假。,"本人于 2026 年 6 月 9 日通过 12345 平台反映学校油印字迹模糊、打印纸张灰度不达标，影响学生学习的问题。福州市教育局于 2026 年 6 月 18 日回复投诉单，文中明确写明 “经与诉求人电话沟通联系”，但本人在投诉单派发至办结，从未接到福州市教育局、涉事学校工作人员任何回访电话，不存在电话沟通的情况，该回复内容虚假，与实际情况严重不符。答复中 “电话沟通诉求人” 为完全虚构的工作流程，属于虚假办结材料。承办单位在未联系诉求人、未核实真实情况的前提下，直接编造沟通记录、笼统出具整改说辞，严重违背政务工作实事求是原则。连基础的回访沟通工作都弄虚作假，校方所谓专人巡查耗材、常态化管控印刷质量、后续更新设备等整改承诺缺乏可信度，有走过场、应付工单之嫌。
  本人诉求如下：
1、请福州市教育局调取本次工单全部回访记录、通话详情凭证，核实有无拨打本人电话，并向本人出示相关凭证；
2、要求福州市教育局针对“为何在未联系诉求人的情况下虚构沟通事实”行为作出合理解释与整改承诺。
3、鉴于承办单位存在明显的回复造假行为，我要求福州市12345中心对该投诉单的办理情况进行重新核实。
4、安排教育局相关工作人员及学生家长代表及本人重新到校实地核查该校油印耗材补给、设备检修、日常管理制度落实情况，提供复查现场情况说明；
5、请上级相关部门严查此类形式主义作风，督促相关部门如实反馈，维护学生与老师的合法权益。",2026-06-22 14:08:37,福州市,鼓楼区,福州市教育局,创建示范/达标,种类数量过多/未批准/运动式/作秀式/一阵风,为了应付上级检查/考核/指标而增加一线无谓负担,0.8,"['评比创建', '证明', '借调']",该条目反映的是教育局在处理投诉时存在虚假办结材料的情况，属于为了应付上级检查/考核/指标而增加一线无谓负担的形式主义问题。,建议调取本次工单全部回访记录、通话详情凭证，核实有无拨打本人电话，并向本人出示相关凭证。,该条目反映了教育局在处理投诉时存在虚假办结材料的情况，属于为了应付上级检查/考核/指标而增加一线无谓负担的形式主义问题。,qwen2.5vl:7b,full,HIGH,[],2026-08-09 23:23:30.731231
ND26062220263,投诉工作人员问题,应女士来电反映，6月4日，她到蕉城区蕉北街道崇文社区（地址：蕉城区蕉北街道新佳坡步行街Ea栋2层）办理独生子女父母年老补助金领取事宜，因负责收集材料的工作人员参加培训，无法受理。6月8日，她拨打该社区电话（号码：0593-2822354），工作人员表示电脑故障，无法收集资料，随后她前往社区提交相关材料，但收集材料的工作人员只能使用其他人员电脑为其办理。期间，因她无法提供其母亲的下岗证明，导致业务未能办结。6月22日上午10时56分，该社区一名女性工作人员（群众无法提供更具体信息）通过上述电话联系她，并以威胁的口气称“今天傍晚6点前需提供下岗证明，若无法提交，此前提交的材料将作废”。她对此提出疑问：该社区通知其须于今日傍晚6点前补交下岗证明，但此项补助金的材料正常受理时间为2027年，为何期限提前如此之多？社区应服务群众，若工作人员存在刁难行为，群众如何敢通过社区办理业务？此外，她发现该社区工作人员于上午9点才到岗。现针对上述情况对该名女性工作人员进行投诉，烦请相关部门核实处理。,2026-06-22 11:10:27,宁德市,蕉城区,宁德市蕉城区蕉北街道办事处,权责不清/甩锅,清单外事项下放/签责任状转嫁/属地管理甩锅,为了应付上级检查/考核/指标而增加一线无谓负担,0.8,"['投诉', '工作人员问题', '社区服务']",该条目反映了社区工作人员因培训或电脑故障导致业务办理不便的情况，且社区工作人员在业务办理过程中存在刁难行为，这可能与上级检查/考核/指标有关，增加了基层工作人员的负担。,建议调取社区工作人员的培训记录、电脑故障记录、以及社区工作人员的考勤记录，以核实是否存在为了应付上级检查/考核/指标而增加一线无谓负担的情况。,该条目反映了社区工作人员因培训或电脑故障导致业务办理不便的情况，且社区工作人员在业务办理过程中存在刁难行为，这可能与上级检查/考核/指标有关，增加了基层工作人员的负担。,qwen2.5vl:7b,full,HIGH,[],2026-08-09 23:25:54.768767
SM26062120152,要求入读实验幼儿园,"实验幼儿园拆迁分流违背公示与会议承诺，擅自摸球分流影响幼儿就学与身心健康
        本人是将乐县实验幼儿园幼儿家长，现紧急投诉，本学期即将结束，新学期马上开学，幼儿安置事宜时间紧迫，恳请加急处理。
      1. 2026年4月14日15:50园长召开家长会，当众承诺家长填报哪所分园，该园直接接收，无需抽签摸球。
      2. 2026年6月5日幼儿园公众号公示原文：根据福建省卫生健康委员会《关于印发〈福建省托育机构设置标准（试行）〉〈福建省托育机构管理规范实施办法（试行）〉的通知》（闽卫人口〔2020〕99号）及中共将乐县委常委会会议纪要([2025]25号)精神，结合将乐县卫生健康局指导意见，将优先统筹安排县实验幼儿园2025学年入托的幼儿到各分园就读小班。
       校方如今单方面推翻承诺，以学位超标为由强制摸球摇号，把校方规划失误转嫁给孩子。我家孩子未中签后在家大吵大闹、整日伤心，严重损害幼儿身心健康。
       现紧急诉求：
       1. 严格执行公众号公示优先安置政策，落实家长会填报即录取承诺；
       2. 立即取消摸球抽签，按填报志愿直接安排入园；
       3. 尽快给出安置结果，保障孩子新学期正常入学。",2026-06-21 12:06:13,三明市,将乐县,将乐县教育局,创建示范/达标,种类数量过多/未批准/运动式/作秀式/一阵风,为了应付上级检查/考核/指标而增加一线无谓负担,0.8,"['幼儿园入学', '家长会承诺', '摸球抽签', '幼儿身心健康']",该条目反映的是实验幼儿园在招生过程中违背承诺，以学位超标为由强制摸球摇号，影响幼儿身心健康。这可能与上级检查、考核等有关，增加了基层一线的无谓负担。,建议调取家长会的会议记录、幼儿园公众号公示文件、校方会议纪要等材料，以核实校方是否违背了承诺，并了解是否存在上级检查、考核等压力。,该条目反映的是校方违背承诺，以学位超标为由强制摸球摇号，影响幼儿身心健康，可能与上级检查、考核等有关，增加了基层一线的无谓负担。,qwen2.5vl:7b,full,HIGH,[],2026-08-09 22:58:28.679874
FZ26061920605,双丰新村5栋四单元背面三楼榕树无人修剪影响生活,双丰新村5栋四单元背面三楼榕树长期无人修剪影响生活，多次反馈，社区街道仅摆拍形式主义不解决问题，台风季即将开始，该榕树已经严重影响居民生活，请多理解人民实际情况协助解决，尽量减少摆拍来敷衍群众。,2026-06-19 10:30:52,福州市,台江区,福州市台江区人民政府洋中街道办事处,创建示范/达标,种类数量过多/未批准/运动式/作秀式/一阵风,为了应付上级检查/考核/指标而增加一线无谓负担,0.8,"['评比创建', '证明', '借调']",该条目反映的是社区街道在处理居民反映的问题时，仅摆拍形式主义而不解决问题，这可能与上级检查或考核有关，增加了基层负担。,建议调取社区街道处理居民反映问题的相关记录，了解是否存在形式主义行为。,该条目反映的是社区街道在处理居民反映的问题时，仅摆拍形式主义而不解决问题，这可能与上级检查或考核有关，增加了基层负担。,qwen2.5vl:7b,full,HIGH,[],2026-08-09 22:37:03.599474
FZ26061920206,投诉仓山区盖山镇政府,仓山区南社一路十字路口烧烤摊扰民问题一直得不到有效解决，盖山镇政府不作为，城管拍照打卡一走了之，懒政，形式主义体现淋漓尽致！坚决投诉到底！,2026-06-19 08:05:23,福州市,仓山区,"仓山区12345中心
仓山区12345中心",数据造假,虚假整改/迎检突击/边改边犯/不惩反奖,为了应付上级检查/考核/指标而增加一线无谓负担,0.8,"['投诉', '不作为', '形式主义', '拍照打卡']",该投诉反映盖山镇政府在处理烧烤摊扰民问题时，城管拍照打卡一走了之，未进行有效的执法处置，体现了形式主义为基层增加负担的情况。,建议调取城管部门的执法记录、拍照打卡记录等材料，了解具体处理过程。,投诉内容反映城管拍照打卡一走了之，未进行有效的执法处置，体现了形式主义为基层增加负担的情况。,qwen2.5vl:7b,full,HIGH,[],2026-08-09 22:42:04.926559
FZ26061821061,福州市教育研究院那么多培训到底效果如何？,"对教师培训很必要，但该院每年搞的各种类型的培训名目很多，有的比较形式主义，比如“教育专家”培养项目，在中高考期间，该项目要求每位专家拍摄视频、开发布会等…占用了专家很多时间，影响了正常工作。
请该院反思，精简培训项目，为基层减负，力戒形式主义，改进工作作风，不忘初心，扎实为基层服务。
希望研究院的主管部门福州市教育局能够加强对研究院管理，组织对基层教师开展关于这些培训效果的调研，了解该院开展的培训的真实效果。
希望福州教育越来越好！",2026-06-18 10:45:04,福州市,,福州市教育局,精简会议,会议数量过多/层层召开/文山会海/年底扎堆/未批准直达基层,为了应付上级检查/考核/指标而增加一线无谓负担,0.8,"['教师培训', '形式主义', '培训效果']",该条目反映福州市教育研究院在教师培训中存在形式主义，占用专家很多时间，影响了正常工作。这符合为了应付上级检查/考核/指标而增加一线无谓负担的情况。,建议调取福州市教育研究院的培训计划、专家的工作日志、以及福州市教育局的培训管理规定等材料，以核实是否存在形式主义现象。,该条目明确指出培训项目占用专家时间，影响正常工作，符合为了应付上级检查/考核/指标而增加一线无谓负担的情况。,qwen2.5vl:7b,full,HIGH,[],2026-08-09 22:36:17.168993
FJ26061720201,【提级督办】投诉荔城区12345中心无视省住建厅确权文件、严重违反派单规程、行政乱作为,"一、 核心诉求
请求上级部门立即介入督办，纠正荔城区12345中心的违规派单行为。责令其严格依据《福建省住房和城乡建设厅》关于物业维修资金及房屋安全鉴定的职能界定，将本人诉求（编号FJ26061520277）转派至荔城区住建局办理，并追究相关人员敷衍塞责的行政责任。

二、 事实与理由
1. 职能部门权责已由省级主管部门明确界定（有法可依）
本人已持有福建省住建厅出具的书面答复（见附件），该文件具有明确的行政指导效力。文件中清晰界定：“小区屋面渗漏专业勘验、公共维修基金审核、屋面应急修缮均属于住建部门专属法定职责”。城管大队既无检测仪器，也无公维金审批权，根本无法履行该诉求。
2. 荔城12345中心明知故犯，严重违反派单规程（有令不行）
根据《福建省12345政务服务便民热线运行管理办法》及“首问责任制”、“精准派单”原则，承办单位在收到群众提供的权威确权依据后，应当核实并准确分派。
然而，荔城区12345中心在明知城管无权管辖的情况下，依然机械式地将工单派发至城管大队，且在本人多次申诉并提交证据后，仍用“正在办理”等格式化模板敷衍回复。这种行为不仅是业务不精，更是主观上的行政乱作为，是对上级部门确权文件的公然无视。
3. 形式主义作风严重，导致群众利益受损
因平台的错误派单，导致本该由住建局启动的“应急维修程序”被搁置，城管部门因无权处理只能做表面文章（如仅拍照无检测）。这种“踢皮球”式的流转，不仅浪费了行政资源，更导致本人房屋漏水损失持续扩大。

三、 法律法规依据

《物业管理条例》第五十三条：住宅物业、住宅小区内的非住宅物业或者与单幢住宅楼结构相连的非住宅物业的业主，应当按照国家有关规定交纳专项维修资金。专项维修资金属于业主所有，专项用于物业保修期满后物业共用部位、共用设施设备的维修和更新、改造，不得挪作他用。（注：住建局为维修资金主管部门）

《福建省12345政务服务便民热线运行管理办法》：关于诉求事项办理的规定，承办单位应当依法依规及时处理，不得推诿扯皮。对于职责交叉或不清的事项，应由编办或司法行政部门协调确定，而非随意指派无职权部门。

《行政机关公务员处分条例》：关于“不履行或者不正确履行职责”、“弄虚作假，误导、欺骗领导和公众”的相关处分规定。

四、 结语
本人并非无理取闹，而是拿着省厅文件回复却被基层“挡箭牌”（模板回复）拒之门外。请上级督办部门明察秋毫，不要让红头文件变成废纸，不要让12345变成“中转站”。请立即纠正错误派单！",2026-06-17 16:58:57,莆田市,荔城区,"荔城区12345中心
荔城区12345中心",权责不清/甩锅,清单外事项下放/签责任状转嫁/属地管理甩锅,为了应付上级检查/考核/指标而增加一线无谓负担,0.8,"['层层加码', '一刀切']",该条目反映的是荔城区12345中心无视省级主管部门的职能界定，错误派单给城管大队，导致群众利益受损。这反映了基层在处理问题时，为了应付上级检查而增加了一线无谓负担。,建议调取荔城区12345中心的派单记录、相关文件、以及与荔城区住建局的沟通记录，以核实是否存在层层加码/一刀切的情况。,该条目反映了基层在处理问题时，为了应付上级检查而增加了一线无谓负担，属于层层加码/一刀切的典型表现。,qwen2.5vl:7b,full,HIGH,[],2026-08-09 22:04:50.964738
ND26061720471,投诉平台问题,苗先生来电反映 ，他此前就消费纠纷向福鼎市市场监督管理局投诉。3月16日上午9点11分，他接到12345热线回电，通话中一名男性工作人员涉嫌利用职务之便，施压他接受“退一赔一”的和解方案，并称“给彼此点面子，以后在辖区内有任何消费纠纷，我出面替你处理”，同时该工作人员还要求他必须到场提交证据原始载体，否则不予处理，他认为该工作人员存在不当履职行为，并持有通话录音为，后续他向宁德市12345平台投诉，福鼎市12345中心直接答复“根据《国务院办公厅关于进一步优化地方政务服务便民热线的指导意见》（国办发〔2020〕53号），建议您通过相应法定渠道反映”。现希望有关部门介入，要求告知是根据《国务院办公厅关于进一步优化地方政务服务便民热线的指导意见》（国办发〔2020〕53号）具体哪一条规定，烦请相关部门核实处理。,2026-06-17 16:21:42,宁德市,福鼎市,"福鼎市12345中心
福鼎市12345中心",指尖形式主义,强制打卡/积分排名/在线时长/上传照片视频轨迹,为了应付上级检查/考核/指标而增加一线无谓负担,0.8,"['投诉处理', '不当履职', '形式主义']",该条目反映的是12345平台工作人员利用职务之便，要求投诉者到场提交证据原始载体，否则不予处理，这属于形式主义为基层增加负担的表现。投诉者认为该工作人员存在不当履职行为，并持有通话录音为证。,建议调取通话录音，了解工作人员的具体行为和处理过程，以及是否有其他相关证据支持投诉者的说法。,该条目反映的是平台工作人员要求投诉者到场提交证据原始载体，否则不予处理，属于形式主义为基层增加负担的表现。,qwen2.5vl:7b,full,HIGH,[],2026-08-09 22:05:43.767128
ND26061720354,关于福鼎市第二中学强制春考生双报、拒绝学生居家复习申请的投诉信,"本人系福鼎市第二中学高三复学学生，已年满十八周岁，为完全民事行为能力人。原为2023届学生，休学后复学，可独立承担自身学习、升学全部责任，现实名投诉本校高三年级不合理、不合规管理问题。
 
一、本人实际情况
 
1. 升学选择：我仅单独报考2027年福建省高职分类春考，自愿放弃夏季高考。根据省教育考试院政策，考生可自由选择单报或双报，学校无任何官方文件强制学生必须双报两场考试。
​
2. 学业现状：我的高中学业水平合格考仅剩语文一科未完成，其余科目全部合格。毕业、升学仅需备考语文，物理、化学等普通高考复习课程对我无任何作用，全天跟班学习只会浪费春考备考时间，复习效率极低。
​
二、学校存在的共性违规问题（面向全体意向春考生）
学校在班级群发布统一通知，一刀切规定所有申请春考的学生必须双报春考与夏季高考，强制全员跟随行政班学习全套高考科目，仅拿到春考录取通知书后方可请假。该管理规定没有区分“双报考生”与“仅单报春考、无需备战夏考”的学生，存在明显不合理之处：
 
1. 强制双报违背招考自愿原则，剥夺全体意向春考生自主选择升学考试的合法权利；
​
2. 统一要求全员全天复习无关高考科目，没有针对只备考春考的学生设置差异化、人性化就学方案，一刀切管理加重学生无意义学业负担；
​
3. 段长卓招家请假规则设置门槛过高，未给未录取、仅备考语文的春考生预留居家复习通道，段长骂人特别难听，会极大地打击人的信心，平常这也骂那也骂，乱骂。
 
三、本人正式诉求
 
1. 责令学校取消一刀切强制全体春考生双报夏季高考的规定，面向所有有意向报考春考的学生放开自主报考选择权，不得将“双报”作为请假、就学的捆绑条件。
​
2. 针对全体仅报考春考、无需备战夏季高考的学生出台差异化就学方案，允许符合条件的学生弹性居家复习，免修物理、化学等无关科目。
​
3. 本次投诉相关个人信息、诉求材料请教育局全程严格保密，仅用于校方内部整改协调，不得向学校教职工、其他学生泄露投诉人身份；若出现信息泄密、针对本人区别对待、施压约谈等情况，我将向上级教育主管部门继续升级投诉。
 
恳请教育局介入协调整改，并向我反馈处理结果。
日期：2026年​6 月 17 日",2026-06-17 14:04:48,宁德市,福鼎市,福鼎市教育局,权责不清/甩锅,清单外事项下放/签责任状转嫁/属地管理甩锅,为了应付上级检查/考核/指标而增加一线无谓负担,0.8,"['高考', '学校管理']",该条目反映福鼎市第二中学在春考生管理上存在一刀切的规定，强制所有春考生双报夏季高考，加重了学生的学业负担。这属于为了应付上级检查/考核/指标而增加一线无谓负担的形式主义问题。,建议调取学校相关文件、通知、学生反馈记录等，以证实学校是否存在一刀切的规定，以及是否因此增加了学生的负担。,该条目反映学校在春考生管理上存在一刀切的规定，加重了学生的学业负担，符合为了应付上级检查/考核/指标而增加一线无谓负担的形式主义问题。,qwen2.5vl:7b,full,HIGH,[],2026-08-09 22:13:14.954460
ND26061720087,协调学生转学，核查英语、运动打卡APP数据异常，校方领导处置不作为。,"本人持有当日两张班级小管家英语打卡榜单截图作为完整凭证，打卡名单出现明显前后不一致的反常情况，叠加小红花发放逻辑与平台规则冲突，多次向校方领导反馈未得到合理解释，校内此前还发生伤害学生事件，校方处置敷衍：
 
1. 班级小管家英语打卡存在两处关键数据疑点：
①打卡名单事后新增人员，时间线严重不符合现实
第一张截图拍摄于07:31，榜单内上榜学生仅8人，无林启橦；我家孩子7:40完成打卡，理论榜单总人数应为9人。第二张截图拍摄于08:39，榜单内凭空多出林启橦，直接排在第三名。该学生居住在我家后方，路程很远，按照日常作息，根本不可能7点半之后才提交线上打卡，两张截图对比能清晰看出名单存在后期新增人员的异常现象，后台数据存在明显改动疑点。
②小红花发放和平台规则自相矛盾
平台明确规则，仅当日最早打卡的学生可获得小红花。我家孩子是当日第九位完成打卡，按规则本不该拥有小红花，但账号内实际存在小红花；多名早于我孩子打卡的学生反而没有小红花，发放规则完全失效，榜单记录存在人为调整痕迹。
2. 微芒运动活力榜单存在大量不合理数据，频繁在凌晨、深夜出现不合常理的运动时长，榜单数据失真，存在虚假打卡嫌疑。
3. 此前校内发生任课老师体罚学生、舞台下方学生被泼水事件，多次向校方领导沟通协商，始终没有公平妥善的处理方案。
 
打卡名单前后不一致、小红花发放异常带来差异化对待，长期影响孩子心理健康，现有校园环境不适宜孩子继续就读。现诉求相关部门：
 
1. 核查两款打卡软件全部异常记录并依规处置；
2. 协调为孩子办理转学，书面反馈完整核查处理结果。
 3.再次重申各方平台的工作人员及校方领导、班主任不要打电话给我和我的家人。（尤其是班主任陈丽飞，一直往我已经拉黑的电话上打电话和发短信息。如果校方想解决问题，请让陈丽飞添加我的微信。因为是她今年四月下旬班级群🈶学生家长威胁、恐吓、辱骂我后，不到十分钟解散班级群，并在之后删除我的微信好友）否则我会依法依规走司法程序！",2026-06-17 09:17:51,宁德市,蕉城区,"蕉城区12345中心
蕉城区12345中心",指尖形式主义,强制打卡/积分排名/在线时长/上传照片视频轨迹,为了应付上级检查/考核/指标而增加一线无谓负担,0.8,"['学籍管理', '打卡软件异常', '运动打卡APP数据异常']",该条目涉及学生转学、英语打卡和运动打卡APP数据异常问题，反映出学校可能为了应付上级检查而增加了基层负担，如频繁的打卡记录和数据核查。关键现象是打卡软件数据异常和校方领导处置不作为，因果链条是为应对上级检查而增加基层工作负担。,建议调取学校相关打卡软件的后台数据记录，以及校方领导和班主任的访谈记录，以核实是否存在为了应付上级检查而增加基层负担的情况。,该条目涉及打卡软件数据异常和校方领导处置不作为，反映出学校可能为了应付上级检查而增加了基层负担。,qwen2.5vl:7b,full,HIGH,[],2026-08-09 22:10:44.921610
XM26061623415,关于思明区教育局对滨东小学四里校区、湖滨中学运动场开放诉求答复敷衍、无明确整改时限的补充投诉,"本人对思明区教育局2026年6月16日针对受理编号XM26060321477出具的办结答复完全不认可，现提交补充投诉，异议如下：
 1. 答复持续答非所问，回避群众就近健身核心诉求。
本人居住三里片区，仅诉求家门口滨东小学四里校区、湖滨中学两处场地，答复仍持续推荐厦外附小湖滨校区等远距离替代学校，未解决本片区居民就近健身资源缺失的痛点，单纯引导群众跨片区锻炼，未履行优化片区公共体育资源供给的主管职责。
​2. 整改规划模糊空洞，无明确时间节点，无限期搁置诉求。
针对滨东小学四里校区门禁、灯光监控改造，仅模糊表述“适时评估开放可行性”，未明确改造启动、竣工、验收及对外开放的具体时限；针对湖滨中学，仅以承担青训任务为由拒绝开放，未研究错峰、分时段对外开放的可行方案，没有短期、中长期分层处置计划，群众诉求长期无法落地。
​3. 未借鉴区内成熟开放管理经验，履职主动性不足。
思明区多所中小学已落地运动场预约错峰开放制度，现有成熟管理模式可直接复用。该局未实地摸排两所学校场地现状、未结合现行政策制定专属开放细则，单纯以设施不足、场地占用为由推诿，未主动协调资源补齐滨东小学安防短板、协调湖滨中学划分居民锻炼时段。
​4. 本次答复未实质解决任何问题，草率办结事项。答复仅罗列两所学校暂不开放的客观原因，未出台可落地的处置方案，未回应本人此前要求实地核查、制定专项开放细则的诉求，属于流程化敷衍回复。
 现恳请：
 1. 责成思明区教育局联合属地街道办、居委会赴三里片区实地摸排居民健身需求，针对滨东小学四里校区出具安防设施改造时间表、明确运动场对外开放时间；针对湖滨中学制定青训、居民锻炼错峰分流方案，划分固定时段向周边居民开放；
​2. 制定并向社会广泛公布两所学校运动场对外开放专项细则、改造施工节点、正式开放日期，切实补齐三里片区就近公共健身资源缺口。",2026-06-16 21:43:14,厦门市,思明区,"思明区12345中心
思明区12345中心",权责不清/甩锅,清单外事项下放/签责任状转嫁/属地管理甩锅,为了应付上级检查/考核/指标而增加一线无谓负担,0.8,"['层层加码', '一刀切']",该条目反映思明区教育局在回应群众诉求时，答复敷衍、缺乏明确整改时限，且未充分履行职责，存在层层加码、一刀切的现象，增加了基层负担。,建议调取思明区教育局的答复文件、相关整改计划、实地调研记录等材料，以核实是否存在层层加码、一刀切的情况。,该条目反映基层在回应群众诉求时，存在层层加码、一刀切的现象，增加了基层负担。,qwen2.5vl:7b,full,HIGH,[],2026-08-09 21:31:05.102679
FZ26061620206,"西环路中路右转进入乌山西路路口又无人管
理引导了！","这个右转路口每个早晚高峰，电动车连续不断，速度极快，存在很大的安全隐患。乌山西路空空的都没有车，但是电动车堵住了右转车道，西二环中路的车无法右转，一个右转需要15分钟左右，非常的离谱！此问题长期存在，为何都没有安排人员引导解决，就这么如此放任吗？
之前投诉过，后面说每天安排人引导，今天没看到人，请问是不是懈怠了？不作为了？只是之前做做样子而已？形式主义吗",2026-06-16 08:09:31,福州市,鼓楼区,福州市公安局交通警察支队,创建示范/达标,种类数量过多/未批准/运动式/作秀式/一阵风,为了应付上级检查/考核/指标而增加一线无谓负担,0.8,"['评比创建', '证明', '借调']",该条目反映的是交通管理措施中存在形式主义现象，即安排人员引导右转路口的电动车，但实际并未有效执行，存在形式主义为基层增加负担的情况。,建议调取交通管理部门的记录，了解是否确实安排了人员引导，以及实际执行情况。,该条目反映的是交通管理措施中存在形式主义现象，即安排人员引导右转路口的电动车，但实际并未有效执行，存在形式主义为基层增加负担的情况。,qwen2.5vl:7b,full,HIGH,[],2026-08-09 21:46:37.207110
FZ26061321700,党支书记违背选举报，剥夺党员的选举权和被选举权，城头镇 政府涉嫌包庇,"对福清市城头镇人民政府福州市12345便民平台回复无法理解的
反  馈
2026-06-12 17:42:30福清市城头镇人民政府回复。您好!您反映的问题已收悉，我镇已安排工作人员开展核查，目前工作正在推进。如经查实存在问题，我们将依法依规进行处置。
一、忽修和欺骗：城头镇人民政府如此瞒上欺下、欺骗党员，如此无担当、不作为、乱作为、假作为，履职不尽责，不为广大党员解决实际问题。对合理的诉求以形式主义、官僚主义、敷衍塞责。在岗位上“混日子”，热衷于“打太极”，工作能推就推、能拖就拖，问题能绕就绕、能躲就躲；查处不深入、不细致，敷衍应付，如此蔑视党纪国法的行为引起广大党员的强烈愤慨。 
二、徐丹剥夺党员的选举权和被选举权政治权利，事实清楚，证据充分：2026年5月上旬，被举报人徐丹没有按照党章的规定，对本村党支部八名党员代表名额进行选举，而这八名代表均是由徐丹个人指定。其行为严重违反了《中国共产党章程》党员享有下列权利的第（五）项“行使表决权、选举权，有被选举权”。党章赋予党员的权利给徐凡剥夺了，其行为引起了广大党员的愤慨。被举报人徐丹的行为违反了《中国共产党章程》的规定，触犯了《中华人民共和国刑法》第三百九十七条的规定，构成[滥用职权罪]。
三、城头镇政府瞒上欺下，忽悠党员：2026-06-12 17:42:30做出的答复，反映历时10多天了，城头镇政府没有到东垣村对党员进行调查，做出不实的答复，涉嫌瞒上欺下。
四、请求干部带头遵守党纪：敦促福清市城头镇人民政府，切实根据《福建省12345便民服务平台监督管理办法》(闽政办[2016]179号) 规定，依法依规对徐丹剥夺党员政治权利的行为做出严肃处理，维护《中国共产党章程》尊严，保护广大党员的政治权利。
特此反馈
福清市城头镇东垣村党员敬呈
2026年6月13日",2026-06-13 16:15:43,福州市,福清市,福清市城头镇人民政府,创建示范/达标,种类数量过多/未批准/运动式/作秀式/一阵风,为了应付上级检查/考核/指标而增加一线无谓负担,0.8,"['村民选举', '党纪党规', '基层负担']",该条目涉及村民选举中的党员权利被剥夺，反映了基层在处理党员选举问题时可能存在的形式主义现象，增加了基层负担。,建议调取城头镇人民政府关于村民选举的文件、会议记录、相关通知等，以及与城头镇人民政府工作人员的谈话记录，以核实是否存在形式主义为基层增加负担的情况。,该条目描述了基层在处理党员选举问题时可能存在的形式主义现象，增加了基层负担。,qwen2.5vl:7b,full,HIGH,[],2026-08-09 20:53:34.316124
NP26061220588,反映镇政府不作为、乱推脱现象,"本人是本地农户，想在自家住宅楼顶（面积不足100㎡）安装光伏发电板，前期已联系光伏企业完成现场勘测。按照国家电网要求，办理相关手续需提供房产产权相关证明并加盖镇政府公章。我已先行取得村委会盖章，证明该房屋为本人合法自有房产。但前往镇政府申请盖章时，工作人员推诿扯皮、不作为，不予办理。镇政府工作人员援引2022年相关规定，要求我先后前往住建、城管、消防、自然资源、生态、农业等多个部门逐一盖章。我依次前往上述部门咨询，各部门均表示无此项审批职权、从未办理过该类盖章业务，让我返回镇政府处理。来回奔走后再次回到镇政府，相关领导依旧多方推脱、拒不履职，甚至让我前往市级部门咨询政策。我仅在自家楼顶安装小型光伏设备，并非大型工程项目，流程繁琐且各部门权责不清，镇政府存在不作为、推诿甩责的情况。
现正式投诉，恳请上级部门介入协调，督促镇政府依法依规为我办理盖章手续，明确办理流程，解决群众办事难题。",2026-06-12 16:14:35,南平市,建阳区,南平市建阳区将口镇人民政府,权责不清/甩锅,清单外事项下放/签责任状转嫁/属地管理甩锅,为了应付上级检查/考核/指标而增加一线无谓负担,0.8,"['层层加码', '一刀切']",该条目反映镇政府在办理光伏发电板安装手续时，要求申请人前往多个部门盖章，增加了基层干部的负担。这种做法属于层层加码，增加了基层干部的无谓负担，是为了应付上级检查/考核/指标而增加一线无谓负担。,建议调取镇政府办理光伏发电手续的相关文件，了解具体盖章流程和要求，以及各部门的职责分工。,投诉内容反映镇政府要求申请人前往多个部门盖章，增加了基层干部的负担，属于层层加码/一刀切，是为了应付上级检查/考核/指标而增加一线无谓负担。,qwen2.5vl:7b,full,HIGH,[],2026-08-09 20:35:09.315092
ND26061220112,孩子补办出生证明,"我孩子出生证遗失了去市医院补办，证明材料跑上跑下盖完章，又说要去闽东医院登报，通过12345反映后，市医院同意了，到了蕉城区妇幼保健院又不同意，说卫健委文件规定要登报。
     请问登报给谁看?身份证，户口本补办都不要登报，为什么出生证要登报?现在谁还看报纸？而且出生证明医院都有底，又不会假，这不是形式主义、教条主义，为难老板姓吗？",2026-06-12 09:27:20,宁德市,蕉城区,宁德市医院,指尖形式主义,强制打卡/积分排名/在线时长/上传照片视频轨迹,为了应付上级检查/考核/指标而增加一线无谓负担,0.8,"['证明办理', '指尖形式主义']",该条目涉及出生证明补办过程中需要登报的不合理要求，属于形式主义为基层增加负担的情况。关键现象是基层工作人员为了完成上级任务而要求补办出生证明时需要登报，这增加了基层工作人员的负担。,建议调取相关文件、通知或政策文件，了解登报要求的来源和背景，以及是否有其他地区或部门对此类要求的执行情况。,该条目涉及基层工作人员为了完成上级任务而要求补办出生证明时需要登报的不合理要求，属于形式主义为基层增加负担的情况。,qwen2.5vl:7b,full,HIGH,[],2026-08-09 20:46:01.405385
QZ26061220099,占道经营，影响通行,经常占道经营，整辆车在路口摆摊，堵住入口，今天卖西瓜的堵，明天卖榴莲的堵，金龙街道城市管理局根本不管，投诉多次，只是象征性的处理几天，过一段时间继续放任不管，经常都是占道经营堵得车子都没办法通行。经常引起争端。小摊小贩特别嚣张跋扈，就是坚决不挪。请市局严肃处理，金龙街道城市管理局的不作为行为和形式主义管理行为。,2026-06-12 07:38:19,泉州市,鲤城区,泉州市鲤城区人民政府浮桥街道办事处,数据造假,虚假整改/迎检突击/边改边犯/不惩反奖,为了应付上级检查/考核/指标而增加一线无谓负担,0.8,"['台账留痕', '迎检', '形式主义管理']",该条目反映的是城市管理局对占道经营的管理问题，举报人提到金龙街道城市管理局的不作为和形式主义管理行为。这可能涉及到为了应付上级检查而增加一线无谓负担的问题，例如通过台账留痕来应对检查，而实际并未有效解决问题。,建议调取金龙街道城市管理局的台账记录，检查是否存在为了应付检查而留痕的情况；同时可以找相关工作人员了解具体管理流程和实际效果。,该条目反映的是为了应付上级检查而增加一线无谓负担的问题，符合核心判断逻辑。,qwen2.5vl:7b,full,HIGH,[],2026-08-09 20:42:58.770688
FZ26060922806,关于投诉政府工作人员工作作风的问题,诉求编号：（FZ26052623875），答复收悉。对答复不满意。投诉福清市江镜镇林厝村党支部副书记王彩云，3月份有天早上9点多我去村委找对方签字盖章，但是9点多了对方的办公室大门还关着，我们联系对方，对方说在下江，第二天早上10点我去她办公室，但是门还是关着，通过私下了解，该副书记的孙子在福清市城区上小学需要接送，基本早上该副书记都没过来，这种工作作息时间是江镜镇哪一位领导批准的，要求林厝村无论党支部书记还是其他工作人员都必须按照政府部门刷人脸打卡制上班，还要将打卡记录公布在村委公布栏，接受人民群众监督，只有做到这点才能体现真抓实干，马上就办，该村委会根本就没有将真抓实干，马上就办的精神融入到工作中，继续投诉,2026-06-09 18:15:40,福州市,福清市,福清市江镜镇人民政府,数据造假,虚假整改/迎检突击/边改边犯/不惩反奖,为了应付上级检查/考核/指标而增加一线无谓负担,0.8,"['村务公开', '基层减负']",该条目投诉了村委会要求工作人员按照政府部门刷人脸打卡制上班，并将打卡记录公布在村委公布栏，接受人民群众监督，这种做法增加了基层工作人员的负担，是为了应付上级检查/考核/指标而增加一线无谓负担。,建议调取村委会的打卡记录、村委公布栏的记录以及相关会议文件，以核实是否存在为了应付上级检查而增加基层负担的情况。,投诉内容涉及村委会要求工作人员打卡并公布记录，增加了基层负担，符合为了应付上级检查/考核/指标而增加一线无谓负担的定义。,qwen2.5vl:7b,full,HIGH,[],2026-08-09 19:54:14.865447
FZ26060920094,"受理编号
PT26042720035","投诉事实经过

本人于【填写具体年月日、时间段】，通过莆田12345平台（热线/小程序/官网）提交民生诉求，并在诉求中明确要求责任干部24小时内给予回复对接。

提交工单后，系统正常受理、生成工单编号，本人全程保持通讯畅通、随时配合对接。但截止今日，已远超24小时承诺回复时限，无任何工作人员、责任干部、12345平台给出任何形式的反馈、对接、处置说明。

该行为充分说明：基层公职干部履职不作为、漠视群众诉求、消极怠政；莆田12345平台未履行工单监督、限时督办、超时预警、追责上报职责，纵容公职人员拖延办事、推诿扯皮，严重损害政务公信力，违反政务服务便民热线管理、公职人员履职相关规定。

正式投诉诉求

1. 责令涉事不作为经办干部24小时内主动联系本人，针对原诉求逐项答复、落地处置，出具正式处理意见。

2. 对本次干部超时零回复、履职缺位问题启动问责，作出批评教育、内部追责处理，公示处理结果。

3. 责令莆田12345平台自查整改，补齐工单超时督办漏洞，杜绝同类漠视群众诉求事件再次发生。

4. 本次投诉全程督办、全程留痕，3个工作日内书面告知本人所有处理进度、问责结果、整改方案。",2026-06-09 04:03:37,莆田市,秀屿区,"秀屿区12345中心
秀屿区12345中心",精简会议,规模规格失控/层层陪会/层级不合理/要求主要负责同志参会,为了应付上级检查/考核/指标而增加一线无谓负担,0.8,"['基层公职干部履职不作为', '政务公信力损害']",投诉内容涉及基层公职干部履职不作为、政务公信力受损，属于层层陪会，为了应付上级检查/考核/指标而增加一线无谓负担。,建议调取莆田12345平台的工单记录、干部绩效考核记录、相关会议文件等，以核实是否存在为了应付上级检查而增加基层负担的情况。,投诉内容涉及基层公职干部履职不作为，属于层层陪会，为了应付上级检查/考核/指标而增加一线无谓负担。,qwen2.5vl:7b,full,HIGH,[],2026-08-09 19:46:23.005178
FJ26060820160,多户民众向12345投诉肖玉树违规占地确无人跟进处理，明明违规占地相关政府人员不处理，涵江12345工作人员不明确事实真相，次次退回诉求以同样话术回复,请涵江12345继续传达相关问题，你不传达下去，相关部门如何解决，而不是推脱给纪检单位。 1、肖玉树户2023年5月违规搭建围墙投诉至今无人处理，该围墙位署及周边，以前为我户及其他村民旧厕所位置。去年向村委寻求帮助时，村里解释九几年“厕改”时上述位置已收归国有，并明确说明肖玉树户未有报批手续，即肖玉树搭建围墙行为违法，请相关部门依法拆除，相关部门也明确回复说，涉及利益帮忙解决，结果上一条这么说，下一条回复又是推卸责任，请相关部门履行职责。 2、投诉跟进此项工作的政府相关人员，该投诉未办结，已被无故关闭502次投诉通道，未完成的诉求就按完成结案。 3、多户乡民向12345投诉肖玉树违规占地，你们确至今都是不处理。,2026-06-08 15:24:56,莆田市,涵江区,"涵江区12345中心
涵江区12345中心",权责不清/甩锅,清单外事项下放/签责任状转嫁/属地管理甩锅,为了应付上级检查/考核/指标而增加一线无谓负担,0.8,"['层层加码', '一刀切']",该条目反映政府工作人员对违规占地问题的处理不力，存在层层推诿和不作为现象，属于层层加码/一刀切的形式主义问题。,建议调取政府工作人员的处理记录、相关会议记录、上级指示文件等材料，以核实是否存在为应付上级检查而增加基层负担的情况。,投诉内容涉及政府工作人员对违规占地问题的处理不力，存在层层推诿和不作为现象，属于层层加码/一刀切的形式主义问题。,qwen2.5vl:7b,full,HIGH,[],2026-08-09 19:26:03.024035
FZ26060821504,紧急投诉：仓山区世茂国风长安小区长期缺失市政排水配套、五年汛期积水淹库、相关部门懒政怠政、区别对待民生诉求恳请市级督办整改,"尊敬的福州市人民政府、市级住建、市政工程中心、政务服务督办、属地街道等上级监督管理部门：
我们是世茂国风长安小区全体业主，现就小区五年市政排水配套缺失、重大安全隐患长期未整改，基层部门懒政推诿、漠视民生诉求问题，发起紧急申诉，恳请福州市人民政府高位督办处置。本小区交付五年，始终未接驳正规市政雨污管网，无合规排水出口，属于市政配套遗留硬伤。每逢降雨、汛期暴雨，小区积水无法外排，必出现园区积水、地下车库雨水倒灌险情，持续侵蚀楼栋地基、损坏建筑主体，严重威胁上千业主人身与财产安全。五年来，我们多渠道维权，始终遭遇基层推诿敷衍，合法诉求长期落空。现正式申请福州市政府专项督办，坚决不接受仓山区城乡建设局敷衍式回复，仅认可市级上级部门的正式书面处置答复。
小区反复淹水绝非物业运维问题，而是市政配套缺失导致的结构性硬伤。无市政排水通道致使雨水常年淤积倒灌，长期浸泡建筑主体，形成不可逆安全风险，全体业主长期处于高危居住环境。
五年来每逢汛期，业主与物业只能通宵自发抢险，耗费大量人力物力，多名人员抢险受伤，业主车辆、私人财物多次泡水受损，累积损失惨重。长期灾情困扰与反复抢险，严重影响全体业主正常安居生活。
五年间我们通过12345热线、线下信访等多渠道维权，诉求始终简单明确，即补齐管网配套、根治淹水隐患。但所有投诉工单均流于形式，全部期末模板化回复，无实地核查、无问题研判、无整改方案、无实质动作，五年维权零整改、零闭环，是典型的虚假履职、漠视民生行为。
该隐患长期由仓山区城乡建设局承接处置，该局无相关审批与统筹施工能力，仅靠模板回复糊弄群众，市级部门疏于督办、不予追责，导致顽疾逐年恶化。五年岗位人员几经更迭，深陷新官不理旧账乱象，各级单位相互推诿，问题长期悬而不决。 基层部门长期以福日单位宿舍不予配合搪塞甩锅，但根源是政府前期规划失职：当年规划李厝山支路市政工程时，未提前统筹征地与多方沟通，导致工程半途搁置、沦为半拉子工程，后续直接撒手不管，该行政遗留问题不应由百姓承担。 原规划路线因政府失误无法落地后，业主主动提出接驳迎安路成熟管网的简易整改方案，却被职能部门直接驳回。调研施策、出台整改方案、破解民生难题，本是政府法定职责，不该由群众替政府谋划出路。 更令群众寒心的是，相关部门常年以“无资金、无预算”为由拒改隐患。市政配套是民生保底工程，理应优先保障。即便基层财政紧张，市属城投国企仍每年重金投入文旅亮化、演艺烟火等锦上添花项目。民生为本、民生优先是施政底线，试问形象工程可重金投入，百姓安居保命工程却无人问津？本末倒置的施政方式，严重透支政府公信力、伤害群众感情。
同期相关部门大力推进江心岛周边市政提升类非刚需项目，资金充足、落地迅速，与本小区五年民生困境形成强烈反差。重面子工程、轻百姓安危的差异化履职行为十分明显。民众不禁质问：是否因本小区无重要领导入住，普通百姓的合法诉求与安居安危就该被长期漠视搁置？此类懒政怠政行为，与“真抓实干、马上就办”的工作作风完全背道而驰。
当前李厝山支路市政管网正在施工，是小区五年以来唯一、不可复刻的整改窗口期。若错失此次同步接驳机会，管网配套短板将彻底固化，后续整改成本、难度大幅攀升，业主将永久面临暴雨淹水、财产受损的风险。依据市政建设规范，道路管网施工应同步补齐沿线小区基建短板，彻底根治积水倒灌顽疾。
五年隐患搁置、五年诉求漠视、五年履职敷衍，已构成严重不作为、慢作为。本次申诉为纯粹民生安居维权，完全不涉及高考相关事宜、不干扰公共秩序，仅为解决重大居住安全问题。申诉附历年淹水实景佐证，隐患真实、损失确凿。若持续放任，极易引发建筑损毁、人员受伤及群体性维权问题。全体业主现郑重提出四项硬性诉求：
一、市政府挂牌督办，严查履职失责：恳请市政府牵头专项核查组现场核验，查实小区无市政管网、存在长期安全隐患的事实，厘清各级部门履职责任，严查五年推诿怠政、漠视群众安全的责任单位及责任人，依规追责问责。
二、抢抓施工窗口期，根源彻底整改：依托当前李厝山支路在建市政工程，同步规划、同步配套、同步施工，为小区建设标准化市政雨污管网及专属排水通道，彻底终结五年暴雨积水、地库倒灌的顽固隐患。
三、公示整改方案，全程闭环监督：要求责任单位出具正式书面整改文件，明确详细施工方案、时间节点、具体负责人、竣工验收时限，所有整改进度全程公开公示，接受全体业主监督，杜绝形式整改、纸面整改、虚假整改。
四、落实追责善后，建立长效机制：对多年因职能部门不作为导致的业主抢险损耗、车辆及财产泡水损失问题，予以正面回应、妥善处置；对长期敷衍履职、漠视民生安全的相关单位及个人依法追责；同步建立汛期应急排水、常态化隐患排查机制，永久保障小区居住安全。
全体业主严正重申：本次申诉不接收仓山区城乡建设局模板化、敷衍式回复，坚决拒绝拖延搪塞、虚假办结。",2026-06-08 12:57:23,福州市,仓山区,福州市仓山区人民政府上渡街道办事处,数据造假,虚假整改/迎检突击/边改边犯/不惩反奖,为了应付上级检查/考核/指标而增加一线无谓负担,0.8,"['市政排水', '投诉回应', '懒政怠政']",该条目反映了关于市政排水配套缺失的投诉，业主多次通过多渠道维权，但所有投诉工单均流于形式，无实地核查、无问题研判、无整改方案、无实质动作，五年维权零整改、零闭环，是典型的虚假履职、漠视民生行为。这表明为了应付上级检查/考核/指标而增加了基层一线的无谓负担。,建议调取相关部门关于市政排水配套的审批材料、历年投诉工单的回复材料、以及关于整改方案的制定和实施情况的材料。,该条目反映了为了应付上级检查/考核/指标而增加了基层一线的无谓负担，具体表现为台账留痕迎检的问题。,qwen2.5vl:7b,full,HIGH,[],2026-08-09 19:36:03.231523
FZ26060621368,晋安区宦溪镇鱼蓝溪泄洪区，非景区点位，大量游客停车游玩,晋安区宦溪镇鱼蓝溪泄洪区，非景区点位，大量游客停车游玩，愈演愈烈。反复告知宦溪镇政府，相关部门监管不利，形式主义，对安全生产，人民群众财产安全熟视无睹。互相推诿扯皮。,2026-06-06 13:46:57,福州市,晋安区,福州市晋安区宦溪镇人民政府,权责不清/甩锅,清单外事项下放/签责任状转嫁/属地管理甩锅,为了应付上级检查/考核/指标而增加一线无谓负担,0.8,"['层层加码', '监管不利']",该条目反映的是宦溪镇政府在监管非景区点位游客停车游玩问题上存在形式主义，导致监管不利，增加了基层负担。关键现象是监管不力，因果链条是上级检查/考核压力导致基层过度管控。,建议调取镇政府关于非景区点位管理的文件、会议记录、检查记录等，以及与相关工作人员的谈话记录，以核实是否存在形式主义增加负担的情况。,投诉内容涉及监管不力，属于层层加码/一刀切的典型表现，反映了为了应付上级检查/考核而增加基层负担的问题。,qwen2.5vl:7b,full,HIGH,[],2026-08-09 18:53:01.040386
XM26060522178,有关申请农村自建房流程不便民等问题,其是翔安区新圩镇户籍人口。其发现申请农村自建房到镇里面审批，需要打印迁移记录（证明在其他地方是否有建房），如果夫妻有一人原不是当地户籍，就还需要到原户籍地打印协查函。其的户口在农村，回农村盖房，但是镇上的部门（村建办）还要收其社保缴纳记录，如果在企业工作，还要需要企业盖章申请人没有享受房屋补贴待遇，而且还要收取毕业证书，但是其盖房跟其毕业信息又有什么关系。这些信息都是可以在有关部门的系统上面查询到的，其不理解为什么要村民和各个部门的工作人员耗费精力来做这些事情，而且还浪费资源（打印纸质材料，申请一次需要20-30张的材料）。这个情况在整个厦门市都存在，其想知道是真的在系统上无法查询到的吗？有关部门办理这些事项可以更为便民，希望厦门市政府可以牵头采取更便民的办理流程。,2026-06-05 15:52:47,厦门市,翔安区,厦门市翔安区新圩镇人民政府,数据造假,虚假整改/迎检突击/边改边犯/不惩反奖,为了应付上级检查/考核/指标而增加一线无谓负担,0.8,"['农房审批管理', '台账留痕']",该条目反映在申请农村自建房过程中，需要提供多种纸质材料，且这些材料在相关部门系统中可以查询到，但仍然要求提供，增加了基层工作人员的负担。这表明为了应付上级检查/考核/指标而增加了基层无谓的负担。,建议调取相关部门的系统记录，查看是否可以查询到这些材料，以及是否有其他地方的类似情况。,该条目反映了在申请农村自建房过程中，需要提供多种纸质材料，且这些材料在相关部门系统中可以查询到，但仍然要求提供，增加了基层工作人员的负担。,qwen2.5vl:7b,full,HIGH,[],2026-08-09 18:30:47.678934
FZ26060423797,关于投诉好年华聚福州官网闽侯县海外人才补贴问题,诉求编号：（FZ26060122891），答复收悉。对答复不满意，本人不满意，问题未解决。6月2日鼓楼区人社局致电沟通，工作人员仅电话问询，未查阅我此前填报的申报报名表就给出答复。我于6月3日重新在鼓楼人社局端口完整上传全套申报材料，截至6月4日晚间，材料状态仍滞留待审核，无任何处理进展。此外对方推荐的双一流落地奖励，政策写明境外毕业生可申报，但申报系统仅可选国内院校、无法录入境外高校信息，实际不能填报，政策说明和系统设置冲突，指引无效，本次诉求没有得到实质性处理。,2026-06-04 19:13:04,福州市,闽侯县,福州市鼓楼区人力资源和社会保障局,指尖形式主义,强制打卡/积分排名/在线时长/上传照片视频轨迹,为了应付上级检查/考核/指标而增加一线无谓负担,0.8,"['指尖形式主义', '留痕式填报']",该条目投诉了鼓楼区人社局在处理海外人才补贴问题时，仅电话问询未查阅申报材料，且系统设置与政策说明冲突，导致无法正常申报。这反映了基层在处理政策时，由于系统设置和政策说明不一致，增加了基层的负担。,建议调取鼓楼区人社局的政策文件、系统设置说明以及相关申报材料，以核实是否存在系统设置与政策说明不一致的情况。,投诉内容涉及系统设置与政策说明不一致，增加了基层在处理政策时的负担，符合指尖形式主义的定义。,qwen2.5vl:7b,full,HIGH,[],2026-08-09 18:17:57.874365
FJ26060420168,莆田湄洲湾职业技术学院人事决策搞多重标准、选择性适用用工规则，,"一、事实经过
21年东软与湄洲湾职业技术学院合作办学，23年8月底东软撤走，为保障校区正常运行，按照市政府会议精神，湄职院对愿意留下的56名职工全部接收，按校聘人员管理，享受人事代理相关待遇。劳动合同2026年8月31日到期，学院做出少部分人员续签、大部分人员不续签，同步向社会组织招考的决定。
二、存在问题
1、56名企业员工不再续签劳动合同缺乏合理解释。原因第一点的凡进必考原则与第四点签订学历提升人员特殊保护逻辑矛盾；第二点指出学历（本科）与上级要求存在偏差，而校区编外员工也有本科学历却正常续签，学院双重用工标准、区别对待。
2、56人一刀切不再续签是整体方案，唯独学院签订过学历提升协议的人员破例保留岗位。差异化留人模式不排除部分进修教职工与院管理层存在人情往来、利益输送，管理层利用人事决策权，通过规避到期解约、保留岗位的方式为特定人员保全工作待遇、规避失业与经济损失；反观无服务协议的普通劳动者依规被清退，违背公平公正用人纪律。
3、23年8月湄职院依规接收企业员工同时，违规接收11人进校，通过暗箱操作的这11人关系户违规进校问题2025年巡视组已点出问题，而直到26年7月才进行解聘，也未对相关领导进行处分。
4、学院在校区正常运营、员工并未犯错的前提下，做出清退部分人员，给予经济补偿金，后重新招录人员之举，此举需要付出几百万补偿金。该操作属于人为制造岗位空缺，无端增加财政支出。据了解，25年至今所有的供应商（除物业、水费、电费等刚需费用外）应付款长期拖欠不付，却挥霍财政资金用于无必要的裁员补偿，涉嫌国有资金浪费。
举报诉求：
1、暂缓方案推动。
2、公平处理，56人统一政策，要么统一续签，要么统一不续签、统一安置。",2026-06-04 16:08:12,,,"莆田市12345中心
莆田市12345中心",创建示范/达标,种类数量过多/未批准/运动式/作秀式/一阵风,为了应付上级检查/考核/指标而增加一线无谓负担,0.8,"['人事决策', '多重标准', '选择性适用用工规则']",该条目反映湄洲湾职业技术学院在人事决策中存在多重标准和选择性适用用工规则，可能为了应付上级检查而增加一线无谓负担。,建议调取人事决策文件、上级检查文件、相关会议记录等材料，了解是否存在为了应付上级检查而增加一线无谓负担的情况。,该条目反映人事决策中存在多重标准和选择性适用用工规则，可能为了应付上级检查而增加一线无谓负担。,qwen2.5vl:7b,full,HIGH,[],2026-08-09 18:10:36.052201
FJ26060420157,多户民众向12345投诉肖玉树违规占地确无人跟进处理，明明违规占地相关政府人员不处理，涵江12345工作人员不明确事实真相，次次退回诉求以同样话术回复,请涵江12345继续传达相关问题，你不传达下去，相关部门如何解决，而不是推脱给纪检单位。 1、肖玉树户2023年5月违规搭建围墙投诉至今无人处理，该围墙位署及周边，以前为我户及其他村民旧厕所位置。去年向村委寻求帮助时，村里解释九几年“厕改”时上述位置已收归国有，并明确说明肖玉树户未有报批手续，即肖玉树搭建围墙行为违法，请相关部门依法拆除，相关部门也明确回复说，涉及利益帮忙解决，结果上一条这么说，下一条回复又是推卸责任，请相关部门履行职责。 2、投诉跟进此项工作的政府相关人员，该投诉未办结，已被无故关闭502次投诉通道，未完成的诉求就按完成结案。 3、多户乡民向12345投诉肖玉树违规占地，你们确至今都是不处理。,2026-06-04 15:29:17,莆田市,涵江区,"涵江区12345中心
涵江区12345中心",权责不清/甩锅,清单外事项下放/签责任状转嫁/属地管理甩锅,为了应付上级检查/考核/指标而增加一线无谓负担,0.8,"['层层加码', '一刀切']",该条目反映的是政府工作人员在处理违规占地问题时，存在推诿和拖延现象，表明存在为了应付上级检查/考核/指标而增加一线无谓负担的情况。,建议调取相关政府工作人员的处理记录、上级检查/考核/指标的相关文件、以及相关部门的回复记录，以核实是否存在形式主义为基层增加负担的问题。,该条目反映了政府工作人员在处理违规占地问题时存在推诿和拖延现象，符合为了应付上级检查/考核/指标而增加一线无谓负担的判断逻辑。,qwen2.5vl:7b,full,HIGH,[],2026-08-09 18:11:21.510959
QZ26060329026,投诉：村干部许*山侵占土地、龙眼树地划分界线三方分地未能处理 M,诉求者来电反映原工单QZ25040301296，部门已答复，问题没有处理，镇政府一直不处理。驻张坑村工作队员黄*东在处理许*山霸占耕地、不与三方((许*山、许*山、许*进)分龙眼树地界线行政不作为乱作为、欺上瞒下、歪曲事实颠倒黑白充当许*山的保护伞。1、10月14日本人找驻村干部查询不到本人反映的事项信息，驻村干部（李*）电脑没有收到投诉的相关事项问题信息，诉求者表示既然没有收到事项相关问题，为什么会回复部门答复意见处理，请政府各部门和霞美镇政府答复。在南安市霞美镇镇长黄*水不作为，乱作为。2、镇长亲自告诉其2025年7月14日-7月30日村书记黄*江已经处理，三方要到现场分龙眼树地界，等驻村干部李*探亲回来就到现场分龙眼树界限。诉求者2025年8月4日和村书记黄*江联系，请求分地。2025年8月4日村书记告知许*山不到现场分龙眼树地界，因驻村工作队员黄*东和村委会副主任黄*湖告知许*山，诉求者到国家信访局控告许*山的多项罪状，许*山才不到现场分地，诉求者有录音证据。诉求者请求镇政府处理问题，镇政府一直推脱，不作为，敷衍了事。诉求者多次和南安市纪委书记陈*松反映情况，南安市纪委书记9月4日告知4+2处理，镇书记黄*良、镇长黄*水，驻村村干部李*，村书记黄*江4个人处理，再加两个人，驻村工作队员黄*东和村委会副主任黄*湖，动员许*山到现场分地，至今一直未处理。诉求者和纪委书记反映，纪委书记表示会抓紧处理。诉求者2025年1月13日和1月16日向人大反映，转到霞美镇处理。2025年6月6日向国家信访局反映情况，霞美镇政府6月23日书面答复2025年8月10日处理完成。诉求者表示镇政府于8月4日书面回复，但歪曲事实，颠倒黑白。诉求者9月22日到省信访局反映，信访局要求霞美镇处理。诉求者表示多次向中央巡视组反映多次，未处理。诉求者2025年10月9日到镇里找镇长，找不到镇长。诉求者第一次拨打镇长电话，电话不接。诉求者第二次拨打镇长的电话，镇长让其找李*和戴*阳。诉求者告知镇长，李*2023年至今多次表示处理不了，镇长违背南安市纪委书记陈*松的4+2处理方案。要求按照南安市纪委书记说的4+2处理，镇长挂断电话。诉求者多次拨打镇长的电话，电话无法拨通。诉求者表示镇长不作为，乱作为，制造冤假错案，镇长明目张胆保护村霸许*山，多次反映未处理，恳求按照纪委书记说的4+2处理，恳求政府各部门合理合法，依法依规、公平公正，处理问题。请求平台打电话给镇长（黄*水），反映存在现实问题，并请求处理问题。现问题没解决，信息天天来，驻村干部李*表示查不到其投诉的问题，平台多次将工单批转南安市12345不合理。诉求者表示其拨打的是泉州市12345中心的固定电话28382345，强烈要求泉州市12345中心和政府处理，不要将工单派转到南安市12345中心处理。故再次反映，望部门核实处理。,2026-06-03 20:44:46,泉州市,南安市,"泉州市12345中心
泉州市12345中心",权责不清/甩锅,清单外事项下放/签责任状转嫁/属地管理甩锅,为了应付上级检查/考核/指标而增加一线无谓负担,0.8,"['村干部不作为', '行政不作为', '乱作为']",该条目反映村干部在处理土地纠纷问题时存在不作为、乱作为现象，可能与上级检查或考核有关，增加了基层负担。,建议调取镇政府、驻村干部、村书记的会议记录、工作日志、相关文件等，以核实是否存在为了应付上级检查而增加基层负担的情况。,投诉内容涉及村干部不作为、乱作为，可能与上级检查或考核有关，增加了基层负担。,qwen2.5vl:7b,full,HIGH,[],2026-08-09 17:54:35.925745
ZZ26060320303,投诉：龙海区海澄镇政府户口迁出问题,群众来电：地址位于龙海区海澄镇政府，群众现要办理户口迁出手续，需龙海区海澄镇政府出具盖章材料，但镇政府告知需先村级开会研讨、逐级领导审批后方可盖章，群众认为其办事流程环节较多、手续繁琐，希望精简办事流程，缩短审批时限，高效完成盖章业务，望职能部门核实情况协助处理。,2026-06-03 09:28:35,漳州市,龙海区,"龙海区12345中心
龙海区12345中心",权责不清/甩锅,清单外事项下放/签责任状转嫁/属地管理甩锅,为了应付上级检查/考核/指标而增加一线无谓负担,0.8,"['层层加码', '一刀切']",该条目反映的是群众在办理户口迁出手续时，需要经过多级审批和会议研讨，导致办事流程繁琐、审批时间长。这反映了基层在办理某些事务时，为了应付上级检查或考核，而增加了基层的无谓负担。,建议调取相关审批流程的文件、会议记录以及审批人员的访谈，以核实是否存在层层加码和过度审批的情况。,投诉内容反映了基层在办理户口迁出手续时，需要经过多级审批和会议研讨，导致办事流程繁琐、审批时间长，这符合为了应付上级检查/考核/指标而增加一线无谓负担的判断逻辑。,qwen2.5vl:7b,full,HIGH,[],2026-08-09 17:53:06.222135
SM26060320014,尤溪县行政服务中心对乡镇便民服务中心监管不力，行政不作为。,尤溪县行政服务中心对乡镇便民服务中心监管不力，行政不作为，任由乡镇便民中心抽调无关人员顶班值班，上班不履职，基层便民窗口形式主义泛滥成灾。,2026-06-03 04:15:44,三明市,尤溪县,"三明市12345中心
三明市12345中心",指尖形式主义,强制打卡/积分排名/在线时长/上传照片视频轨迹,为了应付上级检查/考核/指标而增加一线无谓负担,0.8,"['指尖形式主义', '监管不力', '行政不作为']",该诉求反映尤溪县行政服务中心对乡镇便民服务中心监管不力，行政不作为，导致基层便民窗口形式主义泛滥。这表明为了应付上级检查/考核/指标，基层工作人员可能被要求进行不必要的工作，增加了基层负担。,建议调取尤溪县行政服务中心对乡镇便民服务中心的监管文件、乡镇便民服务中心的工作记录、以及相关工作人员的工作日志，以核实是否存在为了应付上级检查而增加基层负担的情况。,诉求内容反映基层行政服务中心监管不力，导致形式主义泛滥，符合为了应付上级检查/考核/指标而增加一线无谓负担的核心判断逻辑。,qwen2.5vl:7b,full,HIGH,[],2026-08-09 18:05:49.606529
FZ26060121548,请效能办监督大凰山社区黄冬书记为民办实事,"本人是福州市鼓楼区洪山镇大凰山居民，住所在榕发乌山郡小区。近期，大凰山社区工作人员在未依法组织召开小区业主大会、未满足物业管理法定表决比例的前提下，擅自组织小区小部分党员业主组建所谓“临时物业管理委员会”。
 
一、组建流程违规、主体权限不符，属于越权履职。
 大凰山社区工作人员未按照法定流程核查小区实际情况，社区已连续三年牵头组织成立小区业委会，连续三年业主投票都不通过，绝大部分业不同意成立业委会，维持现状物业管理状态就好。这个大凰山社区工作人员不死心，私心重，非要违背我们民众的意愿，一定要成立。结果今年还是没有通过。现在倒好，来个变相的，擅自组织小区小部分党员来成立临时物业管委，不用小区三分之二业主的投票表决，想暗箱操作完成直接任命。这种行为直接侵害了全体业主的知情权、参与权与监督权，属于超出法定职权的违规操作。我们小区超三分之二以上的业主反对这个大凰山社区一直以来的所作所为，完全不考虑居民的意愿，不为民办实事。强烈要求效能办和上级组织能介入监督大凰山社区工作人员的协调处理，要求其为民办实事，不要再做一些与民反道之事，立即停止榕发乌山郡成立临管会事宜。
 
二、侵占小区业主公共收益
      大凰山社区占用小区多个配套用房，其6号楼大凰山社区门口的停车位也被占用，减少了小区公共收益，要求相关部门介入协调处理，还我小区业主合法的公共收益。",2026-06-01 12:04:25,福州市,鼓楼区,福州市鼓楼区洪山镇人民政府,权责不清/甩锅,清单外事项下放/签责任状转嫁/属地管理甩锅,为了应付上级检查/考核/指标而增加一线无谓负担,0.8,['业委会建设管理'],该条目反映的是社区工作人员在未依法组织召开小区业主大会、未满足物业管理法定表决比例的前提下，擅自组织小区小部分党员业主组建所谓“临时物业管理委员会”的问题，这属于层层加码/一刀切，增加了基层负担。,建议调取社区工作记录、业主大会会议记录、物业管理委员会组建文件等材料，以核实是否存在越权履职、未依法组织业主大会等问题。,该条目反映的是社区工作人员在未依法组织召开小区业主大会、未满足物业管理法定表决比例的前提下，擅自组织小区小部分党员业主组建所谓“临时物业管理委员会”的问题，这属于层层加码/一刀切，增加了基层负担。,qwen2.5vl:7b,full,HIGH,[],2026-08-09 16:20:34.209365
ND26060120063,投诉这个所谓上级以放假名义阻止学校在放假期间搞活动,六一儿童节家长要上班，好不容易学校的老师肯牺牲时间在放假期间带孩子玩一天，但有关上级搞形式主义临时要求把小朋友赶回家，只有小朋友回家的才算放假，强迫小朋友回家不能在学校玩。我问了很多小朋友都喜欢学校搞活动玩一天。那如果这样三八妇女节五四青年节工会在那天搞活动的是不是也不能搞。投诉这个上级搞形式主义，请把在学校玩还是回家的选择权利给孩子。,2026-06-01 09:00:37,宁德市,蕉城区,宁德市蕉城区教育局,指尖形式主义,强制打卡/积分排名/在线时长/上传照片视频轨迹,为了应付上级检查/考核/指标而增加一线无谓负担,0.8,"['指尖形式主义', '上级要求', '学生放假活动']",该投诉反映上级以放假名义阻止学校在放假期间搞活动，这可能与上级要求学校在特定时间进行特定活动有关，属于为了应付上级检查/考核/指标而增加一线无谓负担的情况。,建议调取上级关于学校活动安排的文件、会议记录以及学校活动安排的记录，以核实是否存在为了应付上级检查/考核/指标而增加一线无谓负担的情况。,投诉内容反映上级要求学校在特定时间进行特定活动，这可能与上级检查/考核/指标有关，增加了基层负担。,qwen2.5vl:7b,full,HIGH,[],2026-08-09 16:51:09.136624
FZ26060120075,挺好笑的,"嗯，今天来讲一下这个职专民乐团给我们的大专班学生打抱不平啊
听说大专的学生强制加入民乐团，教育部发的《关于加强中小学学生社团建设管理的意见》里面指出的严格遵循学生自主原则，不得强制或变相强制学生加入，诶，虽然说是大专班但现在也是高中阶段啊，教育部的纲领看到哪里去了？又搁这欺上瞒下罔僚，你强制就算了，教的老师态度还不好，啥意思啊，搞得学生乐意来似的摆个臭脸给谁看。？
哎，听说这个民乐团是县里还是市里教育局支持的，挺厉害啊，这个县市教育局还有这个职专学校挺厉害呀，教育部发的纲领看都不看，理都不理，为了面子工程置学生于何地？又把教育部明确提出的纲领放在什么位置，真搞不懂这些形式主义面子工程有什么好弄的，利民的事情那是一点不办，整起学生来倒是一套一套的，以前咋没看出来官僚主义这么重呢你们
不要觉得我在发牢骚啊，教育部明确指出的东西是谁没有遵守我不说，你们要是觉得我们福州或者我们连江教育局权利比教育部还大那我跟你没话讲
借着这个事情顺道讲讲抽烟，也是挺厉害，我从去年一直举报到今年终于让那群行政肯视察视察，严抓几天，结果呢才过一两个月又打回原形，不管是学生宿舍还是教学楼厕所全都是烟味，甚至比之前更甚，干嘛？我不举报你就不抓了吗，这种东西要我教吗？就这还好意思说保障学生身心健康，保障到狗肚子里去了",2026-06-01 01:55:05,福州市,连江县,福建省连江县教育局,创建示范/达标,种类数量过多/未批准/运动式/作秀式/一阵风,为了应付上级检查/考核/指标而增加一线无谓负担,0.8,"['校风校纪', '形式主义为基层增加负担']",该条目反映教育部的纲领未被严格遵守，强制学生加入民乐团，且教师态度不好，这可能与为了应付上级检查/考核/指标而增加一线无谓负担有关。关键现象是教育部的纲领未被遵守，关键因果链条是上级检查/考核/指标的压力导致基层执行不力。,建议调取教育部的纲领文件、学校关于学生社团建设的文件、教师和学生的访谈记录，以及相关会议记录。,该条目内容涉及教育部纲领未被遵守，且提到为了面子工程而强制学生加入民乐团，符合为了应付上级检查/考核/指标而增加一线无谓负担的判断逻辑。,qwen2.5vl:7b,full,HIGH,[],2026-08-09 16:54:33.558119
