appeal_id,title,content,publish_time,region_city,region_district,complained_unit,category,subcategory,root_cause,confidence,tags,qualitative_analysis,evidence_suggestion,llm_reason,llm_model,route,priority,matched_keywords,created_at
PT26080820429,关于荔城区12345平台与北镇镇包片干部、村干部的的回复相关材料一事。,如果荔城区的12345平台只是传声筒，也是浪费纳税人的钱。北高镇包片干部和村里想看的材料，我附带了，我顺便抄送环保督查、纪委平台一份，慢慢来。2025年12月份的照片，水印都在，当时通过12345平台投诉村镇压下来，让他继续施工，就这种货色区里和镇里敢让这些人当干部？用来横行乡里鱼肉百姓？时间节点还有每次村镇答复都有，我就看你们这群里够不够判。,2026-08-08 14:01:47,莆田市,荔城区,,形式主义为基层减负,层层加码/一刀切,为了应付上级检查/考核/指标而增加一线无谓负担,0.9,"['层层加码', '一刀切', '平台任务摊派']",该条目描述了荔城区12345平台在处理投诉时，要求包片干部和村干部提供大量材料，甚至抄送环保督查、纪委平台，这表明平台在任务分配上存在层层加码和一刀切的现象，增加了基层干部的负担。,建议调取12345平台的投诉处理记录，查看是否存在要求包片干部和村干部提供大量材料的情况，以及这些材料是否与实际工作无关。,该条目描述了平台在任务分配上存在层层加码和一刀切的现象，增加了基层干部的负担。,qwen2.5vl:7b,full,HIGH,[],2026-08-09 13:05:22.665727
FZ26080821173,成立业主大会筹备组事宜,"对投诉件处理情况的意见
         8月7日上午上渡街道滨洲社区居委会召集滨江假日花园小区新一期筹备组候选人开会，准备推选筹备组成员。但从出席会议候选人人选中我们发现，上渡街道办事处和滨洲社区居委会并没有认真履行职责，未按照“公告”中的要求对候选人进行认真审核筛选，将不符合条件的报名人列入候选人，进入推选环节。
         8月7日下午，滨洲社区居委会工作人员打电话向我说明投诉件处理情况（诉求编号：FZ26080420870）。根据她的说明，发现滨洲社区居委会存在以下错误做法：（1） 将“公告”要求的候选人应“常住本住宅区域”与有本小区住宅产权混淆；（2）将“曾是前一期筹备组成员但不履行筹备组安排的工作、很少参加筹备组会议”这种不符合“公告”要求的候选人应“具备必要的工作时间”的人列入合格候选人名单，还为其辩解说：之前不具备必要的工作时间不等于今后也不具备必要的工作时间。漠视事实和“公告”要求；（3）对存在以下不端行为的人视而不见，照样列入合格候选人名单：前一期筹备组个别人员伪造筹备组会议纪要，向政府部门套取小区业主个人信息用于个人目的，并干扰和阻碍业主大会投票、开箱计票。
         另外，滨洲社区居委会推诿责任，将审核合格候选人的工作职责推给了上渡街道办事处。
         总之，上渡街道办事处和滨洲社区居委会对成立滨江假日花园小区新一期筹备组的工作敷衍，草率行事。
         为此再次恳请政府相关部门派人下沉上渡街道和滨洲社区，指导并督促做好新一期滨江假日小区成立业主大会筹备组工作。",2026-08-08 14:00:31,福州市,仓山区,,形式主义为基层减负,评比创建/证明/借调,为了应付上级检查/考核/指标而增加一线无谓负担,0.9,"['评比创建', '证明', '借调跟班']",该条目描述了滨洲社区居委会在成立筹备组时，存在错误做法，如混淆候选人条件、推诿责任等，这表明在评比创建过程中存在形式主义，增加了基层干部的负担。,建议调取滨洲社区居委会在筹备组成立过程中的相关文件和记录，查看是否存在错误做法，以及这些做法是否与评比创建相关。,该条目描述了在评比创建过程中存在形式主义，增加了基层干部的负担。,qwen2.5vl:7b,full,HIGH,[],2026-08-09 13:08:41.665601
XM26080722732,关于同安城建公司基层员工名下不能有个体户的问题,同安城建公司过度解读《国有企业领导人员廉洁从业若干规定》，文件要求的是国有企业领导层人员，法条完整前提是禁止利用职权谋私、损害企业利益。现基层员工所开设个体户未与本企业的业务和服务对象业务无任何关联，只要有办理个体户的全都算作违规，明显曲解文件本意；违背制度设立初衷。存在过度解读文件，一刀切问题。请公司合理处理该事件问题。,2026-08-07 18:53:43,厦门市,同安区,厦门同安城市建设集团有限公司,形式主义为基层减负,层层加码/一刀切,为了应付上级检查/考核/指标而增加一线无谓负担,0.9,"['国有企业', '基层员工', '个体户', '过度解读文件']",该条目反映的是同安城建公司过度解读《国有企业领导人员廉洁从业若干规定》，将基层员工开设个体户的问题一刀切为违规，属于层层加码/一刀切问题，核心根因是为了应付上级检查/考核/指标而增加一线无谓负担。,建议调取公司内部文件、相关法规文件、员工个体户开设情况记录等材料，找公司相关负责人谈话，了解具体情况。,该条目反映的是公司过度解读文件，将基层员工开设个体户的问题一刀切为违规，属于层层加码/一刀切问题，核心根因是为了应付上级检查/考核/指标而增加一线无谓负担。,qwen2.5vl:7b,full,HIGH,[],2026-08-09 12:41:29.423753
FZ26080722110,关于纠正垃圾屋建设审批单位违规干预民生改造项目的投诉信,"尊敬的上级主管部门领导：

您好！我是福州市晋安区香樟林城市花园小区居民。现就本小区合规垃圾屋更新改造工作被垃圾屋建设审批单位违规干预、单方面阻挠一事，正式向贵单位反映情况，恳请予以调查处理。

一、项目背景与合规性

为积极响应2026年福州市政府工作报告中关于垃圾分类屋提质改造、城市精细化管理、人居环境品质提升的工作部署，全面落实《福建省“十五五”城市更新规划》（闽政〔2026〕9号）中“推进完整社区建设、补齐社区环卫基础设施、优化公共设施布局、以人民为中心提升居住品质”的省级工作要求，本小区业委会结合实际情况与居民生活投放习惯，经业委会全体一致审议通过、业主群公示征求意见、广大居民一致认可后，依规提出老旧垃圾屋原址更新升级申请。

本次垃圾屋更新严格对标福州市垃圾分类屋“八有八无”标准化建设规范（“八有”：有配分类管理员、有安装监控探头、有洗手排水设施、有通风排气设施、有灭菌除臭设施、有灯光照明设施、有规范分类标识、有完善管理台账；“八无”：地面无积水、内外无垃圾、门窗无灰尘、立面无乱贴、桶内无满溢、墙体无污渍、设施无损坏、屋亭无臭味），完全符合政府提质改造导向，属于纯粹服务民生、改善小区环境、优化居民生活便利度的合规民生提升项目。

二、审批单位违规干预行为

项目全程遵循民意、尊重民需、贴合民生，完全是居民自治、群众认可的正当合理诉求。但近期获悉，本小区合规垃圾屋更新工作被垃圾屋建设审批单位单方面要求搁置、不予推进。经多方了解，该审批单位并非基于政策规范、规划要求、安全理由否决项目，而是要求小区必须完全按照其个人喜好、指定方案建设，否则一律不予审批通过。

该行为存在以下严重问题：

1. 越权审批、以权谋私：审批单位的法定职责是依据规划和技术规范进行合规性审查，而非以个人审美偏好替代专业标准和群众意愿，强行指定建设方案属于典型的权力越界。
2. 漠视民意、脱离群众：项目方案经业委会全体审议、业主群公示、广大居民认可，是居民自治的合法成果。审批单位以个人喜好全盘否定群众共识，严重违背“以人民为中心”“问需于民”的基层治理核心要求。
3. 官本位思想严重、小权大用：将行政审批权异化为个人意志的推行工具，存在明显的官僚主义作风。

三、政策依据

1. 中央层面：根据中共中央办公厅、国务院办公厅《整治形式主义为基层减负若干规定》（2024年7月30日中共中央政治局会议审议批准），明确规定“形式主义、官僚主义是顽瘴痼疾，必须下大力气坚决纠治”“切实把基层从形式主义、官僚主义束缚中解脱出来”。严禁基层干部脱离群众、主观决策、漠视群众合理诉求，坚决纠治基层官僚主义、特权思想、随意干预小区正常自治事务的行为。
2. 福州市层面：依据《福州市“马上就办、真抓实干”若干规定（试行）》，明确要求“坚持服务群众和依靠群众相结合，打通直接联系服务群众‘最后一公里’”，严禁凭个人意志替代民意、以个人喜好凌驾群众需求之上。福州市长期倡导“民呼我为、接诉即办、以人为本”的基层治理理念，所有民生项目的出发点必须是便民、利民、惠民，而非满足个别工作人员的个人偏好。

四、核心诉求

垃圾屋建设服务的是全体小区居民，日常使用、环境影响、便利感受均由业主承担，理应尊重民意、尊重小区自治意见、尊重群众生活习惯。审批单位强行要求按个人喜好定方案，否则全盘否决民生改造项目，完全颠倒“服务与管理”的关系，违背“为人民服务”根本宗旨，属于典型的基层微权力滥用、官僚主义不作为、乱作为。

现正式向上级主管部门投诉，恳请：

1. 纠正审批单位以个人喜好替代民意、滥用审批职权阻挠合规民生改造的错误做法；
2. 督促审批单位依法依规履行审批职责，尊重小区居民意愿、尊重业委会合规决议、尊重省市城市更新与垃圾分类提质政策导向；
3. 恢复本小区老旧垃圾屋更新改造正常审批流程，支持小区开展合法合规的人居环境提升工作；
4. 对本次审批单位存在的官僚主义、漠视群众诉求的不正之风予以督导纠正，并明确其审批权限边界，防止类似越权行为再次发生。

恳请上级主管部门高度重视，尽快调查核实，切实维护群众合法权益，让民生工程真正惠及于民。

此致

敬礼

投诉人：晋安区香樟林城市花园小区居民",2026-08-07 15:45:01,福州市,晋安区,,形式主义为基层减负,审批单位违规干预,为了应付上级检查/考核/指标而增加一线无谓负担,0.9,"['垃圾屋建设', '审批干预', '基层治理']",该投诉涉及垃圾屋建设审批单位违规干预民生改造项目，反映审批单位以个人喜好替代民意，违背了“以人民为中心”的基层治理核心要求。投诉内容表明审批单位的行为是为了应付上级检查/考核/指标而增加了基层无谓负担。,建议调取垃圾屋建设审批单位的审批流程、相关文件、会议记录等材料，以核实审批单位是否存在越权审批、以权谋私等违规干预行为。,投诉内容明确指出审批单位以个人喜好替代民意，违背了基层治理的核心要求，属于为了应付上级检查/考核/指标而增加基层无谓负担。,qwen2.5vl:7b,full,HIGH,[],2026-08-09 12:46:34.696878
FZ26080720413,关于罗源县12345中心再次以“已转信访”为由拒绝转办本人投诉、拒不履行法定职责，损坏群众利益的投诉,"本人于2026年8月6日通过12345平台提交投诉（受理编号：FZ26080621374），就罗源县住建局、自规局、发改局、凤山镇等多个单位在西外路项目中对群众诉求敷衍塞责、损害干部形象的问题提出投诉。

2026年8月6日，罗源县12345中心以“已通过信访渠道反映（信访件编号：罗源信来信〔2026〕15号）”为由，再次拒绝将本人投诉转办至相关职能部门。

本人再次声明：本人从未主动向信访部门申请信访处理。“罗源信来信〔2026〕15号”系罗源县土地收购储备中心单方面将本人12345投诉归并后生成的编号，并非本人主动选择的救济渠道。

根据《福建省机关效能建设工作条例》第三十三条，各级机关对机关效能建设工作机构转办的投诉事项，应当及时办理并反馈办理结果，不得推诿、敷衍、拖延。罗源县12345中心以错误理由多次拒绝转办，已构成行政不作为、推诿塞责。同时，该行为严重损害了12345平台在群众心目中的公信力。

本人诉求：

1. 请福州市12345平台对罗源县12345中心履行监管职责，责令其立即将本人投诉（FZ26080621374）依法转交相关职能部门办理；
2. 对罗源县12345中心多次以“信访”为由拒绝转办、拒不履行法定职责的行为，依法依规予以处理；
3. 书面告知处理结果。
另外，答复说之前诉件相关单位依法依规作出答复，没有任何依据，纯属答非所问。（35个诉件均有本人不满意的回复，但每次他们都是答复完直接办结）凤山镇是有新的诉件没有答复，但之前的诉件并未答复本人核心诉求，就以办结的方式结束。

此件请福州市12345平台予以督办。

投诉人： 欧钗俤
联系电话： 18950226656
身份证：35012319430318001×
地址：西外路9号
日期： 2026年8月7日",2026-08-07 08:55:26,福州市,罗源县,"罗源县12345中心
罗源县12345中心",形式主义为基层减负,评比创建证明借调,为了应付上级检查/考核/指标而增加一线无谓负担,0.9,"['行政不作为', '基层投诉', '信访渠道']",该条目反映的是12345平台在处理群众投诉时，多次以“信访”为由拒绝转办，构成行政不作为。这属于为了应付上级检查/考核/指标而增加一线无谓负担的问题。,建议调取12345平台的投诉记录、相关单位的回复记录以及行政不作为的证据，如行政不作为的文件、会议记录等。,诉求人反映12345平台多次以“信访”为由拒绝转办，构成行政不作为，属于为了应付上级检查/考核/指标而增加一线无谓负担的问题。,qwen2.5vl:7b,full,HIGH,[],2026-08-09 12:38:36.404685
QZ26080621546,投诉：南安市洪濑镇政府处理围墙存在事实认定错误、敷衍处置 M,诉求者来电反映原工单QZ26060324085，部门已答复，现存在问题未解决：1、部门未给予实际性的办理结果，形式上敷衍；2、至今部门未有效理解本人的诉求，至今未给予处理结果，3.一次办好、两次办结、三次督办，多次反映至今未启动督办流程，要求泉州12345尽快答复。一直以第一次的答复结果作为回复、答非所问、投诉流于形式，其表示邻居先侵占土地，部门未核实土地地界权属、混淆合法自建。怀疑邻居给相关人员送礼，为何未公平公正处理，未核实土地的界限权属问题，未听取投诉方陈诉，存在单方面执法，违规执法问题。现要求恢复围墙、提级督办。望部门核实处理。,2026-08-06 19:44:31,泉州市,南安市,"南安市12345中心
南安市12345中心",形式主义为基层减负,层层加码/一刀切,为了应付上级检查/考核/指标而增加一线无谓负担,0.9,"['层层加码', '一刀切']",该条目反映的是政府部门在处理投诉时存在敷衍和形式主义问题，多次反映未启动督办流程，且存在答非所问和不公平公正处理的情况。这表明为了应付上级检查或考核，基层干部的负担被增加。,建议调取政府部门的督办流程记录、相关投诉工单记录、以及与基层干部的谈话记录，以核实是否存在形式主义为基层增加负担的情况。,投诉内容涉及基层干部在处理投诉时存在敷衍和形式主义问题，且多次反映未启动督办流程，表明为了应付上级检查或考核，基层干部的负担被增加。,qwen2.5vl:7b,full,HIGH,[],2026-08-09 11:48:14.567530
QZ26080621527,霞美镇 镇政府 工作人员不作为。乱作为。,"请介入调查霞美镇人民政府在12345平台 （诉求编号：QZ26062521072 ）作虚假回复、以及工作人员电话要求撤件并带威胁施压的问题。我有通话录音可随时提供，请追究相关责任人不作为、乱作为、干扰群众正常诉求的纪律责任。基层若此风一长，群众再无渠道反映真实问题。

霞美镇人民政府回复与事实严重不符：该镇在12345平台回复称“此前相关部门已经牵头为双方开展过协商……”，此说法完全虚假。事实是：火灾发生后，村里无人重视、无人组织协调，更无上级单位主动牵头调解。根本不存在所谓“协商过但未达成共识”的情况。该回复属于典型的不实陈述、敷衍塞责。

工作人员电话施压、带有威胁意味，要求撤回12345诉求：霞美镇人民政府相关人员曾致电与我沟通，我在通话中有完整录音。通话中对方明确要求我撤回已在12345平台的投诉文件，且言语间带有威胁、施压成分，一听即知是不作为、怕曝光、怕追责的心态，企图通过让受害者“撤件消音”来掩盖其失职。",2026-08-06 19:22:49,泉州市,南安市,"南安市12345中心
南安市12345中心",形式主义为基层减负,评比创建/证明/借调,为了应付上级检查/考核/指标而增加一线无谓负担,0.9,"['评比创建', '证明', '借调']",该条目反映的是霞美镇人民政府在处理群众诉求时存在虚假回复、威胁施压等问题，属于评比创建/证明/借调类形式主义。基层干部在处理群众诉求时受到上级考核压力，导致不作为、乱作为，增加了基层负担。,建议调取霞美镇人民政府的回复记录、通话录音等材料，找相关工作人员谈话，核实是否存在虚假回复和威胁施压的情况。,该条目反映的是基层干部在处理群众诉求时受到上级考核压力，导致不作为、乱作为，增加了基层负担，属于评比创建/证明/借调类形式主义。,qwen2.5vl:7b,full,HIGH,[],2026-08-09 11:48:47.715055
FJ26080620070,关于孤独症初筛任务基数以2025年年报数直接作为2026年初筛任务基数严重虚高，不符合实际反映,"内容：
近日收到关于孤独症儿童初筛工作的通知，要求以2025年妇幼健康年报7岁以下儿童数作为2026年“0-6岁儿童预估数”依据，并要求各乡镇于9月份完成初筛任务数100%。现结合基层实际，反映以下问题：

一、任务基数与实际应筛人群严重不符
通知要求采用2025年妇幼年报7岁以下儿童数，而孤独症初筛对象为2020年1月1日及以后出生的儿童。将2019年出生儿童要去除，近年来出生人口呈下降趋势，去除2019年出生人数后，实际可筛儿童明显少于往年。以2025年年报数直接作为2026年初筛任务基数，导致任务数虚高，脱离实际人数，市卫健委是否在暗示基层工作者要作假？是否与“应筛尽筛”的真实范围脱节？市卫健委能否走出办公室，看看实际情况？市卫健委的依旧是什么？

二、工作导向问题
当前安排更像是优先保证报表数据“完整、漂亮”，而非立足实际便民、科学推进。任务基数脱离真实应筛人群，基层只能在“完成任务”和“规范执行”之间两难。这种做法增加基层压力，也影响数据真实性和后续追访质量。

建议：
1.重新核实并调整任务基数，按2020年1月1日及以后出生、且达到应筛年龄的实际儿童数下达任务；
2.给予合理工作节奏，确保质量而非单纯追求完成率。",2026-08-06 09:46:41,泉州市,,泉州市卫生健康委员会,形式主义为基层减负,台账留痕迎检,为了应付上级检查/考核/指标而增加一线无谓负担,0.9,"['台账留痕迎检', '任务基数虚高']",该条目反映的是任务基数与实际不符，导致基层压力增加，且工作导向偏向报表数据完整，而非实际工作质量。这表明为了应付上级检查而增加了基层负担。,建议调取2025年妇幼健康年报数据、2026年初筛任务基数下达文件、基层工作日志等材料，以核实任务基数虚高和工作导向问题。,该条目反映了任务基数与实际不符，导致基层压力增加，且工作导向偏向报表数据完整，而非实际工作质量。,qwen2.5vl:7b,full,HIGH,[],2026-08-09 11:45:40.993179
XM26080620366,投诉市、海沧区两级12345未落实闽政办〔2016〕179号督办规定，长期草率办结群众不满意工单，恳请市政府、市机关效能办提级介入严查,"厦门市12345、海沧区12345两级热线处理本人多件诉求时，均仅简单以承办部门已出具“依法依规答复”为由直接办结工单，完全无视本人长期、多次标注的不满意评价，仅机械流转工单，拒不履行平台监督、跟踪督办法定职责。
 
依据闽政办〔2016〕179号文件明确要求，群众多次持续反映诉求、对处置结果长期不满意的事项，应当纳入重点督办事项闭环处置。本人数千次实名反馈范心琪事业单位招录相关问题，每笔工单均同步上传录音、书面档案等充足完整证据材料，但市、区两级12345平台长期只做单向转派，拒不按文件规定启动专项督办与整改核查。
其中海沧区教育局历次答复均答非所问、刻意避重就轻，企图依靠后期新修订的体检标准掩盖当事人早年入职隐瞒病史、违规聘用的既定违纪事实，严重违背法不溯及既往基本原则；海沧区人民政府未尽属地监管责任，厦门市人社局、厦门市信访局未履行行业督查、信访督办职责，多方放任基层单位敷衍回避案件核心争议，致使群众诉求长年循环空转、无法实质化解。
 
现郑重提出四点处置要求：
1、责令厦门市12345、海沧区12345严格落实闽政办〔2016〕179号全部条款，将本人所有相关历史工单统一列为重点督办事项，全程跟踪督办整改；
2、本次诉求同步分流转派至厦门市信访局、厦门市人社局、海沧区人民政府、海沧区教育局四家单位协同核查处置；
3、督办四家单位调取全套原始人事招录档案，全面重新核查全案事实，逐项正面回应本人全部核心争议诉求，严禁再次出现答非所问、避重就轻的敷衍式答复；
4、针对本次全程督办流程、各单位重新核查处置完整结果，向本人出具规范正式的书面反馈材料。",2026-08-06 09:06:16,厦门市,海沧区,"厦门市12345中心
厦门市12345中心",形式主义为基层减负,层层加码/一刀切,为了应付上级检查/考核/指标而增加一线无谓负担,0.9,"['群众投诉', '工单处理', '督办规定']",该条目反映的是厦门市12345热线处理群众诉求时，仅简单以承办部门已出具“依法依规答复”为由直接办结工单，完全无视群众长期、多次标注的不满意评价，仅机械流转工单，拒不履行平台监督、跟踪督办法定职责。这反映了为了应付上级检查/考核/指标而增加一线无谓负担的情况。,建议调取厦门市12345热线的工单处理记录，查看是否存在仅机械流转工单而不进行实质处理的情况；同时，可以找相关工作人员了解具体处理流程和原因。,投诉内容主要集中在厦门市12345热线处理群众诉求时，仅简单以承办部门已出具“依法依规答复”为由直接办结工单，完全无视群众长期、多次标注的不满意评价，仅机械流转工单，拒不履行平台监督、跟踪督办法定职责。这反映了为了应付上级检查/考核/指标而增加一线无谓负担的情况。,qwen2.5vl:7b,full,HIGH,[],2026-08-09 11:47:30.705081
FJ26080520223,举报福州市鼓楼区政府刘用全负责人信访数据造假、督办空转、堵截网上信访、失职渎职,"事件地点：数据造假罪加一等！福建省福州市鼓楼区政府（鼓楼区政府请收敛）知法犯法长期对我投诉件删除修改？


实名投诉：鼓楼区委书记刘用全纵容造假堵截信访通道
鼓楼区信访配合造假堵截，督办空转。恳请中纪委严查刘用全失管纵容造假，彻查堵截黑幕并严肃问责。

国信平台异常波及鼓楼区，暴露属地监管失控。
4月24日18:00至25日8:00公告维护。25日22:07我点开平台，仍显示24日旧公告，通道锁死。
26日8点后投递，至17:03仍显24日公告，服务未开。
更奇葩的是，维护未到18:00平台提前发布维护公告，公然造假。

4月25日晚至26日17:03，公告不撤、通道锁死、提前造假，行为恶劣、固定异常。
到今天26日17:03打开依然是周五公告，天大笑话，腐败公开叫板吗？

非技术故障，实为后台手动操作、内鬼上阵，蓄意阻断群众信访权利。
鼓楼区作为属地，刘用全身为第一责任人，对此恶性造假、通道堵截视而不见，监管严重失责，基层信访沦为摆设，损害政府公信力。",2026-08-05 22:10:42,福州市,鼓楼区,"鼓楼区12345中心
鼓楼区12345中心",形式主义为基层减负,台账/留痕/数据造假,为了应付上级检查/考核/指标而增加一线无谓负担,0.9,['台账/留痕/数据造假'],该条目反映的是关于鼓楼区政府在国信平台上的数据造假、督办空转、堵截网上信访等问题，涉及为了应付上级检查/考核/指标而增加一线无谓负担的情况。投诉内容主要集中在对政府工作人员不作为的不满，以及对信访渠道的堵塞，反映了基层信访工作被形式主义所困扰。,建议调取国信平台的后台操作记录，查看是否有手动修改公告、封锁信访通道等行为；询问相关工作人员是否存在为了应付上级检查而进行数据造假的情况。,该条目涉及为了应付上级检查/考核/指标而增加一线无谓负担的具体情况，属于台账/留痕/数据造假类型。,qwen2.5vl:7b,full,HIGH,[],2026-08-09 11:09:57.735493
FZ26080521973,F：就工单FZ26080420041再次催告,"12345中心局长
 
本人2026年08月04日提交全新工单FZ26080420041，附带法文质询内容，明确要求本件独立处置，禁止复用旧工单答复、禁止合并历史案件，严格执行防合并、防组合要求。
 
本次工单处置全程敷衍潦草，工作人员未完整研读工单内容，面对外文诉求内容，既不自主学习解读，也不向上级部门流转上报，直接套用老旧工单FZ26031822704的过期答复强行结案，属于典型形式主义敷衍办结。
 
无法识别、无法读懂外文诉求，不是糊弄群众、套用旧工单结案的借口。身为公职党员干部，本该主动提升业务能力、直面群众诉求、带头为群众排忧解难。现实却是群众反复告知办理规则，反向指导单位如何履职，干部不作为、不研判、不处置问题，完全背离党员服务群众的基本准则。
 
Ce nouveau dossier FZ26080420041 ne peut pas être traité par les anciennes réponses archivées. Le responsable du centre ignore le contenu de la demande en français, ne fait aucune analyse nouvelle et ferme le dossier arbitrairement. Ce comportement est un manquement au devoir professionnel et un traitement formaliste des demandes du peuple.
 
责令对FZ26080420041工单单独重启办理流程，全面重新研判诉求，开展实质性调查，彻底处置本次纠纷问题。
 
以旧工单答复应付新诉求，是该局长履职的重大败笔，带领团队以此方式糊弄老百姓，老百姓心中自有评判。后续我会持续提交工单，直至12345系统工单提交渠道上限。",2026-08-05 14:18:24,福州市,晋安区,"福州市12345中心
福州市12345中心",形式主义为基层减负,指尖形式主义,为了应付上级检查/考核/指标而增加一线无谓负担,0.9,"['物流快递问题', '形式主义为基层减负']",该条目投诉工单处理过程中存在形式主义，工作人员未完整研读工单内容，直接套用旧工单答复，导致处理不力。这反映了为了应付上级检查/考核/指标而增加一线无谓负担的问题。,建议调取工单处理记录、工作人员培训记录、上级部门考核记录等材料，以核实是否存在形式主义现象。,投诉内容明确指出工单处理过程中存在形式主义，且工作人员未完整研读工单内容，直接套用旧工单答复，反映了为了应付上级检查/考核/指标而增加一线无谓负担的问题。,qwen2.5vl:7b,full,HIGH,[],2026-08-09 11:26:29.093754
FJ26080420247,举报福州市鼓楼区政府刘用全负责人信访数据造假、督办空转、堵截网上信访、失职渎职,"事件地点：数据造假罪加一等！福建省福州市鼓楼区政府（鼓楼区政府请收敛）知法犯法长期对我投诉件删除修改？


实名投诉：鼓楼区委书记刘用全纵容造假堵截信访通道
鼓楼区信访配合造假堵截，督办空转。恳请中纪委严查刘用全失管纵容造假，彻查堵截黑幕并严肃问责。

国信平台异常波及鼓楼区，暴露属地监管失控。
4月24日18:00至25日8:00公告维护。25日22:07我点开平台，仍显示24日旧公告，通道锁死。
26日8点后投递，至17:03仍显24日公告，服务未开。
更奇葩的是，维护未到18:00平台提前发布维护公告，公然造假。

4月25日晚至26日17:03，公告不撤、通道锁死、提前造假，行为恶劣、固定异常。
到今天26日17:03打开依然是周五公告，天大笑话，腐败公开叫板吗？

非技术故障，实为后台手动操作、内鬼上阵，蓄意阻断群众信访权利。
鼓楼区作为属地，刘用全身为第一责任人，对此恶性造假、通道堵截视而不见，监管严重失责，基层信访沦为摆设，损害政府公信力。",2026-08-04 21:29:27,,,,形式主义为基层减负,评比创建证明借调,为了应付上级检查/考核/指标而增加一线无谓负担,0.9,"['评比创建', '证明', '借调']",该投诉涉及鼓楼区政府在信访数据造假、督办空转、堵截网上信访等问题，反映了基层信访工作被人为干扰，属于形式主义为基层增加负担的情况。,建议调取鼓楼区政府信访数据管理的相关记录，以及与信访工作人员的谈话记录，以核实是否存在数据造假、督办空转、堵截信访通道等问题。,投诉内容涉及信访数据造假、督办空转、堵截网上信访等问题，属于形式主义为基层增加负担的情况。,qwen2.5vl:7b,full,HIGH,[],2026-08-06 15:43:04.746379
LY26080420534,投诉：新罗区白沙镇政府让村干部摸排村民户籍信息的问题,诉求人来电反映新罗区白沙镇政府发了根据龙岩市新罗区人民政府办公室关于开展全区医保基础数据治理专项工作的通知，要统筹做好医保基础数据梳理汇总，安排各个村干部去开展户籍和常住人员信息全面摸排登记，户籍信息派出所就有，为什么要让村干部再次摸排？村干部去摸排很容易造成村民数据泄露和引发村民反感，希望不要让村干部去摸排户籍信息，只要摸排外来常住人员信息即可。,2026-08-04 16:59:31,龙岩市,新罗区,,形式主义为基层减负,层层加码/一刀切,为了应付上级检查/考核/指标而增加一线无谓负担,0.9,"['层层加码', '一刀切']",该条目反映的是新罗区白沙镇政府要求村干部重复摸排户籍信息的问题，这可能是因为上级部门要求进行医保基础数据治理专项工作，导致基层负担增加。关键现象是重复工作和数据泄露风险，因果链条是上级要求-基层执行-增加负担。,建议调取新罗区人民政府办公室关于开展全区医保基础数据治理专项工作的通知，以及新罗区白沙镇政府的具体工作安排和执行情况，了解是否存在重复工作和数据泄露风险。,该条目反映了基层重复工作的问题，属于层层加码/一刀切的范畴，核心根因是为应付上级检查/考核/指标而增加一线无谓负担。,qwen2.5vl:7b,full,HIGH,[],2026-08-06 15:52:07.212955
ND26080420463,关于三都澳新区学校建设问题长期反映未得到有效解决，请求督查督办,"本人及广大业主自2024年以来，多次通过12345、市教育局、市信访局等渠道反映学校建设问题，但长期得到的回复基本一致，均为""等待资金""""正在推进""""方案优化""等内容，没有任何明确时间节点，也没有实质性进展。相关投诉记录及回复材料已整理成附件。

群众并非要求立即建成学校，而是希望政府能够依法公开项目真实进展，明确责任部门和时间安排。

因此，请市政府督查部门：

督查教育局、发改委、财政局等相关部门项目推进情况。
核查长期未推进的原因。
督促明确建设时间表。
督促相关部门避免长期使用模板式回复。",2026-08-04 15:31:38,宁德市,蕉城区,,形式主义为基层减负,层层加码/一刀切,为了应付上级检查/考核/指标而增加一线无谓负担,0.9,"['层层加码', '一刀切']",该条目反映学校建设问题长期未解决，且回复多为模板式，表明存在层层加码和一刀切的问题，为了应付上级检查/考核/指标而增加一线无谓负担。,建议调取项目推进记录、回复材料、上级部门的检查记录等，以核实是否存在层层加码和一刀切的问题。,该条目反映学校建设问题长期未解决，且回复多为模板式，表明存在层层加码和一刀切的问题，为了应付上级检查/考核/指标而增加一线无谓负担。,qwen2.5vl:7b,full,HIGH,[],2026-08-06 15:56:38.447069
NP26080420342,村委不盖章,"情况反映

尊敬的相关主管部门领导：
您好！我是邵武市大竹镇谢敦村村民。因自家房屋楼顶存在漏雨问题，计划安装光伏项目，该项目政策说明安装不仅可解决屋顶漏水问题，每块光伏板还可享受450元补贴。按照办理要求，需要村委会出具证明并加盖公章，证实该房屋产权归我本人所有、我系本村村民。

我找到村书记张令飞申请办理该产权及村民身份证明盖章手续，遭到拒绝。该项目是我自行在外对接选择的业务，并非村内人员承接的光伏业务。在我申请盖章被拒后，发现了只有选择在本村人手上做光伏业务，村委会才给予盖章；若是自己在外找的业务，则不予盖章。

我作为本村合法村民，申请村委会出具证实本人房屋权属、本村村民身份的基础证明材料，本属于村委会应尽的工作职责，却因我没有选择村内人员承接的光伏业务就遭到拒办。出现“谁在本村人处做光伏就给谁盖章，在外自主选择服务商就不给盖章”的区别对待情况，利用盖章权限变相强制村民指定业务服务商，变相干预村民自主选择市场服务商的合法权利。

当前持续推进扫黑除恶、整治基层微腐败、整顿基层不作为乱作为的大背景下，发生此类利用村级公章设置办事门槛、变相裹挟村民选择特定业务的问题，性质较为恶劣，损害群众切身利益，恳请相关部门介入调查核实，督促村委会依规为我办理正常证明盖章手续，纠正该违规行为。",2026-08-04 13:22:56,南平市,邵武市,,形式主义为基层减负,评比创建证明借调,为了应付上级检查/考核/指标而增加一线无谓负担,0.9,['评比创建证明借调'],该条目反映的是村民在申请房屋产权及村民身份证明时，因选择的业务服务商不同而受到区别对待的情况。这属于利用村级公章设置办事门槛，变相干预村民自主选择市场服务商的合法权利，属于评比创建证明借调的范畴，增加了基层负担。,建议调取村委会盖章的记录，了解盖章的具体情况和政策背景，以及是否有相关文件或通知规定了盖章的条件。,该条目反映的是村民在申请房屋产权及村民身份证明时，因选择的业务服务商不同而受到区别对待的情况，属于评比创建证明借调的范畴，增加了基层负担。,qwen2.5vl:7b,full,HIGH,[],2026-08-06 16:00:17.634323
PT26080420594,致：莆田市12345平台监管专班、莆田市纪委监委、莆田市信访局,". 荔城区12345平台违规合并工单：将本次全新独立诉求，强行并入无关历史旧工单PT26072020647，未单独建档、未分流至自然资源主管部门专项核查；

2. 敷衍办结结案：直接套用旧工单答复内容，对本次新反映的土地违法问题不作调查、不作回应，草率标记“办理完毕”；

3. 变相包庇属地：刻意混淆多起不同案由的群众诉求，帮助西天尾镇相关部门回避问题核查、推诿履职义务，纵容基层部门不作为、慢作为、乱作为，堵塞群众合理维权渠道。",2026-08-04 12:24:22,莆田市,荔城区,,形式主义为基层减负,评比创建证明借调,为了应付上级检查/考核/指标而增加一线无谓负担,0.9,"['违规合并工单', '敷衍办结结案', '变相包庇属地']",该条目反映了12345平台在处理工单时存在违规合并、敷衍办结、变相包庇等问题，这些行为可能为了应付上级检查/考核/指标而增加了基层的负担。关键现象是平台在处理群众诉求时的不作为和推诿，导致基层部门不作为、慢作为、乱作为，堵塞了群众合理维权的渠道。,建议调取12345平台的工单处理记录、相关领导的谈话记录以及涉及的基层部门的工作记录，以核实是否存在为了应付上级检查/考核/指标而增加一线无谓负担的现象。,核心判断依据：平台在处理工单时存在为了应付上级检查/考核/指标而增加一线无谓负担的现象。,qwen2.5vl:7b,full,HIGH,[],2026-08-06 16:01:39.750427
XM26080420884,有关垃圾分类部门三天两头到店铺拍垃圾桶等问题,海沧区新阳街道垃圾分类部门（不清楚什么部门）的工作人员三天两头到新阳商业中心的店铺（其是该处的商家）拍垃圾桶，拍完之后还需要和店主合影，搞得附近的店主烦不胜烦，都产生了反感的情绪。这种工作本来就是形式主义，但是不配合拍照又好像在为难人一样，要求有关部门调查处理，取消这种形式主义的工作。,2026-08-04 10:51:32,厦门市,海沧区,厦门市海沧区人民政府新阳街道办事处,形式主义为基层减负,指尖形式主义,为了应付上级检查/考核/指标而增加一线无谓负担,0.9,"['垃圾分类', '形式主义', '拍照合影']",该条目反映的是垃圾分类部门工作人员频繁拍照并要求合影，这种行为属于留痕式填报，增加了基层一线的负担，属于形式主义为基层增加负担。,建议调取垃圾分类部门工作人员的拍照记录和合影要求的相关文件，以及附近店主的访谈记录。,该条目明确指出拍照合影属于形式主义，增加了基层一线的负担。,qwen2.5vl:7b,full,HIGH,[],2026-08-06 16:06:35.765077
XM26080323889,投诉厦门市实验中学祥平校区,"尊敬的福建省教育厅督查工作人员：
您好！我实名/匿名举报厦门市厦门实验中学违规占用高二学生暑假，强制组织返校军训一事，相关证据已作为附件上传。
 
1. 事件完整事实
我校2028届新高二全体学生，被学校通知要求8月20日提前返校，8月21日至23日强制参加以“夏令营”为名的军训活动。
当前时间段属于法定暑假假期，并非新生入学统一军训时段，学校以年级统一安排为由，要求全体高二学生必须返校参与，无自愿选择通道，强行压缩学生正常暑假休息、自主学习、休整规划的时间。
​
2. 政策依据
根据福建省中小学寒暑假管理相关规定，学校不得在暑假期间强制非高一新生开展军训、集体到校集中活动，应当保障学生完整的暑期休息自主权；不得以夏令营、实践活动等名义变相强制学生假期返校集中管理。
​
3. 现有证据
附件1：班主任班级群官方通知截图，明确通知全体学生8.20返校、8.21-23夏令营（军训）；
附件2：手写校内安排记录截图，佐证本次活动实质为高二暑期强制军训。两张截图均可证明学校统一强制安排，无自愿报名选项。
​
4. 本人诉求
① 恳请教育主管部门介入核查厦门实验中学此次暑假强制高二军训行为是否违规；
② 责令学校取消本次暑期强制返校军训安排，保障高二学生完整暑假假期；
③ 对学校违规占用学生假期的行为进行规范整改，后续不得再出现同类强制暑期集中活动。",2026-08-03 23:29:56,厦门市,同安区,厦门市教育局,形式主义为基层减负,过度管控/盲目决策,为了应付上级检查/考核/指标而增加一线无谓负担,0.9,['假期补课'],该条目反映学校在暑假期间强制高二学生返校参加军训活动，违反了福建省中小学寒暑假管理相关规定，属于过度管控和盲目决策，增加了基层负担。,建议调取学校相关通知文件、学生家长的反馈记录、学生手册等材料，以核实学校是否在暑假期间强制学生返校参加军训活动。,该条目反映学校在暑假期间强制高二学生返校参加军训活动，违反了相关规定，属于过度管控和盲目决策，增加了基层负担。,qwen2.5vl:7b,full,HIGH,[],2026-08-09 10:49:20.121925
FJ26080320224,举报福州市鼓楼区政府刘用全负责人信访数据造假、督办空转、堵截网上信访、失职渎职,"事件地点：数据造假罪加一等！福建省福州市鼓楼区政府（鼓楼区政府请收敛）知法犯法长期对我投诉件删除修改？


实名投诉：鼓楼区委书记刘用全纵容造假堵截信访通道
鼓楼区信访配合造假堵截，督办空转。恳请中纪委严查刘用全失管纵容造假，彻查堵截黑幕并严肃问责。

国信平台异常波及鼓楼区，暴露属地监管失控。
4月24日18:00至25日8:00公告维护。25日22:07我点开平台，仍显示24日旧公告，通道锁死。
26日8点后投递，至17:03仍显24日公告，服务未开。
更奇葩的是，维护未到18:00平台提前发布维护公告，公然造假。

4月25日晚至26日17:03，公告不撤、通道锁死、提前造假，行为恶劣、固定异常。
到今天26日17:03打开依然是周五公告，天大笑话，腐败公开叫板吗？

非技术故障，实为后台手动操作、内鬼上阵，蓄意阻断群众信访权利。
鼓楼区作为属地，刘用全身为第一责任人，对此恶性造假、通道堵截视而不见，监管严重失责，基层信访沦为摆设，损害政府公信力。",2026-08-03 22:26:30,福州市,鼓楼区,"鼓楼区12345中心
鼓楼区12345中心",形式主义为基层减负,指尖形式主义,为了应付上级检查/考核/指标而增加一线无谓负担,0.9,"['信访数据造假', '督办空转', '失职渎职']",该条目反映了福州市鼓楼区政府在信访数据造假、督办空转、堵截网上信访等方面的问题，属于指尖形式主义，即通过APP/系统打卡、积分排名、在线时长等方式来应付上级检查/考核/指标，增加了基层工作人员的负担。,建议调取鼓楼区政府的信访数据记录、相关会议记录、上级检查/考核/指标的文件等材料，以及与信访工作人员的谈话记录，以核实是否存在数据造假、督办空转、堵截网上信访等问题。,该条目反映了通过APP/系统打卡、积分排名等方式来应付上级检查/考核/指标，增加了基层工作人员的负担，属于指尖形式主义。,qwen2.5vl:7b,full,HIGH,[],2026-08-09 10:59:36.073780
QZ26080321931,投诉：晋江市教育局暑假期间安排教师加班整理消防台账不合理,诉求者为晋江市一名在校教师（具体学校不方便提供），从2026年7月14日开始，晋江市统一开展消防专项排查工作，导致市内多所中小学强制安排一线任课教师，放弃暑假休息，连续加班至今（8月3号），全程没有一天休息日，加班的工作内容均为制作消防排查台账，反复填报统计各类消防数据，完全不属于教育教学本职工作。依据教育部2025年最新教师减负文件明确规定，寒暑假无学生在校期间，原则上不得安排专职教师值班，承担各类社会摊派任务，严禁把消防台账这类行政事务下压给中小学教师。晋江学校的该任务安排已经违背了教师减负政策，同时违反教师法规定的寒暑假法定带薪休假权利，属于形式主义摊派，无偿强制加班。诉求要求立即停止占用教师暑假时间制作消防台账及统计数据这种加班任务。故来电反映，望部门核实处理。,2026-08-03 21:07:31,泉州市,晋江市,晋江市教育局,形式主义为基层减负,台账留痕迎检,为了应付上级检查/考核/指标而增加一线无谓负担,0.9,"['教师减负', '消防台账', '加班', '形式主义']",该投诉反映教师在暑假期间被安排加班制作消防台账，这属于为了应付上级检查而增加一线无谓负担的情况，违反了教师减负政策和寒暑假法定带薪休假权利。,建议调取晋江市教育局关于消防专项排查工作的相关文件、教师加班安排的记录、以及教师减负政策文件，以核实是否存在形式主义摊派现象。,核心判断依据为：教师在暑假期间被安排加班制作消防台账，这属于为了应付上级检查而增加一线无谓负担的情况。,qwen2.5vl:7b,full,HIGH,[],2026-08-09 11:00:05.561059
QZ26080321773,投诉：消防过度整改,诉求者反映晋江池店赤塘村因消防整改，整个村的工厂都被封了，整改完了还要挑毛病，未给整改时间直接贴封条，一刀切过度整改，望相关部门核实处理。,2026-08-03 19:27:31,泉州市,晋江市,晋江市池店镇人民政府,形式主义为基层减负,层层加码/一刀切,为了应付上级检查/考核/指标而增加一线无谓负担,0.9,"['消防整改', '一刀切', '过度整改']",该条目反映的是消防整改过程中，村工厂被一刀切地封停，且整改后仍被挑毛病，这可能是因为为了应付上级检查而增加了基层的负担。,建议调取消防整改的文件、工厂被封停的记录、整改后的检查记录等，以核实整改过程中的具体操作。,该条目反映的是消防整改过程中，村工厂被一刀切地封停，且整改后仍被挑毛病，这可能是因为为了应付上级检查而增加了基层的负担。,qwen2.5vl:7b,full,HIGH,[],2026-08-09 11:01:09.270850
FJ26080220115,福建省12345平台不到三月三换号，就是用“处理完毕”遮丑,"福建省12345平台不到三月三换号，就是用“处理完毕”遮丑

2026年3月14日22:33，再次收到1068423541212345。
不到三个月频繁换号，我问题没解决，你们就不断换号挡枪。
你们向来只用“处理完毕”三个字遮丑，却偷偷干着删地点、改内容、合并推诿的勾当。
向上一级机关说“已受理、已抄告、已合并”，实质是逃避责任、制造假流水。
就是不敢直面我没解决的事，更不敢删了内容再承认。
反而在后台不停换号、做假数据、隔离我。这种只盖章、不办事的做法，本身就是失职。别再装死，出来正面给个说法",2026-08-02 19:26:28,,,"福建省12345中心
福建省12345中心",形式主义为基层减负,台账留痕迎检,为了应付上级检查/考核/指标而增加一线无谓负担,0.9,"['12345平台', '弄虚作假']",该条目反映的是12345平台频繁换号，用“处理完毕”遮丑，实质是逃避责任、制造假流水。这表明为了应付上级检查/考核/指标而增加了基层的无谓负担。,建议调取12345平台的后台数据，查看换号记录、处理完毕记录等，以核实是否存在弄虚作假行为。,该条目反映的是平台为了应付上级检查而频繁换号，制造假流水，属于台账留痕迎检的典型形式主义。,qwen2.5vl:7b,full,HIGH,[],2026-08-09 10:46:28.589066
FZ26080220228,关于罗源县12345政务服务便民热线中心不履行督办职责、纵容承办部门以信访打包规避实质办理的投诉,"本人通过福州市12345平台反映涉及罗源县西外路改造项目相关问题。罗源县12345中心多次将新诉求不当归并、甚至越权代替承办单位直接答复，至今未作实质处理。
近日，罗源县土地收购储备中心向本人出具《告知书》（罗地储信访告知〔2026〕1号），将本人通过12345平台反映的所有诉求事项，统一打包归并为一个信访件（编号：罗源信来信〔2026〕15号）。

该《告知书》恰恰证明：承办部门至今未对本人提出的各项具体诉求作出任何实质性分别答复，而是以一份笼统的告知书将所有问题""一包了之""，实质上变相剥夺了本人通过12345渠道获得实质答复的合法权利。

更严重的是，罗源县12345平台作为督办机构，非但没有履行审核督办职责、纠正承办部门的错误做法，反而以此为由搪塞本人，助长了承办部门不实质办理、以信访件打包替代具体答复的违规行为。平台对此负有不可推卸的责任，其行为已构成行政不作为。

投诉请求：

1. 确认被投诉人未依法履行督办职责的行为违法；
2. 责令被投诉人依法履行督办职责，将本人诉求重新独立转派有权处理的职能部门办理；
3. 督促承办部门就本人各项具体诉求分别作出实质性书面答复，不得以信访打包方式替代；
4. 书面告知本人处理结果。

证据材料：

1. 罗源县土地收购储备中心出具的《告知书》（罗地储信访告知〔2026〕1号）
2. 12345平台相关诉求件归并及答复截图。

综上所述，请贵单位依法调查处理，并书面回复本人。
此件请福州市12345平台督办。

投诉人：欧钗俤
联系电话：18950226656
身份证号：35012319430318001×
日期：2026年8月2日",2026-08-02 08:28:53,福州市,罗源县,"罗源县12345中心
罗源县12345中心",形式主义为基层减负,台账/留痕/数据造假,为了应付上级检查/考核/指标而增加一线无谓负担,0.9,"['12345平台', '督办不力', '信访打包']",该条目反映的是罗源县12345政务服务便民热线中心在处理诉求时存在台账留痕和数据造假的问题，即通过将多个诉求打包归并为一个信访件，导致基层工作人员在处理具体诉求时负担增加。核心根因是为应付上级检查/考核/指标而增加一线无谓负担。,建议调取罗源县12345平台相关诉求件归并及答复的详细记录，以及罗源县土地收购储备中心出具的《告知书》等材料，以核实诉求打包归并的具体情况。,该条目反映的是通过将多个诉求打包归并为一个信访件，导致基层工作人员在处理具体诉求时负担增加，属于形式主义为基层增加负担。,qwen2.5vl:7b,full,HIGH,[],2026-08-09 10:43:22.818969
FZ26080122016,关于晋安区桂香苑一座2梯加梯，康山社区协调会违规投诉书,"康山社区于组织晋安区康山路桂香苑2梯加建电梯协调会，只是走形式，并未完全通知相关反对业主到位！未把开协调会真正的意义放在工作上，纯走形式！
第一，协调会时间通知不到位！通知了104业主周一下午（8月3号周一下午4点开协调会）。社区工作人员于7月31号（周五）致电103业主说下周一开协调会（并未说具体时间），103业主回复将协调会放在小区对面的旧社区会议室开，因为妻子怀孕月份大无法走到现新社区会议室，社区工作人员回复请示领导！后面社区便再无回复！第二，相关人员时间协调不到位，低层车库业主没空，提议退迟到8月10号之后，社区也无视其答复。第三，社区致电104业主说开协调会，提到你们低层的业主不来，视为弃权！什么叫视为弃权，我们低层业主递交的反对意见书，是提交的玩的吗？这不是协调，是挑起矛盾！分明自己工作职责通知协调不到位，反将因果推给百姓！
这样是要开协调会吗？不就是赤裸裸帮高层业主走形式，无视低层业主的合理权益，社区的职责又是什么？现只要求公平公正的对待这件事！
投诉康山社区工作不规范，不认真，同高层加梯业主侵犯低层业主权益！
康山社区这样的行为，真的很不尊重人！",2026-08-01 19:25:35,福州市,晋安区,福州市晋安区岳峰镇人民政府,形式主义为基层减负,会议文件泛滥/层层陪会,为了应付上级检查/考核/指标而增加一线无谓负担,0.9,"['会议文件泛滥', '层层陪会']",该条目反映的是社区在组织协调会时存在形式主义，未充分通知相关业主，导致协调会流于形式，增加了基层工作人员的负担。关键现象是社区工作不规范，未真正重视协调会的意义，导致基层负担增加。,建议调取社区组织协调会的相关会议记录、通知记录以及业主反馈记录，以核实社区是否真正通知了相关业主并听取他们的意见。,该条目反映的是社区在组织协调会时存在形式主义，未充分通知相关业主，导致协调会流于形式，增加了基层工作人员的负担。,qwen2.5vl:7b,full,HIGH,[],2026-08-09 10:23:16.344887
QZ26080120516,该门店存在违反劳动安全卫生规定的管理制度：,"该门店存在违反劳动安全卫生规定的管理制度：
 
​
1. 全体收银员上班期间强制全程站立，不允许坐下休息，没有配备休息座椅，长时间站立容易造成下肢、腰腿职业病隐患，未提供合理劳动保护条件。
​
2. 制度一刀切规定上班期间严禁购物。认可在岗应当专心工作，但建议区分在岗工作时段与合理休息时间，避免一刀切管理、随意处罚员工。
​
3. 要求所有管理人员、后勤人员手头工作做完后必须到现场，不允许留在办公室；如该安排导致无偿加班、侵占休息时间，请一并核查。
请求劳动监察上门核查劳动条件，督促门店整改，为收银员配备休息座椅、允许客流低谷短暂休息。",2026-08-01 12:10:32,泉州市,洛江区,"洛江区12345中心
洛江区12345中心",形式主义为基层减负,层层加码/一刀切,为了应付上级检查/考核/指标而增加一线无谓负担,0.9,"['层层加码', '一刀切']",该条目反映了一家门店存在违反劳动安全卫生规定的管理制度，如强制收银员全程站立、严禁购物等，这些规定可能为了应付上级检查而增加了基层员工的负担。,建议调取该门店的管理制度文件、员工工作日志、劳动监察部门的检查记录等，以核实是否存在为了应付上级检查而增加一线无谓负担的情况。,该条目反映了门店为了应付上级检查而采取了强制性规定，增加了基层员工的负担，符合核心判断逻辑。,qwen2.5vl:7b,full,HIGH,[],2026-08-09 10:27:45.575175
SM26062520144,"连五一桥都可以管理得井井有条，为什么一个开辉管理不过来？？每天早上都没有看到城管在管理，甚至于是连城管的影子都没有看到！
之前反馈的问题到现在都没有解决，，都是找借口推脱，归根究底就是工作没有做到位！",前一分钟城管经过，后三分钟摆摊就继续搬回原来的位置摆着卖。。这叫什么事啊！,2026-06-25 10:26:41,三明市,永安市,永安市城市管理综合执法大队,形式主义为基层减负,形式主义,为了应付上级检查/考核/指标而增加一线无谓负担,0.9,"['城管管理不到位', '形式主义']",该条目反映的是城管管理不到位的问题，可能与上级检查/考核/指标有关，增加了基层一线的负担。,建议调取城管部门的考核记录、上级检查的文件、以及相关工作台账，以核实是否存在为了应付上级检查而增加基层负担的情况。,该条目反映的是城管管理不到位的问题，可能与上级检查/考核/指标有关，增加了基层一线的负担。,qwen2.5vl:7b,full,HIGH,[],2026-08-10 00:13:03.278485
FJ26062420205,福建省12345平台不到三月三换号，就是用“处理完毕”遮丑,"福建省12345平台不到三月三换号，就是用“处理完毕”遮丑

2026年3月14日22:33，再次收到1068423541212345。
不到三个月频繁换号，我问题没解决，你们就不断换号挡枪。
你们向来只用“处理完毕”三个字遮丑，却偷偷干着删地点、改内容、合并推诿的勾当。
向上一级机关说“已受理、已抄告、已合并”，实质是逃避责任、制造假流水。
就是不敢直面我没解决的事，更不敢删了内容再承认。
反而在后台不停换号、做假数据、隔离我。这种只盖章、不办事的做法，本身就是失职。别再装死，出来正面给个说法",2026-06-24 16:30:32,,,福建省大数据集团有限公司,形式主义为基层减负,台账/留痕/数据造假,为了应付上级检查/考核/指标而增加一线无谓负担,0.9,"['台账留痕', '数据造假']",该条目反映的是福建省12345平台频繁换号、用“处理完毕”遮丑的情况，涉及台账留痕和数据造假，反映了为了应付上级检查/考核/指标而增加一线无谓负担的问题。,建议调取12345平台的后台数据，查看换号记录、处理完毕记录等，以核实是否存在台账留痕和数据造假的情况。,投诉内容涉及平台频繁换号、用“处理完毕”遮丑，反映了为了应付上级检查/考核/指标而增加一线无谓负担的情况。,qwen2.5vl:7b,full,HIGH,[],2026-08-10 00:09:22.644349
FJ26062420176,举报福州市鼓楼区政府刘用全负责人信访数据造假、督办空转、堵截网上信访、失职渎职,"事件地点：数据造假罪加一等！福建省福州市鼓楼区政府（鼓楼区政府请收敛）知法犯法长期对我投诉件删除修改？


实名投诉：鼓楼区委书记刘用全纵容造假堵截信访通道
鼓楼区信访配合造假堵截，督办空转。恳请中纪委严查刘用全失管纵容造假，彻查堵截黑幕并严肃问责。

国信平台异常波及鼓楼区，暴露属地监管失控。
4月24日18:00至25日8:00公告维护。25日22:07我点开平台，仍显示24日旧公告，通道锁死。
26日8点后投递，至17:03仍显24日公告，服务未开。
更奇葩的是，维护未到18:00平台提前发布维护公告，公然造假。

4月25日晚至26日17:03，公告不撤、通道锁死、提前造假，行为恶劣、固定异常。
到今天26日17:03打开依然是周五公告，天大笑话，腐败公开叫板吗？

非技术故障，实为后台手动操作、内鬼上阵，蓄意阻断群众信访权利。
鼓楼区作为属地，刘用全身为第一责任人，对此恶性造假、通道堵截视而不见，监管严重失责，基层信访沦为摆设，损害政府公信力。",2026-06-24 15:40:23,福州市,鼓楼区,"鼓楼区12345中心
鼓楼区12345中心",形式主义为基层减负,台账留痕迎检,为了应付上级检查/考核/指标而增加一线无谓负担,0.9,"['数据造假', '基层管理', '信访通道堵截']",该条目涉及鼓楼区政府在信访数据造假、督办空转、信访通道堵截等问题，反映了为了应付上级检查/考核/指标而增加基层无谓负担的情况。,建议调取鼓楼区政府的信访数据记录、相关会议记录、信访通道管理规定等材料，以及与刘用全负责人的谈话记录。,该条目明确指出信访数据造假、信访通道堵截等问题，符合为了应付上级检查/考核/指标而增加一线无谓负担的核心判断逻辑。,qwen2.5vl:7b,full,HIGH,[],2026-08-09 23:56:51.016709
XM26062420774,翔安区厦大附属翔安实验学校形式主义占用教职工正常生活时间,厦大附属翔安实验学校本月内每周都组织教师开会，大部分会议只是讨论考试安排，我想请问为什么每次考试都要开会；特别是在下学期所有的教职工对于考场安排考试流程已经是非常熟悉了，还要占用大家下班时间开会；明明通过一个通知或者公告的方式就可以解决的问题却要通过开会来传达，学校上周工会换届也是一样，明明可以通过线上流程却一定要组织线下开会，整个会议时长接近2个小时，国家要求的正确的政绩观以及基层减负在这所学校就是这样实行的吗？每次开会都要制作PPT，特别是小学部的分管副校长每次都要念AI出来的讲话稿，请问有什么意义，请学校和校领导作出说明，特别是小学部的邱副校长请其说明为什么每次发言都如此冗长且还是通过AI软件生成，是否突显其校领导的地位、官僚主义过分严重请其修正自身作风问题并树立正确的政绩观。也请学校主要领导积极落实中央对于基层减负的落实，不仅仅只是停留在表面,2026-06-24 10:15:56,厦门市,翔安区,翔安区教育局,形式主义为基层减负,会议文件泛滥/层层陪会,为了应付上级检查/考核/指标而增加一线无谓负担,0.9,"['会议过多', '基层减负', '无谓负担']",该投诉反映学校频繁开会，讨论考试安排，且会议时长较长，会议内容重复，且可以通过公告解决，这表明学校可能为了应付上级检查而增加了基层负担。,建议调取学校会议记录、通知公告、会议通知等相关文件，了解会议内容和目的，以及是否有通过公告解决类似问题的记录。,会议过多且内容重复，且可以通过公告解决，表明存在为了应付上级检查而增加基层负担的情况。,qwen2.5vl:7b,full,HIGH,[],2026-08-09 23:48:55.430328
ZZ26062420167,投诉：形式主义，加重教师负担,"投诉漳州台商投资区角美中心小学形式主义管理，违规加重教师负担:
一、强制早读代班教师提前到校，学生未到校无工作空坐卡点;
二、安排老师课间走廊站岗值班，挤占课间休息时间;
三、下班之后组织长达2小时	空洞冗长会议，占用私人休息时间。多项要求无政策支撑，无补贴无调休，严重违背教师减负相关规定，恳请教育主管部门介入核查整改，优化学校考勤、值班、会议管理制度。",2026-06-24 09:07:24,漳州市,台商投资区,漳州台商投资区文化教育服务中心,形式主义为基层减负,会议文件泛滥/层层陪会,为了应付上级检查/考核/指标而增加一线无谓负担,0.9,"['教师减负', '会议管理', '基层负担']",该投诉主要涉及学校形式主义管理问题，具体表现为强制教师提前到校、课间站岗值班、空洞冗长会议等，这些做法明显增加了教师的负担，属于形式主义为基层增加负担的具体表现。,建议调取学校会议记录、教师工作日志、考勤记录等，以核实是否存在形式主义增加基层负担的情况。,投诉内容明确指出学校存在形式主义管理问题，具体表现为强制教师提前到校、课间站岗值班、空洞冗长会议等，这些做法明显增加了教师的负担，属于形式主义为基层增加负担的具体表现。,qwen2.5vl:7b,full,HIGH,[],2026-08-10 00:01:12.604871
FZ26062420108,福州市12345中心刘主任，福清市12345中心这样耍无赖答复我们诉求，你们如此纵容，负有甄别不力之责任。恳求您督察督办问责福清市12345中心主任王赞文及经办人员。,"福州市12345中心刘主任，感谢您们不厌其烦地一遍遍批转我们诉求，可是没有甄别核查承办单位答复办理情况，也是一种形式主义。

FZ26062320923

福州市12345中心主任，您如何实现诺言？事事有着落？我们建发大唐养云03号楼03单元空调外机热风污染阳台问题已经在12345中心求助约1800次了，阳台热风污染问题始终得不到解决。恳求您开启问责追责机制，帮助老百姓解决问题。
补充诉求：
补充：要求福州效能办进行追责，要求把诉求件给主任做特批--2026-06-23 10:40:27
诉求时间：
2026-06-23 10:22:34
事件地点：
福建省福州市福清市建发大唐养云03号楼03单元
诉求附件：

4c9e79a9cb4f4817fd4f8b5ad4835eed.jpg

60b0f53b7565e08bcff227d1978b64e7.jpg

6c56b9ed6da34476e9e5fe14f10a12c7.jpg

9324fe3645ae16229c5d3cd6fee3468f.jpg

abe23f0ee0662e455ef223862b3fb1f6.jp
回复时间：
2026-06-23 18:00:18
您好！您反映的事项福清市自然资源和规划局、福清市住房和城乡建设局已依法依规予以答复，详见诉求件（诉求编号：FZ25102620901、FZ25060400815），您可通过查看短信中的办理情况链接进行查阅。感谢您对12345平台工作的理解与支持！",2026-06-24 05:47:45,福州市,,"福清市12345中心
福清市12345中心",形式主义为基层减负,台账/留痕/数据造假,为了应付上级检查/考核/指标而增加一线无谓负担,0.9,"['台账留痕', '数据造假']",该条目投诉福州市12345中心刘主任没有甄别核查承办单位答复办理情况，存在形式主义，增加了基层负担。核心现象是12345中心没有有效甄别和核查，导致问题长期得不到解决，属于台账留痕和数据造假的典型表现。,建议调取12345中心的台账记录、核查相关工作人员的履职情况、查看相关问题的处理流程和结果。,投诉内容涉及12345中心没有有效甄别和核查，增加了基层负担，属于台账留痕和数据造假的典型表现。,qwen2.5vl:7b,full,HIGH,[],2026-08-10 00:03:37.412226
FJ26062320190,针对工单：FJ26062220153强烈申请省级/市级提级督办！,"强烈申请省级/市级提级督办！
古田县教育局在未依法出具任何加盖公章的《书面调查结论》和《行政处理决定书》的情况下，恶意利用政务平台单方面点击“结案”，进行虚假平账。这属于极其恶劣的“程序空转”与“政务数据造假”。其实质是为了掩盖其纵容师德违规、整体行政不作为的严重渎职行为。本人已通过EMS向福建省纪委监委、省教育厅寄交包含核心录音证据的实名控告信（含该局推诿扯皮的原始录音）。恳请上级督办部门驳回此虚假结案，提级督办，严查底下的官僚主义作风及弄虚作假行为！",2026-06-23 19:15:55,宁德市,古田县,古田县教育局,形式主义为基层减负,指尖形式主义,为了应付上级检查/考核/指标而增加一线无谓负担,0.9,"['政务数据造假', '官僚主义作风']",该条目反映的是教育局在未依法出具任何加盖公章的《书面调查结论》和《行政处理决定书》的情况下，恶意利用政务平台单方面点击“结案”，进行虚假平账。这属于形式主义为基层增加负担，因为这种行为是为了应付上级检查/考核/指标而增加了一线无谓负担。,建议调取教育局的内部文件、相关会议记录、以及涉及该事件的录音证据，以核实是否存在虚假平账和官僚主义作风。,该条目反映的是教育局在未依法出具任何加盖公章的《书面调查结论》和《行政处理决定书》的情况下，恶意利用政务平台单方面点击“结案”，进行虚假平账。这属于形式主义为基层增加负担，因为这种行为是为了应付上级检查/考核/指标而增加了一线无谓负担。,qwen2.5vl:7b,full,HIGH,[],2026-08-09 23:38:36.196124
FZ26062320918,Y:矛盾纠纷系统乱派件，增加基层工作负担,系统上传的附件材料明明有详细地址，还有公安部门具体派出所的公章，上级部门不看具体内容胡乱派件，基层发现错误后，系统明明有签收和退回两个选项，却不让退回。如此做法与中央倡导的为基层减负完全背道而驰，且毫无道理。,2026-06-23 10:21:54,福州市,永泰县,"福州市12345中心
福州市12345中心",形式主义为基层减负,指尖形式主义,为了应付上级检查/考核/指标而增加一线无谓负担,0.9,"['矛盾纠纷系统乱派件', '基层工作负担']",该条目反映的是基层在处理矛盾纠纷系统派件时遇到的困难，系统派件不看具体内容且不允许退回，这与中央倡导的为基层减负背道而驰，增加了基层的工作负担。,建议调取矛盾纠纷系统的派件记录，了解系统派件的具体情况，以及基层在处理这些派件时遇到的具体问题。,该条目反映了基层在处理矛盾纠纷系统派件时遇到的困难，系统派件不看具体内容且不允许退回，增加了基层的工作负担。,qwen2.5vl:7b,full,HIGH,[],2026-08-09 23:36:00.286333
FJ26062320033,福建省12345平台不到三月三换号，就是用“处理完毕”遮丑,"福建省12345平台不到三月三换号，就是用“处理完毕”遮丑

2026年3月14日22:33，再次收到1068423541212345。
不到三个月频繁换号，我问题没解决，你们就不断换号挡枪。
你们向来只用“处理完毕”三个字遮丑，却偷偷干着删地点、改内容、合并推诿的勾当。
向上一级机关说“已受理、已抄告、已合并”，实质是逃避责任、制造假流水。
就是不敢直面我没解决的事，更不敢删了内容再承认。
反而在后台不停换号、做假数据、隔离我。这种只盖章、不办事的做法，本身就是失职。别再装死，出来正面给个说法",2026-06-23 08:15:06,,,"福建省12345中心
福建省12345中心",形式主义为基层减负,台账/留痕/数据造假,为了应付上级检查/考核/指标而增加一线无谓负担,0.9,"['台账留痕', '数据造假']",该投诉内容涉及12345平台频繁换号和使用“处理完毕”遮丑的情况，反映了平台可能为了应付上级检查而采取的虚假整改和只考不核的做法，增加了基层的无谓负担。,建议调取12345平台的后台数据，查看是否存在频繁换号、修改内容等行为；询问相关工作人员是否存在虚假整改和只考不核的情况。,投诉内容涉及平台频繁换号和使用“处理完毕”遮丑的情况，反映了平台可能为了应付上级检查而采取的虚假整改和只考不核的做法，增加了基层的无谓负担。,qwen2.5vl:7b,full,HIGH,[],2026-08-09 23:28:01.103289
FJ26062320015,举报福州市鼓楼区政府刘用全负责人信访数据造假、督办空转、堵截网上信访、失职渎职,"事件地点：数据造假罪加一等！福建省福州市鼓楼区政府（鼓楼区政府请收敛）知法犯法长期对我投诉件删除修改？


实名投诉：鼓楼区委书记刘用全纵容造假堵截信访通道
鼓楼区信访配合造假堵截，督办空转。恳请中纪委严查刘用全失管纵容造假，彻查堵截黑幕并严肃问责。

国信平台异常波及鼓楼区，暴露属地监管失控。
4月24日18:00至25日8:00公告维护。25日22:07我点开平台，仍显示24日旧公告，通道锁死。
26日8点后投递，至17:03仍显24日公告，服务未开。
更奇葩的是，维护未到18:00平台提前发布维护公告，公然造假。

4月25日晚至26日17:03，公告不撤、通道锁死、提前造假，行为恶劣、固定异常。
到今天26日17:03打开依然是周五公告，天大笑话，腐败公开叫板吗？

非技术故障，实为后台手动操作、内鬼上阵，蓄意阻断群众信访权利。
鼓楼区作为属地，刘用全身为第一责任人，对此恶性造假、通道堵截视而不见，监管严重失责，基层信访沦为摆设，损害政府公信力。",2026-06-23 08:04:55,,,"鼓楼区12345中心
福州市12345中心
鼓楼区12345中心
福州市12345中心",形式主义为基层减负,台账留痕迎检,为了应付上级检查/考核/指标而增加一线无谓负担,0.9,"['数据造假', '信访通道堵截', '基层信访沦为摆设']",该条目反映的是鼓楼区政府在信访数据造假、信访通道堵截等问题，属于为了应付上级检查而增加基层负担的形式主义表现。,建议调取鼓楼区政府的信访数据记录、信访通道管理记录，以及相关领导的谈话记录。,该条目明确指出鼓楼区政府在信访数据造假、信访通道堵截等问题，属于为了应付上级检查而增加基层负担的形式主义表现。,qwen2.5vl:7b,full,HIGH,[],2026-08-09 23:30:39.120855
FZ26062223974,Y：关于投诉福州12345平台闽政通app限制我投诉诉求件数量的问题,投诉福州12345平台闽政通app限制我投诉诉求件，弹窗说我每日只能投诉10件，我也没有看到12345平台管理办法中有这一条，希望相关部门介入，要求部门取消掉这一条限制，特此投诉望处理。,2026-06-22 22:15:04,福州市,,"福州市12345中心
福州市12345中心",形式主义为基层减负,指尖形式主义,为了应付上级检查/考核/指标而增加一线无谓负担,0.9,"['指尖形式主义', 'APP限制']",该条目反映12345平台限制投诉件数量，属于指尖形式主义，为了应付上级检查/考核/指标而增加一线无谓负担。,建议调取12345平台管理办法，了解限制投诉件数量的依据，以及是否有上级检查/考核/指标要求。,该条目反映12345平台限制投诉件数量，属于指尖形式主义，为了应付上级检查/考核/指标而增加一线无谓负担。,qwen2.5vl:7b,full,HIGH,[],2026-08-09 23:17:43.916003
PT26062221076,政策性安置+当年办学历史背景问题,"本人属于依据县政府会议纪要专项安置的原东软集团教职员工。当年校区师资严重短缺，无法保障正常开学，正是依靠本批安置教职工补齐师资缺口，连续三年完成全部教学任务，支撑校区稳定运营。请逐条答复：

1. 当初接收安置人员的政府会议纪要、安置政策文件中，关于用工期限、续聘、分流安置有无相关约定，请公示文件对应原文；

2. 学院称“从未承诺3年后续签”，与当年校区依赖本批人员维持办学的客观事实冲突，请解释一刀切到期全部清退的公平性依据；

3. 针对政策性安置教职工，学院是否制定差异化续聘、分流、转岗配套方案，若有，请列明方案具体内容。

（二）隐瞒巡查整改清退核心真实原因（答复完全避而不谈）

全体教职工均知晓本次批量到期不续签的根本背景是上级巡查整改，存在清退人事代理安置人员的整改任务，但本次官方答复全程刻意隐瞒该关键事由，仅以“合同到期”作为表面说辞。请逐条答复：

1. 本次批量不予续签，是否受上级巡察/巡查整改文件约束，是否存在清退本类安置人员的硬性整改任务；

2. 若存在整改要求，请提供巡查整改通知书、整改任务清单完整原文；

3. 若巡查整改仅要求规范用工，为何整改方案仅选择一刀切全部清退，未设置续签、内部转岗、分流安置等替代整改方式；

4. 为何6月15日官方答复刻意隐瞒巡查整改清退这一核心处置背景，刻意误导教职工。

（三）人员处置程序违规问题（先清退、后征求意见）

答复称《仙游校区人员处置方案》尚处于讨论酝酿阶段，仅用于征集职工诉求、统计支持率，但学院早已单方面向教职工送达到期不续签通知，先行落实清退处置行为，流程完全倒置。请答复：

1. 先作出不续签清退决定，后征求职工意见的处置流程，对应的合规管理依据是什么；

2. 方案尚未定稿落地，为何提前单方面终止用工，该操作是否侵害职工事前协商、知情表达诉求的法定权利。",2026-06-22 16:53:12,莆田市,仙游县,湄洲湾职业技术学院,形式主义为基层减负,层层加码/一刀切,为了应付上级巡查整改而一刀切清退政策性安置教职工,0.9,"['层层加码', '一刀切', '巡查整改', '政策性安置']",该条目反映的是政策性安置教职工在合同到期后被一刀切清退的情况，可能与上级巡查整改任务有关，存在为了应付上级巡查整改而增加基层负担的问题。,建议调取上级巡查整改文件、整改任务清单、学院的安置政策文件以及与教职工的沟通记录，以核实是否存在为了应付上级巡查整改而一刀切清退教职工的情况。,该条目反映的是政策性安置教职工在合同到期后被一刀切清退的情况，可能与上级巡查整改任务有关，存在为了应付上级巡查整改而增加基层负担的问题。,qwen2.5vl:7b,full,HIGH,[],2026-08-09 23:18:53.671399
QZ26062220916,泉州市驾培协会长期内控失效、岗位失控、人员违规同业经营、财务不透明，同步提请泉州交警支队介入核查录表制证业务乱象，请民政局牵头交警部门联合规范,"本人以群众身份严肃督办咨询，坚决提请泉州市民政局牵头、泉州市公安局交警支队联合履职彻查。泉州市机动车驾驶培训行业协会存在长期内控崩塌、权力垄断、人员违规牟利、驾考审核不公、财务暗箱操作等多项严重违规问题，属于双部门法定监管职责范围，请求两部门从严核查、落地整改、禁止敷衍处置，全程匿名、严格保密、无需电话回访，只需要向12345回复我咨询的内容。
一、违规事实清晰、问题严重
1. 核心岗位长期独家垄断，十年零轮岗，严重违反内控法规
协会工作人员卢某十余年一人独占全部核心职权，包揽业务审核、台账管理、财务对接、全市驾校学时资料前置初审、统一报送交警录表制证等关键工作，长期不轮岗、不分权、无监督、无制衡。全市所有驾校考试材料生死权限由其个人一手把控，导致长期选择性办事、刻意卡压、拖延流程、区别对待会员单位，行业不公问题长期泛滥，群众反映极其强烈。
2. 公职性质协会人员违规同业经营，构成严重利益冲突、破坏市场公正
该人员作为行业协会审核把关、交管对接核心人员，明知违规仍私下操盘、经营石狮2家驾校，参与同业市场竞争。属于典型法定禁止的“既当裁判、又当运动员”，手握全市学时审核、材料放行大权，同时经营竞争主体，存在系统性偏袒关联驾校、打压同行、利益输送、学时舞弊的重大廉政风险，严重扰乱泉州驾培营商环境。
3. 协会财务严重不透明，涉嫌违规发放补贴、账务封闭失控
协会违规发放理事会现金补贴（开一次理事会对理事发500元现金），无公示、无凭证、无明细；全年会费收支、公务开支长期完全拒绝向会员公开，严重违反社会团体财务公开、接受社会及会员监督的强制性规定，账务管理混乱、疑点重重，微信群从未公示过协会账单。
4. 驾考学时初审权限单人垄断，存在系统性考试不公风险（交警法定监管）
全市驾校学员学时档案、考试材料，全部由卢某一人前置审核筛选后，方可报送车管所交警窗口录表制证。该人员经营驾校却独享初审放行权，极易出现对自有驾校放宽标准、优先审批，对其他驾校严苛刁难、无故压件，涉嫌差异化审核、选择性执法、篡改学时资料，直接冲击驾考制度公平性，风险极其恶劣。
二、刚性合规咨询
1. 请民政局明确答复：协会关键岗位十余年一人独权、零轮岗、零制衡，是否违反社团内控条例？对长期违规垄断岗位人员是否必须强制调岗、拆分权限、追责整改？
2. 请民政局明确答复：协会在岗审核人员参与同业经营牟利、存在重大利益冲突，是否属于严重违规履职？是否必须强制清退全部同业经营业务？
3. 请民政局答复：协会长期隐瞒会费账务、违规发放现金补贴不公示，是否应予问责、整改、全面公开账目？
4. 请交警支队答复：默许协会单人垄断全市学时初审、送审权限，且该人员自身经营驾校，是否符合驾考监管规范？是否应彻查历年台账、纠正行业乱象？
三、强硬履职请求
1. 督促民政局立即拆分岗位权限、强制人员调岗，彻底终结十年权力垄断；勒令当事人退出全部驾校经营；全面公开协会财务所有明细，整顿社团管理乱象。
2. 督促交警支队全面倒查核查历年学时初审台账，严查审核偏袒、徇私、卡压、舞弊行为；彻底改革单人独审制度，建立多人复核、随机抽查、全程监督机制，杜绝考试审核不公。
本人要求实质性核查、刚性落地整改、书面详实回复，严禁模板答复、敷衍办结、形式整改，切实规范泉州驾培行业秩序，严格保护匿名反映人隐私，杜绝打击报复。",2026-06-22 14:55:57,泉州市,,"泉州市民政局
泉州市公安局交通警察支队",形式主义为基层减负,层层加码/一刀切,为了应付上级检查/考核/指标而增加一线无谓负担,0.9,"['驾培协会', '内控失效', '岗位失控', '人员违规', '财务不透明']",该条目反映了驾培协会内控失效、岗位失控、人员违规同业经营、财务不透明等问题，这些现象可能与上级部门的考核和监管有关，增加了基层的负担。,建议调取协会的内部管理文件、财务记录、人员岗位职责文件等，以核实是否存在层层加码和一刀切的情况。,该条目反映了驾培协会内控失效、岗位失控、人员违规同业经营、财务不透明等问题，这些现象可能与上级部门的考核和监管有关，增加了基层的负担。,qwen2.5vl:7b,full,HIGH,[],2026-08-09 23:22:32.205262
NP26062220357,"被投诉单位：紫云派出所
被投诉民警：何佳鑫","被投诉单位：紫云派出所
被投诉民警：何佳鑫

投诉事项

紫云派出所民警何佳鑫办理本人案件鉴定材料送检事宜，前后共计三次向司法鉴定科学研究院（上海）提交材料；其中第二次送检系何佳鑫与投诉人一同前往上海，该批次材料私下直接递交上海司鉴院工作人员，无派出所内部材料交接登记、无出入库台账记录，送检流程不符合公安机关规范要求。

事实与理由

本人涉事案件鉴定材料，由紫云派出所民警何佳鑫负责分三次送往司法鉴定科学研究院（上海）送检。
根据《公安机关鉴定规则》及公安机关物证、案卷材料管理规定：办案民警对外移送鉴定材料，事前必须在单位办理材料出库登记、内部专人交接签字、建立完整流转台账，全程留痕可追溯，以此保障鉴定材料真实完整、来源合法、移送程序合规。
本次第二次送检，何佳鑫与本人一同前往上海司法鉴定科学研究院，材料由其私下直接递交该院法医人员，全程未在紫云派出所办理内部交接手续，没有材料出入库登记台账，无任何流转存档记录。该违规私下交接行为，导致该批次送检材料流转轨迹无法核查，存在材料被改动、替换、遗漏的风险，直接影响司法鉴定程序合法性与鉴定意见公正性，侵害本人合法权益。

投诉请求

1.请求公安督察部门全面核查三次送检材料全部流程，重点核查第二次一同赴沪送检材料的内部交接登记表、出库台账、司鉴院收件凭证等全部资料；
2.责令紫云派出所针对第二次送检无交接记录、无台账、私下递交材料的问题限期整改，补齐全部缺失手续，并向投诉人出具书面情况说明；
3.对本次违规私下交接送检材料的行为依规核查处置，并将书面处理结果送达投诉人；
4.规范本案后续所有鉴定材料送检流程，严格执行内部登记、交接签字、台账存档制度，杜绝私下递交材料、无记录送检的情况再次发生。

附件清单：
1.案件受理回执复印件
2.与民警沟通送检事宜的相关凭证
3.病历、首次及历次送检相关材料复印件

投诉人签字：杨仰锋
日期：2026年06月22日",2026-06-22 12:16:49,南平市,延平区,南平市公安局延平分局,形式主义为基层减负,台账/留痕/数据造假,为了应付上级检查/考核/指标而增加一线无谓负担,0.9,"['机关事务工作', '台账记录', '司法鉴定']",该条目涉及公安派出所民警在送检鉴定材料时未按规定办理内部交接手续、建立台账记录，存在台账留痕不全的问题，这可能为了应付上级检查而增加了基层工作负担。,建议调取紫云派出所内部材料交接登记表、出库台账、司鉴院收件凭证等全部资料，以核实送检材料的流转轨迹和程序是否合规。,该条目涉及未按规定办理内部交接手续、建立台账记录，存在台账留痕不全的问题，属于为了应付上级检查而增加了基层工作负担。,qwen2.5vl:7b,full,HIGH,[],2026-08-09 23:24:22.707685
FJ26062120124,【升级举报】福州12345恶意拦截诉求、做假数据，涉嫌行政违法，请求上级监管介入核查,"问题分类：长期弄虚作假及删除事件地点严重腐败！


苏增添的下场忘了？拆迁推诿、过渡费拖欠，就是重蹈覆辙！

打卡游福州市12345市长热线平台风景，推诿观光带逛腻了，回复太经典“诉求不清”你们好自为之见好就收！


福州12345平台存在恶意拦截诉求、篡改信访数据、人为制造验证码故障等系列违规行为，已涉嫌行政违法，现请求上级监管部门直接介入，彻查幕后责任人员！
系列违规行为已触及法律底线，绝非“工作失误”可掩盖，若上级监管部门不及时介入，本人将同步所有证据至检察机关，追究相关人员法律责任！福建省福州市12345市长热线平台！",2026-06-21 22:30:24,福州市,,"福州市12345中心
福州市12345中心",形式主义为基层减负,指尖形式主义,为了应付上级检查/考核/指标而增加一线无谓负担,0.9,"['恶意拦截', '数据造假', '行政违法']",该条目反映的是福州12345平台存在恶意拦截诉求、篡改信访数据等违规行为，涉嫌行政违法。这些行为可能为了应付上级检查而增加了基层工作人员的负担，属于形式主义为基层增加负担。,建议调取12345平台的后台数据，查看是否存在恶意拦截和篡改数据的行为；询问相关工作人员是否存在为了应付上级检查而增加负担的情况。,该条目反映的是平台存在恶意拦截和篡改数据的行为，属于为了应付上级检查而增加基层负担的形式主义问题。,qwen2.5vl:7b,full,HIGH,[],2026-08-09 22:56:23.098965
FJ26062120110,举报福州市鼓楼区政府刘用全负责人信访数据造假、督办空转、堵截网上信访、失职渎职,"事件地点：数据造假罪加一等！福建省福州市鼓楼区政府（鼓楼区政府请收敛）知法犯法长期对我投诉件删除修改？


实名投诉：鼓楼区委书记刘用全纵容造假堵截信访通道
鼓楼区信访配合造假堵截，督办空转。恳请中纪委严查刘用全失管纵容造假，彻查堵截黑幕并严肃问责。

国信平台异常波及鼓楼区，暴露属地监管失控。
4月24日18:00至25日8:00公告维护。25日22:07我点开平台，仍显示24日旧公告，通道锁死。
26日8点后投递，至17:03仍显24日公告，服务未开。
更奇葩的是，维护未到18:00平台提前发布维护公告，公然造假。

4月25日晚至26日17:03，公告不撤、通道锁死、提前造假，行为恶劣、固定异常。
到今天26日17:03打开依然是周五公告，天大笑话，腐败公开叫板吗？

非技术故障，实为后台手动操作、内鬼上阵，蓄意阻断群众信访权利。
鼓楼区作为属地，刘用全身为第一责任人，对此恶性造假、通道堵截视而不见，监管严重失责，基层信访沦为摆设，损害政府公信力。

依据《信访工作条例》，严禁人为设障弄虚作假。刘用全履职不力，放任下属造假堵路，构成严重不作为、乱作为。

恳请介入，封存鼓楼区相关后台数据，彻查幕后黑手，追究刘用全监管失责、纵容腐败的领导责任！",2026-06-21 22:02:28,福州市,鼓楼区,"鼓楼区12345中心
鼓楼区12345中心",形式主义为基层减负,指尖形式主义,为了应付上级检查/考核/指标而增加一线无谓负担,0.9,"['指尖形式主义', '数据造假', '信访通道堵塞']",该条目反映的是鼓楼区政府在信访数据造假、督办空转、信访通道堵塞等问题，属于为了应付上级检查/考核/指标而增加一线无谓负担的形式主义问题。,建议调取鼓楼区政府的信访数据、相关会议记录、上级检查考核记录等材料，以及与信访工作人员的谈话记录，以核实是否存在数据造假和信访通道堵塞的问题。,该条目反映的是为了应付上级检查/考核/指标而增加一线无谓负担的形式主义问题，具体表现为数据造假和信访通道堵塞。,qwen2.5vl:7b,full,HIGH,[],2026-08-09 22:56:57.618554
SM26062020125,举报三明卫健委压案不查！三明台江重大骗保线索,"请务必完整记录我本次反映的内容。后续若上级部门核查三明台江医院，从中查实各类重大问题与违法线索，结合现有情况可确定三明市卫健委医政科存在明显包庇行为。恳请将本条记录作为正式留存证据，待相关案件线索查实后，依法依规追究卫健委相关人员的责任。

举报三明市卫健委充当三明（台江医院）保护伞、滥用职权、包庇违法!

附详细线索 

举报人黄慧娟
身份证350402199010160047


本人于2026年3月27日正式向国家医保局提交举报，反映三明市台江医院骗保！虚构残疾等级、限制患者出院、过度医疗、病历记录伪造，滞留完全民事行为能力人1770天等问题。
 
1. 2026年3月29日，收到国家医保局答复：案件逐级转交福建省医保局办理；
​
2. 福建省医保局随后将案件指派三明市医保局核查；
​
3. 三明市医保局依规移交三明市卫健委，要求核查涉事医院是否存在过度医疗等违规行为。
 
案件移交卫健委后，该单位未立即开展实地核查，反而违规给予涉事台江医院长达一个月的自查期限。自查期满后，卫健委依旧消极处置、刻意拖延，从3月底直至2026年6月19日，耗时近三个月才移交至卫健监督所启动正式调查，全程故意拉长办理周期，明显存在压案、拖案意图。


 收国家医保局督办案件 → 给涉事医院1个月自查洗白期
​
1​未查先判，采信院长单方证词
（本人手持电话录音）

2 刻意组织4名医生出具偏袒性结论
（本人已得到内部消息，卫健委组织的二甲专科意见和本人手上的三甲医院专家意见形成对冲）

​
3EMS实名举报件骗保线索，本人去了卫健委，把我发的这些举报退回给我
试图想把违法线索举报转化为信访流程，延长执法时间

4本人前往卫健监督所准备提交全部原始证据、线索及专业意见，离开后随即接到监督所工作人员电话，称卫健委已下达指令，所有案件线索与证据仅能由卫健委提供，不允许举报人个人直接递交材料。
该行为属于行政机关非法干预执法机构独立办案，垄断证据渠道，刻意对证据进行筛选、删减，变相包庇涉事方，严重侵犯公民举证、监督的法定权利。


5我多次向三明市卫健委提交举报材料，但当地卫健委存在严重履职问题：第一，刻意压案不查，拖延处置；第二，刻意回避核心的骗保、非法滞留问题，内部仅将事件定性为单纯的医疗文书瑕疵；第三，动用本地专家出具意见，试图否定我手中三甲医院权威专家的鉴定结论，混淆事实。",2026-06-20 11:19:14,三明市,三元区,"三明市12345中心
三明市12345中心",形式主义为基层减负,评比创建/证明/借调,为了应付上级检查/考核/指标而增加一线无谓负担,0.9,"['评比创建', '证明', '借调']",该条目反映的是卫健委在处理医疗骗保案件时存在压案不查、拖延处置等问题，属于为了应付上级检查/考核/指标而增加一线无谓负担的形式主义表现。,建议调取卫健委在处理医疗骗保案件时的相关记录，包括案件移交、核查、处理过程等，以及相关工作人员的谈话记录。,该条目反映的是为了应付上级检查/考核/指标而增加一线无谓负担的形式主义表现。,qwen2.5vl:7b,full,HIGH,[],2026-08-09 22:47:17.194560
NP26061820811,关于小区地库废品收购堆放问题反复反弹再次投诉。,"物投诉厦门世家物业只接投诉不解决问题，敷衍业主投诉，欺骗政府部门。仅发一张6月11号清理后的现场照片，结果才过了不到三天，32栋B1层的纸壳、旧塑料瓶置物架又堆回了原位，问题完全没有得到解决。
 物业这种“拍张照片交差、转头就放任问题反弹”的应付式处理，本质上根本没想着从根源解决问题，只是为了糊弄业主、完成投诉处理的KPI，完全没有尽到小区日常维护的基本责任。

以下为6月18号拍摄真实现场图片。",2026-06-18 23:21:49,南平市,延平区,"南平市延平区城市管理和综合执法局
南平市延平区人民政府水东街道办事处",形式主义为基层减负,指尖形式主义,为了应付上级检查/考核/指标而增加一线无谓负担,0.9,"['小区管理', '物业投诉', '敷衍处理']",该条目描述了物业在处理小区地库废品收购堆放问题时，仅发一张清理后的现场照片，但问题并未得到解决，表明物业可能为了完成投诉处理的KPI而采取了敷衍处理的方式，增加了基层负担。,建议调取物业的日常管理记录、业主投诉记录、物业与政府部门的沟通记录，以及物业的绩效考核记录，以核实物业是否为了完成KPI而采取了敷衍处理的方式。,该条目描述了物业为了完成投诉处理的KPI而采取了敷衍处理的方式，增加了基层负担，符合指尖形式主义的定义。,qwen2.5vl:7b,full,HIGH,[],2026-08-09 22:27:41.947114
XM26061823283,投诉湖里区就业中心虚假登记等问题,2026年6月12日，其连续收到3条湖里区就业中心发送的短信，内容就是有联系其做过相关就业帮扶登记，其也到相近服务基地报名。其要投诉湖里区就业中心给其虚假登记说联系过其。在这个期间，其从未接到过任何就业工作人员电话、微信、线下上门对接，不存在任何沟通记录。湖里区就业中心无实际联系信息，确录入虚假联系的台账，属于政务服务弄虚作假，违反就业帮扶工作规范。要求核查生成该虚假记录的责任单位及对虚假回访问题进行整改，并向其回复。要求规范失业人员就业帮扶回访机制，杜绝无服务虚假登记。以上问题要求有关部门调查处理。,2026-06-18 22:22:42,厦门市,湖里区,湖里区人力资源和社会保障局,形式主义为基层减负,台账留痕迎检,为了应付上级检查/考核/指标而增加一线无谓负担,0.9,"['虚假登记', '就业援助', '台账留痕']",该条目反映湖里区就业中心存在虚假登记的情况，属于为了应付上级检查而增加基层负担。就业中心通过虚假台账留痕，增加了基层工作人员的工作负担。,建议调取湖里区就业中心的台账记录、相关工作人员的工作记录以及与投诉人相关的沟通记录，以核实虚假登记的情况。,投诉内容涉及就业中心通过虚假台账留痕，增加了基层工作人员的工作负担，符合形式主义为基层增加负担的判断逻辑。,qwen2.5vl:7b,full,HIGH,[],2026-08-09 22:28:19.180255
ND26061820618,投诉抬棺送葬问题,何先生来电反映，近期，他在网上看到寿宁县推行“喜事新办、丧事简办”相关政策，其中涉及禁止公职人员家属“当街抬棺送葬”的规定，并有公职人员因此受到处分。他代表四川网友对此表示愤怒和谴责，认为当地政府存在形式主义问题。现希望当地政府能多办实事、切实关心民生。烦请相关部门核实处理。,2026-06-18 21:35:30,宁德市,寿宁县,"寿宁县12345中心
寿宁县12345中心",形式主义为基层减负,评比创建证明借调,为了应付上级检查/考核/指标而增加一线无谓负担,0.9,"['评比创建', '证明', '借调']",投诉内容涉及禁止公职人员家属“当街抬棺送葬”的规定，这可能与当地推行的“喜事新办、丧事简办”政策有关，该政策可能在一定程度上增加了基层工作人员的工作负担，尤其是公职人员，因为需要执行和监督这些规定，从而增加了他们的工作压力。,建议调取当地关于“喜事新办、丧事简办”政策的文件、公职人员的考核记录以及相关公职人员的访谈材料，以核实是否存在形式主义问题。,投诉内容涉及禁止公职人员家属“当街抬棺送葬”的规定，这可能与当地推行的“喜事新办、丧事简办”政策有关，该政策可能在一定程度上增加了基层工作人员的工作负担。,qwen2.5vl:7b,full,HIGH,[],2026-08-09 22:28:37.725458
ND26061820600,投诉部门问题,张先生来电反映，宁德市市委市政府和寿宁县县委县政府对于寿宁县融媒体微信公众号今日寿宁所发布的关于寿宁县鳌阳镇移风易俗事件的通报，所提到的有群众在街道上抬棺行走送葬，针对该事件对当事人相关的公职人员进行了严肃的问责。他认为，宁德市市委市政府和寿宁县县委县政府过于形式主义，形式主义之祸烈于贪污腐败，你们宁德市市委市政府和寿宁县县委县政府这样一种不负责任的乱问责，严重的损害了干群关系，严重的损害了党在人民群众的威信和执政根基。严重的损害了干部干事创业的热情和工作积极性。他想请问：宁德市市委市政府寿宁县县委县政府的主要负责人，你们的父母死后难道就是悄悄的拉到沟里埋了就算了吗？他呼吁，在开展移风易俗这项工作时，要准确理解党中央的政策，在尊重历史尊重传统的基础上，耐心的做好群众的工作。不能搞一刀切，不能搞形式主义，不能乱问责。再次请问，宁德市委市政府、寿宁县县委县政府你们的父母死后难道就悄悄的拉到沟里埋了就算了吗？烦请相关部门核实处理。（群众要求将诉求件录音转交至宁德市市委市政府与寿宁县县委县政府，让他们主要负责人全程听取；群众表示如果不满意部门的答复，他要将这个录音经过多个公众号和多个媒体继续跟踪这个事情）,2026-06-18 20:43:49,宁德市,寿宁县,"寿宁县12345中心
寿宁县12345中心",形式主义为基层减负,指尖形式主义,为了应付上级检查/考核/指标而增加一线无谓负担,0.9,"['形式主义', '问责', '基层负担']",该条目反映了宁德市市委市政府和寿宁县县委县政府在移风易俗工作中存在形式主义问题，导致干部问责过多，损害了干群关系和党在人民群众的威信。这属于为了应付上级检查/考核/指标而增加一线无谓负担的典型表现。,建议调取宁德市市委市政府和寿宁县县委县政府关于移风易俗工作的相关文件、会议记录、问责记录等材料，以及与相关干部的谈话记录，以核实是否存在形式主义问题。,该条目反映了宁德市市委市政府和寿宁县县委县政府在移风易俗工作中存在形式主义问题，属于为了应付上级检查/考核/指标而增加一线无谓负担。,qwen2.5vl:7b,full,HIGH,[],2026-08-09 22:29:19.781099
XM26061822789,厦门集美区人民政府怠政懒政不作为,"我6.4号反应的，厦门集美灌口坑内村前山社381号，苏氏养殖场，户主，苏志坚的问题。6.15号才开始办理，一条政令从厦门市政府传到到基层，用了11天，几十公里走路也要好几个来回了吧。我以前在漳州市政府投诉的问题，第二天就传达到基层，两三天内问题就解决了。漳州距离厦门那么近，可以去学习一下嘛，三人行必有我师，学习一下别人的治理经验不寒碜。
1.我反映租住的房屋隔断成若干小房间你们是一点也看不见：不能随便打隔断、分割成小间出租，全国有明确禁令，违者可罚款、恢复原状、合同可解除。
法律依据（2025.9.15起施行）
《住房租赁条例》：
必须以原设计房间为最小出租单位，不得擅自分割、打隔断
房东：警告+罚款2000–10000元、没收违法所得、限期恢复原状
租客：可解除合同、要求退押金和租金，无需承担违约责任
2.反映的另一个问题，养鸡场建在厦门市区居民区中间。
国家法规红线
禁养区：《畜禽规模养殖污染防治条例》明确，城镇居民区、人口集中区属于禁养区，严禁建规模化养殖场
防疫距离硬标准：《动物防疫条件审查办法》要求，养鸡场必须距离居民区≥500米
市区养鸡，
臭味扰民：粪便、氨气异味严重，
疫病风险：人畜共患病、禽流感传播风险高
环保不达标：粪便、废水、噪声难处理，环评通不过。

然后给我说，我们管不到，你去寻求法律途径吧。草草结案。这就是踢皮球，甩责任。形式主义，官僚主义作风。当官不为民做主，不如回家卖红薯。
习近平主席说过，要真抓实干，马上就办。你们是一句也没放在心上。",2026-06-18 18:54:20,厦门市,集美区,厦门市集美区灌口镇人民政府,形式主义为基层减负,过度管控/盲目决策,为了应付上级检查/考核/指标而增加一线无谓负担,0.9,"['怠政懒政', '不作为', '形式主义', '官僚主义']",该条目反映的是政府在处理问题时拖延不作为，且在处理群租房和养鸡场问题时，存在形式主义和官僚主义作风，导致问题解决不及时。核心根因是为应付上级检查/考核/指标而增加一线无谓负担。,建议调取政府处理问题的记录、相关法规文件、基层工作人员的访谈记录，以核实是否存在拖延不作为和形式主义现象。,该条目反映了政府在处理问题时拖延不作为，且存在形式主义和官僚主义作风，符合核心判断逻辑。,qwen2.5vl:7b,full,HIGH,[],2026-08-09 22:30:43.328091
NP26061820428,高校强制捐书,您好，我要投诉福建省南平市延平区闽北职业技术学院强制捐书。在班级群要求每位学生必须捐赠3本书，不捐会在班上点名、影响综合素质评价。捐赠属于自愿行为，学校硬性摊派违反慈善自愿原则。我已留存班级通知截图、聊天记录证据，诉求：要求学校取消强制捐书规定、书面整改并反馈处理结果。,2026-06-18 15:08:58,南平市,延平区,南平市教育局,形式主义为基层减负,评比创建证明借调,为了应付上级检查/考核/指标而增加一线无谓负担,0.9,['评比创建证明借调'],该条目反映的是高校强制学生捐书的问题，属于评比创建证明借调类型，学校硬性摊派违反慈善自愿原则，增加了学生负担。,建议调取班级通知截图、聊天记录等证据，找相关负责人谈话，查看学校相关规章制度。,投诉内容涉及学校硬性摊派强制捐书，增加了学生负担，符合评比创建证明借调类型。,qwen2.5vl:7b,full,HIGH,[],2026-08-09 22:26:50.978577
SM26061820148,关于多年民政局擅自侵占合法承包的私人林地,"民政局多年侵占合法承包的私人林地，从2023年开始协商至今没有给予解决。全程只做口头搪塞忽悠，每次沟通均以“正在开会研究、等待上级批复、后续统一处理”等模糊话术拖延，从来没有出具书面调查受理回执、没有划定办理时限、没有开展实地勘验核查，没有拿出任何实质性解决方案，属于典型口头答复、虚假回应￼￼￼。对待群众合理维权诉求消极懈怠，2023年一直延续至今，漠视群众合法林权财产权益。存在推诿扯皮、办事不作为现象，多次沟通中工作人员相互推脱，不直面核心侵权问题，不担当、不办实事，形式主义问题突出，一次次消耗群众维权时间与精力，导致该林地侵占纠纷数年悬而未决，问题始终得不到化解，严重损害公职部门公信力。
本人合法林权证权属清晰，侵权事实证据确凿，本该依法快速调处化解，却因民政局工作人员怠于履职、敷衍忽悠，致使维权之路艰难漫长。现一并投诉该单位懒政怠政、不作为乱作为、忽悠群众不办实事的工作作风问题，恳请纪检、林业、信访部门一并核查追责，限期给出书面处理结果。",2026-06-18 11:22:47,三明市,大田县,大田县民政局,形式主义为基层减负,层层加码/一刀切,为了应付上级检查/考核/指标而增加一线无谓负担,0.9,"['农民权益保障', '形式主义为基层增加负担']",该条目反映了民政局工作人员怠于履职、敷衍忽悠，导致群众维权之路艰难漫长，问题始终得不到化解。这表明为了应付上级检查/考核/指标而增加了基层的无谓负担。,建议调取民政局工作人员的履职记录、会议记录、上级批复文件等材料，以核实是否存在为了应付上级检查/考核/指标而增加一线无谓负担的情况。,该条目反映了民政局工作人员怠于履职、敷衍忽悠，导致群众维权之路艰难漫长，问题始终得不到化解，属于为了应付上级检查/考核/指标而增加一线无谓负担的情况。,qwen2.5vl:7b,full,HIGH,[],2026-08-09 22:35:07.784398
FZ26061820872,立即停止强制抽调社区工作人员承担中高考考点志愿服务,"我是一名社区工作人员，现投诉上级强制安排我们全员参与中考、高考考点志愿服务一事。
社区本身台账、民生服务、网格治理等本职工作任务繁重，考点值守疏导、爱心服务不属于社区法定工作职责，属于额外摊派。现在只要有各类临时任务就要求社区人员随叫随到，长期挤占正常工作及休息时间，严重增加基层负担，违背基层减负相关要求。
恳请上级厘清各部门工作职责边界，不再将不属于社区的工作硬性分派给社区工作人员，合理分配人力，保障社区正常开展本职工作。",2026-06-18 10:12:11,福州市,晋安区,福州市晋安区鼓山镇人民政府,形式主义为基层减负,层层加码/一刀切,为了应付上级检查/考核/指标而增加一线无谓负担,0.9,"['层层加码', '一刀切']",该条目反映社区工作人员被强制抽调参与中高考考点志愿服务，这属于额外摊派任务，违背了基层减负相关要求。关键现象是上级部门将不属于社区法定工作职责的任务硬性分派给社区工作人员，导致基层负担增加。因果链条是上级部门的过度管控导致基层负担增加。,建议调取上级部门关于社区工作人员职责分工的文件，以及社区工作人员的工作日志，以核实是否存在额外摊派任务。,该条目反映了上级部门将不属于社区法定工作职责的任务硬性分派给社区工作人员，属于层层加码/一刀切，增加了基层负担。,qwen2.5vl:7b,full,HIGH,[],2026-08-09 22:19:00.783794
PT26061820231,关于编制借调的问题,市民反映：荔城区教育局本来编制只有10个人，但是现在居然有30个人，其中20个人是基层借调过来的，其表示这种现象是否合理，希望相关部门核实给出一个合理解释。,2026-06-18 09:31:10,莆田市,荔城区,荔城区教育局,形式主义为基层减负,评比创建证明借调,为了应付上级检查/考核/指标而增加一线无谓负担,0.9,"['编制管理', '借调人员', '基层负担']",该条目反映的是基层编制人员被借调到其他部门，导致基层编制人员不足，增加了基层负担。这可能是因为为了应付上级检查/考核/指标而增加一线无谓负担。,建议调取该市教育局的编制管理文件、借调人员的记录以及相关考核指标的文件，以核实是否存在为了应付上级检查/考核/指标而增加基层负担的情况。,该条目反映的是基层编制人员被借调到其他部门，导致基层编制人员不足，增加了基层负担，符合为了应付上级检查/考核/指标而增加一线无谓负担的判断逻辑。,qwen2.5vl:7b,full,HIGH,[],2026-08-09 22:19:54.156854
QZ26061721653,投诉：村干部许*山侵占土地、龙眼树地划分界线三方分地未能处理 M,诉求者来电反映原工单QZ25040301296，部门已答复，问题没有处理，镇政府一直不处理。驻张坑村工作队员黄*东在处理许*山霸占耕地、不与三方((许*山、许*山、许*进)分龙眼树地界线行政不作为乱作为、欺上瞒下、歪曲事实颠倒黑白充当许*山的保护伞。1、10月14日本人找驻村干部查询不到本人反映的事项信息，驻村干部（李*）电脑没有收到投诉的相关事项问题信息，诉求者表示既然没有收到事项相关问题，为什么会回复部门答复意见处理，请政府各部门和霞美镇政府答复。在南安市霞美镇镇长黄*水不作为，乱作为。2、镇长亲自告诉其2025年7月14日-7月30日村书记黄*江已经处理，三方要到现场分龙眼树地界，等驻村干部李*探亲回来就到现场分龙眼树界限。诉求者2025年8月4日和村书记黄*江联系，请求分地。2025年8月4日村书记告知许*山不到现场分龙眼树地界，因驻村工作队员黄*东和村委会副主任黄*湖告知许*山，诉求者到国家信访局控告许*山的多项罪状，许*山才不到现场分地，诉求者有录音证据。诉求者请求镇政府处理问题，镇政府一直推脱，不作为，敷衍了事。诉求者多次和南安市纪委书记陈*松反映情况，南安市纪委书记9月4日告知4+2处理，镇书记黄*良、镇长黄*水，驻村村干部李*，村书记黄*江4个人处理，再加两个人，驻村工作队员黄*东和村委会副主任黄*湖，动员许*山到现场分地，至今一直未处理。诉求者和纪委书记反映，纪委书记表示会抓紧处理。诉求者2025年1月13日和1月16日向人大反映，转到霞美镇处理。2025年6月6日向国家信访局反映情况，霞美镇政府6月23日书面答复2025年8月10日处理完成。诉求者表示镇政府于8月4日书面回复，但歪曲事实，颠倒黑白。诉求者9月22日到省信访局反映，信访局要求霞美镇处理。诉求者表示多次向中央巡视组反映多次，未处理。诉求者2025年10月9日到镇里找镇长，找不到镇长。诉求者第一次拨打镇长电话，电话不接。诉求者第二次拨打镇长的电话，镇长让其找李*和戴*阳。诉求者告知镇长，李*2023年至今多次表示处理不了，镇长违背南安市纪委书记陈*松的4+2处理方案。要求按照南安市纪委书记说的4+2处理，镇长挂断电话。诉求者多次拨打镇长的电话，电话无法拨通。诉求者表示镇长不作为，乱作为，制造冤假错案，镇长明目张胆保护村霸许*山，多次反映未处理，恳求按照纪委书记说的4+2处理，恳求政府各部门合理合法，依法依规、公平公正，处理问题。请求平台打电话给镇长（黄*水），反映存在现实问题，并请求处理问题。现问题没解决，信息天天来，驻村干部李*表示查不到其投诉的问题，平台多次将工单批转南安市12345不合理，强烈要求泉州市12345中心处理。故再次反映，望部门核实处理。（诉求者请求12345平台和各级政府处理其反映的问题，另本人致电的是0595-28382345，不要流转南安市）,2026-06-17 20:16:03,泉州市,南安市,"泉州市12345中心
泉州市12345中心",形式主义为基层减负,层层加码/一刀切,为了应付上级检查/考核/指标而增加一线无谓负担,0.9,"['层层加码', '一刀切']",该条目反映村干部不作为、乱作为，镇政府推诿扯皮，导致问题长期得不到解决。这可能是因为为了应付上级检查或考核，导致基层干部在处理问题时出现推诿现象，增加了基层负担。,建议调取镇政府和村干部的会议记录、工作日志、相关投诉记录等，以核实是否存在为了应付上级检查而推诿扯皮的情况。,存在为了应付上级检查/考核/指标而增加一线无谓负担的情况。,qwen2.5vl:7b,full,HIGH,[],2026-08-09 21:59:31.404040
FZ26061721755,福州高新区儿童学园强制专任教师节假日值班属于违规摊派非教学工作,"福州高新区儿童学园假期园区防火、防盗、应急值守，应由行政管理人员、保安安保人员承担，不得摊派一线任课教师；幼儿园教师依法享有寒暑假带薪休假权利，强制专任教师节假日值班属于违规摊派非教学工作。

教育部教师厅〔2025〕2号减负文件明确规定：法定节假日、周末、寒暑假无幼儿在校期间，原则上不安排专任教师值班值守   。

闽侯县多家公办、民办幼儿园依旧常态化安排普通任课老师轮流端午、清明、五一、国庆等节假日到校值班巡查，未落实上级减负政策；部分幼儿园无值班补贴、无节后补休，单纯义务强制值班，既违反教育部减负要求，也违背《劳动法》加班薪酬规定。",2026-06-17 13:56:53,福州市,闽侯县,闽侯县教育局,形式主义为基层减负,层层加码/一刀切,为了应付上级检查/考核/指标而增加一线无谓负担,0.9,"['休息休假', '违规摊派', '劳动法']",该条目反映的是幼儿园教师在法定节假日被强制值班的问题，违反了教育部减负文件的规定，属于层层加码/一刀切的典型表现，增加了基层教师的负担。,建议调取相关教育部门的文件、幼儿园的值班安排记录、教师的劳动合同以及劳动监察部门的调查记录。,该条目反映的是幼儿园教师在法定节假日被强制值班的问题，违反了教育部减负文件的规定，属于层层加码/一刀切的典型表现。,qwen2.5vl:7b,full,HIGH,[],2026-08-09 22:13:27.061215
PT26061720357,学校领导不作为,"1.既然说不存在校级领导不用考勤的情况，那么请邓寅滢老师每天按时打卡，并且向教育局平台提供无删减无修改版打卡记录，否则凭什么让别人为你删除未打卡记录却还说标准一致？知道标准一致是什么意思吗？？这还不叫双标，还不叫滥用职权吗？请教育局严查，不要只听信一面之词。
2.如果说做一件什么事情合情合理，那么请出示考核文件哪一条哪一点讲明需要扣考核分。例如，之前班级日志需要填写，填写不完整需要扣考核分，这是哪一个文件里说明的？明明是领导想要以此威胁各位老师，却还要说是合情合理，简直可笑。差点忘记，霞林学校的考核方案可以随时随地为邓寅滢老师更改。
3.行政人员若师德师风正常，为何会在会议上直接说出霞林学校女老师相亲没市场、拿不出手这样的言论？为何会在全师会议上说出“既想当婊子又想立牌坊”这样的言论？这是一个领导、一个老师应该在学校、在老师面前说的话？
4.压榨老师，工作、材料越做越多，只是为了那些中层干部打名声、做样子（有没有大家自己心里都清楚），所谓的班主任集备、班主任沙龙到底对班主任提供了什么样的帮助？只是各位领导在为自己的功劳争来争去，某件事情如果做得好就可以在校长面前说这是自己的功劳。比起这些，如果那些行政领导干部能够看到班主任的辛苦帮助班主任解决一些生活、工作上的困难（比如不要利用自己的关系圈钱招一些垃圾学生来学校加大一线老师工作的难度），这比这些形式上的开会、看视频、所谓的学习来的更加实际。
5.压榨老师不仅仅体现在工作上，更是心理、身体上的伤害。体检卡已经不知道多少年没有，学校只说拨了款但是用于妈妈屋。那个妈妈屋为老师提供了什么帮助？相较之前没有任何改变，是否可以说这一部分的款项不知道去了哪里？如果真的装修了妈妈屋，装修了哪些东西？开放出来给老师使用了吗？
6.学生、家长固然越来越难沟通交流管教，但是学校难道不是应该为老师们提供一个良好的工作环境吗？如果学校、领导有对老师多一些关心、多一些福利，老师们工作也更有激情，可是现在连最基本的教师福利都不复存在，谈什么教书育人？每年说没钱给我们发福利，各种节日只有寒碜的、拿不出手的福利，每年扣那么多钱给工会，每年只给我们返蛋糕卡以及过年的油、瓜子等。甚至还要利用暑假时间来进行校本培训。不是说没钱吗？为何还有钱可以请那些专家来？另外连教师最基本的完整的暑假都不能保证？校本培训到底是在培训什么？对老师有什么帮助？大家根本就不想来。所谓的什么狗屁培训不如多放几天假来的实在！
7.最后，请你们回复积极一点，不要等到最后一天才回复。回复的过程中，请想想贵校某些领导的所作所为，诚实回复，不要回复一些冠冕堂皇的东西来偷换概念。AI如此发达，请领导如实回复，不要让AI都知道贵校的破事。老师们不是没有意见，只是提了任何建议都会被驳回，大家也想建言献策，但是学校根本不给大家机会，如果发现提了什么意见动了谁的蛋糕就会明里暗里的被针对，所以只能求助于这个匿名的平台。大家辛辛苦苦来到这个学校，却遭受这样的窝囊气，教师的心理健康、身体健康、正常权益到底谁来守护？",2026-06-17 10:30:56,莆田市,城厢区,城厢区教育局,形式主义为基层减负,会议文件泛滥/层层陪会,为了应付上级检查/考核/指标而增加一线无谓负担,0.9,"['会议文件泛滥', '层层陪会', '工作负担增加']",该条目详细描述了学校领导通过要求老师打卡、考核等方式增加老师的工作负担，以满足上级检查和考核的要求。这属于为了应付上级检查/考核/指标而增加一线无谓负担的形式主义问题。,建议调取学校考核文件、考勤记录、会议记录等材料，了解具体考核标准和要求，以及相关领导的讲话和指示。,投诉内容详细描述了学校领导通过要求老师打卡、考核等方式增加老师的工作负担，以满足上级检查和考核的要求，符合核心判断逻辑。,qwen2.5vl:7b,full,HIGH,[],2026-08-09 22:17:42.579891
XM26061623377,马巷派出所夜班工作人员得不到休息,请马巷派出所合理安排各类会议时间 夜班晚八点到早八点工作，本身就得不到良好睡眠，每每将会议安排在早上九点到十点左右是否考虑过夜班人员，本来就通宵未眠，还要坚持到九点十点参加时长未定的会议，还是领导觉得夜班的都是铁人不需要休息，或是非得猝死个人才能得到善待。请合理安排时间，或非必要准许夜班人员不用参加。,2026-06-16 21:23:35,厦门市,翔安区,厦门市公安局,形式主义为基层减负,会议文件泛滥/层层陪会,为了应付上级检查/考核/指标而增加一线无谓负担,0.9,"['夜班休息', '会议安排']",该条目反映的是夜班工作人员因会议安排而得不到休息的问题，属于为了应付上级检查/考核/指标而增加一线无谓负担。,建议调取夜班工作人员的会议安排记录，了解会议的具体时间和频次，以及是否有未批准直达基层的情况。,该条目内容反映的是夜班工作人员因会议安排而得不到休息的问题，属于为了应付上级检查/考核/指标而增加一线无谓负担。,qwen2.5vl:7b,full,HIGH,[],2026-08-09 21:39:34.183447
QZ26061621625,前期投诉护学岗强制排班问题整改不到位,"此前本人已通过12345平台，投诉洛江外国语学校以及家委会强制安排家长轮流值守护学岗的问题。目前整改并未落实到位。现在家委会的做法依旧不合理，在班级群告知，不愿意参加护学岗的家长主动说明。这样的方式，使得提出不想站岗的家长，会遭到班主任、家委会私下议论与区别对待，家长碍于人情压力只能被迫参与。
真正的自愿志愿服务，应当改为由愿意参与护学岗的家长主动自愿报名征集，而不是反向让不愿意站岗的家长主动报备。恳请区教育局督促学校纠正该征集方式，严格落实自愿原则，杜绝变相强制家长参与护学岗，规避给家长造成人情方面的压力。恳请12345平台转交洛江区教育局，督促学校调整征集方式，严格落实自愿原则，杜绝变相强制家长值守。",2026-06-16 18:57:58,泉州市,洛江区,"泉州市12345中心
泉州市12345中心",形式主义为基层减负,评比创建/证明/借调,为了应付上级检查/考核/指标而增加一线无谓负担,0.9,"['校园安全', '评比创建/证明/借调']",该投诉涉及护学岗强制排班问题，家长被迫参与护学岗，存在变相强制现象，属于为了应付上级检查/考核/指标而增加一线无谓负担。,建议调取学校和家委会的相关会议记录、家长反馈记录、上级检查/考核/指标文件等，以核实是否存在变相强制家长参与护学岗的情况。,投诉内容涉及护学岗强制排班问题，存在变相强制家长参与的情况，属于为了应付上级检查/考核/指标而增加一线无谓负担。,qwen2.5vl:7b,full,HIGH,[],2026-08-09 21:41:37.580464
XM26061622054,维护小区业主合法权益，政府部门不作为，慢作为！（距上一次回复已经2个月过去。）,"我们是保利中交云上小区合法业主。为落实小区业主自治权利，规范小区物业管理秩序，维护全体业主合法权益，我方严格按照《中华人民共和国民法典》《物业管理条例》等相关法律法规规定，依法向属地街道、社区提交了成立首届业主委员会的书面申请及相关业主联名材料，申请流程合规、资料齐全，完全符合成立业主大会、选举业主委员会的法定条件。
 
自提交申请以来，我方始终积极配合街道、社区的各项指导工作，耐心等待筹备推进。但属地街道、社区长期以各类不实、不合理借口拖延推诿，未依法启动业主委员会筹备相关工作，未履行基层政府指导、协助、监督业主成立自治组织的法定职责。
 
为推动工作落地，我方业主多次沟通未果后，正式通过12345政务服务便民热线投诉反馈该问题。后续街道、社区针对工单回复，明确表示已积极开展业委会筹备相关工作，承诺推进后续组建流程。但自该回复公示至今，已过去一月有余，街道、社区无任何实质性工作进展，未组建业主大会筹备组、未开展业主信息核验、未发布任何筹备公告、未组织任何相关工作会议，全程处于停滞搁置状态，属于典型的慢作为、不作为。
 
街道、社区的拖延行为，严重侵害了小区全体业主依法享有的自我管理、自我服务的合法自治权利，违背了国家推进基层社会治理、规范住宅小区物业管理的政策要求，同时也导致小区物业矛盾、管理乱象无法通过合法自治渠道妥善解决，极大影响了小区业主的正常居住生活，引发全体业主强烈不满。
 
依据《物业管理条例》相关规定，街道办事处、社区居委会负有指导、协助、监督辖区小区成立业主大会、选举业主委员会的法定职责，在收到业主合法合规的成立申请后，必须在法定时限内启动筹备工作，不得无故拖延、拒绝。为切实维护全体业主合法权益，纠正基层履职不作为问题，现特恳请上级主管单位介入督导，依法依规督促属地街道、社区切实履职尽责：
 
1. 立即核查我小区业委会筹备工作停滞问题，纠正街道、社区不作为、慢作为行为，对长期拖延履职的情况予以核查督办；
2. 责令街道、社区限时启动首届业主委员会筹备工作，依法依规组建筹备组、公示相关信息、有序推进业主大会召开、业委会选举等全部流程；
3. 全程督导后续各项筹备工作，公开工作进度、明确时间节点，杜绝再次出现拖延、推诿、搁置等问题，保障业主自治工作合法、合规、高效落地。
 
我方全体业主坚决拥护基层治理相关规定，全程配合各项合规工作，恳请上级主管单位高度重视此事，尽快介入督导、妥善解决问题，切实保障群众合法权益。",2026-06-16 15:33:25,厦门市,翔安区,厦门市翔安区人民政府凤翔街道办事处,形式主义为基层减负,层层加码/一刀切,为了应付上级检查/考核/指标而增加一线无谓负担,0.9,"['业委会建设管理', '基层治理不作为']",该条目反映的是业主委员会筹备过程中街道、社区拖延推诿，未依法启动筹备工作，导致业主自治权利无法通过合法渠道解决，严重影响了小区业主的正常居住生活。这反映了基层治理过程中为了应付上级检查/考核/指标而增加一线无谓负担的问题。,建议调取街道、社区与业主委员会筹备相关的会议记录、工作台账、相关文件等，以核实街道、社区是否依法履行了指导、协助、监督的职责。,该条目反映了基层治理过程中为了应付上级检查/考核/指标而增加一线无谓负担的问题，符合形式主义为基层增加负担的判断逻辑。,qwen2.5vl:7b,full,HIGH,[],2026-08-09 21:48:23.801221
PT26061620246,本人注意到：本事项在“办理部门为12345中心”的情况下，回复内容却完全来源于城厢公安分局，且未见12345平台对该回复进行任何独立审核或复核说明。  该处理方式实质上是将投诉事项直接交由被投诉单位自,"本人注意到：本事项在“办理部门为12345中心”的情况下，回复内容却完全来源于城厢公安分局，且未见12345平台对该回复进行任何独立审核或复核说明。

该处理方式实质上是将投诉事项直接交由被投诉单位自行认定并通过平台发布，导致“平台转办=原单位自我结论”的结果，已明显偏离12345平台应有的监督与协调职责。

同时，多次不同事项均出现内容高度一致的模板化回复，进一步说明平台未履行实质审查义务。

本人认为：  
该类处理方式已构成程序性不当，属于形式化履职，不能视为有效答复。

现要求：  
1. 明确说明12345平台在本事项中的审核过程；  
2. 提供是否进行独立复核的依据；  
3. 如未复核，请说明理由并移交上级督查机构处理。",2026-06-16 09:24:30,莆田市,城厢区,"城厢区12345中心
城厢区12345中心",形式主义为基层减负,台账留痕迎检,为了应付上级检查/考核/指标而增加一线无谓负担,0.9,"['台账留痕', '迎检', '形式主义']",该条目描述的是12345平台在处理投诉时，回复内容完全来源于被投诉单位，且未进行独立审核或复核，导致平台转办等于原单位自我结论。这表明平台在处理投诉时存在形式主义，为了应付上级检查而增加了基层的负担。,建议调取12345平台的审核流程记录，以及被投诉单位的回复内容，以验证是否存在形式主义行为。,该条目描述了平台在处理投诉时存在形式主义，为了应付上级检查而增加了基层的负担。,qwen2.5vl:7b,full,HIGH,[],2026-08-09 21:58:18.486449
FJ26061620019,举报福州市鼓楼区政府刘用全负责人信访数据造假、督办空转、堵截网上信访、失职渎职,"事件地点：数据造假罪加一等！福建省福州市鼓楼区政府（鼓楼区政府请收敛）知法犯法长期对我投诉件删除修改？


实名投诉：鼓楼区委书记刘用全纵容造假堵截信访通道
鼓楼区信访配合造假堵截，督办空转。恳请中纪委严查刘用全失管纵容造假，彻查堵截黑幕并严肃问责。

国信平台异常波及鼓楼区，暴露属地监管失控。
4月24日18:00至25日8:00公告维护。25日22:07我点开平台，仍显示24日旧公告，通道锁死。
26日8点后投递，至17:03仍显24日公告，服务未开。
更奇葩的是，维护未到18:00平台提前发布维护公告，公然造假。

4月25日晚至26日17:03，公告不撤、通道锁死、提前造假，行为恶劣、固定异常。
到今天26日17:03打开依然是周五公告，天大笑话，腐败公开叫板吗？

非技术故障，实为后台手动操作、内鬼上阵，蓄意阻断群众信访权利。
鼓楼区作为属地，刘用全身为第一责任人，对此恶性造假、通道堵截视而不见，监管严重失责，基层信访沦为摆设，损害政府公信力。

依据《信访工作条例》，严禁人为设障弄虚作假。刘用全履职不力，放任下属造假堵路，构成严重不作为、乱作为。

恳请介入，封存鼓楼区相关后台数据，彻查幕后黑手，追究刘用全监管失责、纵容腐败的领导责任！",2026-06-16 07:39:28,福州市,鼓楼区,"鼓楼区12345中心
鼓楼区12345中心",形式主义为基层减负,评比创建/证明/借调,为了应付上级检查/考核/指标而增加一线无谓负担,0.9,"['公共娱乐管理', '信访数据造假', '督办空转', '失职渎职']",该条目反映的是鼓楼区政府在处理信访数据时存在造假、督办空转、堵截网上信访等问题，属于评比创建/证明/借调类形式主义，核心根因是为了应付上级检查/考核/指标而增加一线无谓负担。,建议调取鼓楼区政府的信访数据管理平台记录，以及与信访工作人员的谈话记录，以核实是否存在数据造假、督办空转、堵截网上信访等问题。,该条目反映了鼓楼区政府在处理信访数据时存在形式主义问题，核心根因是为了应付上级检查/考核/指标而增加一线无谓负担。,qwen2.5vl:7b,full,HIGH,[],2026-08-09 21:51:29.192886
FJ26061520256,【升级举报】福州12345恶意拦截诉求、做假数据，涉嫌行政违法，请求上级监管介入核查,"问题分类：长期弄虚作假及删除事件地点严重腐败！


苏增添的下场忘了？拆迁推诿、过渡费拖欠，就是重蹈覆辙！

打卡游福州市12345市长热线平台风景，推诿观光带逛腻了，回复太经典“诉求不清”你们好自为之见好就收！


福州12345平台存在恶意拦截诉求、篡改信访数据、人为制造验证码故障等系列违规行为，已涉嫌行政违法，现请求上级监管部门直接介入，彻查幕后责任人员！
系列违规行为已触及法律底线，绝非“工作失误”可掩盖，若上级监管部门不及时介入，本人将同步所有证据至检察机关，追究相关人员法律责任！福建省福州市12345市长热线平台！",2026-06-15 22:04:34,福州市,,"福州市12345中心
福州市12345中心",形式主义为基层减负,台账/留痕/数据造假,为了应付上级检查/考核/指标而增加一线无谓负担,0.9,"['恶意拦截诉求', '篡改信访数据', '人为制造验证码故障']",该条目反映福州12345平台存在恶意拦截诉求、篡改信访数据、人为制造验证码故障等违规行为，涉嫌行政违法。这些行为可能为了应付上级检查而增加了基层工作人员的负担。,建议调取12345平台的后台数据，查看是否存在恶意拦截诉求、篡改信访数据、人为制造验证码故障等违规行为的记录；同时，可以找相关工作人员谈话，了解是否存在为了应付上级检查而增加负担的情况。,投诉内容涉及恶意拦截诉求、篡改信访数据、人为制造验证码故障等违规行为，这些行为可能为了应付上级检查而增加了基层工作人员的负担。,qwen2.5vl:7b,full,HIGH,[],2026-08-09 21:13:26.069537
FZ26061523495,对原诉求件再次反映,原诉求件编号FZ26060121673，答复收悉，不满意，再次反映，经查看部门上传的一张附件照片，就拆除一辆非机动车的遮阳伞，做样子，形式主义，敷衍了事，旁边的遮阳伞全部没有拆除下来。故再次反映，希望部门担当作为，敢为争先，实干争效，用心用情做好群众诉求，切实提升群众出行安全感，全面拆除辖区内所有遮阳伞，将所有遮阳伞拆除下来的图片公示到12345平台。,2026-06-15 19:45:33,福州市,连江县,"连江县12345中心
连江县12345中心",形式主义为基层减负,指尖形式主义,为了应付上级检查/考核/指标而增加一线无谓负担,0.9,"['交通管理措施', '形式主义', '敷衍了事']",该条目反映的是部门在拆除非机动车遮阳伞时存在形式主义，敷衍了事的情况。这表明为了应付上级检查/考核/指标而增加了基层一线的无谓负担。,建议调取部门关于拆除非机动车遮阳伞的台账记录、照片、视频等材料，以及与相关工作人员的谈话记录，以核实是否存在形式主义行为。,核心判断依据：存在为了应付上级检查/考核/指标而增加一线无谓负担的核心判断逻辑。,qwen2.5vl:7b,full,HIGH,[],2026-08-09 21:14:50.222241
LY26061520608,强烈反对强制摊派家长校门口护学执勤，转嫁法定职责存在重大安全隐患,"尊敬的教育局领导、校领导：
 针对学校强制安排全体家长轮流到校门口交通执勤一事正式投诉，该安排将本属于学校、交通管理部门的法定职责转嫁至普通家长身上，既不合理、不合规，更存在极大人身安全风险，湖南张家界家长护学岗猝死的悲剧已经为所有学校敲响警钟。
 
一、校门口交通疏导、学生安全管控本不是家长的责任
根据校园安全相关管理规范，上下学高峰校门口交通秩序维护、学生安全守护，主体责任为学校，交通疏导执法、车流管控属于交警部门法定工作职责。学校有教职工、安保人员，完全可以统筹校内教职工分时段值守；交管部门也有常态化护学勤务机制，本应由校方与交警协同落实安保疏导工作。
如今学校一刀切强制家长排班执勤，实质是转嫁校方管理责任、节省人力成本，家长有本职工作、家庭照料压力，既无执法资质，也无义务无偿承担校园交通安保工作。很多家长需要请假离岗执勤，直接影响工作收入，家中老人、病患、双职工家庭更是不堪重负。
二、张家界护学岗家长身亡案例充分暴露该模式致命安全隐患，2025年12月29日，张家界永定区天门小学一名45岁家长在校门口护学岗执勤时突发晕倒，现场紧急施救后送医院抢救无效离世，家中尚有两名未成年子女 。该事件经官方通报证实，事发后引发全国舆论热议，核心争议就是：强制摊派家长站岗，把无保障的安全压力全部压给普通家长。
1.家长并非专业安保人员，不少人存在高血压、心脑血管等基础疾病，长时间户外站立、车流嘈杂、精神紧绷，极易诱发突发疾病，一旦出现意外，学校很难完善兜底保障；
2. 校门口车流密集，机动车、非机动车往来频繁，家长无防护装备、无交通处置培训，执勤过程中存在被车辆碰撞、人身受伤风险；
3. 即便校方标注“自愿执勤”，现实中多为班级轮值摊派，不参与执勤就会被老师、家委会私下施压，所谓自愿形同强制，一旦发生伤亡事故，普通家庭将承受无法挽回的悲剧，如同张家界遇难家长家庭，失去家中主要劳动力，生活陷入绝境。
三、相关诉求
1. 立即取消全体家长强制轮值护学执勤制度，不再将校园交通疏导工作摊派给家长；
2. 校方落实主体责任，统筹安排本校教师、专职安保人员负责校门口值守，主动对接辖区交警，常态化开展官方护学勤务；
恳请主管部门介入核查整改，切实保障广大家长人身安全与正常工作生活权益。
希望教育局尽快解决",2026-06-15 18:36:49,龙岩市,新罗区,"龙岩市教育局
龙岩市新罗区教育局",形式主义为基层减负,过度管控/盲目决策,为了应付上级检查/考核/指标而增加一线无谓负担,0.9,['强制摊派家长校门口护学执勤'],该投诉反映学校强制安排全体家长轮流到校门口交通执勤，转嫁法定职责，存在重大安全隐患。这属于过度管控，为了应付上级检查而增加一线无谓负担。,建议调取学校相关文件、会议记录、家长反映情况记录等，以核实是否存在强制摊派家长校门口护学执勤的情况。,投诉内容反映学校强制安排家长校门口执勤，转嫁法定职责，存在过度管控，为了应付上级检查而增加一线无谓负担。,qwen2.5vl:7b,full,HIGH,[],2026-08-09 21:15:43.912908
XM26061522683,厦门翔安区市场监督管理局将企业营业执照产权登记证明工作下派到街道及社区,厦门翔安区市场监督管理局要求企业在申请营业执照时需提供街道及社区开具的房产产权归属证明。因街道及社区无房屋产权查询权限，业主房屋买卖产权变更及产权是否存在纠纷等情况非街道及社区所能查询获取。此项工作不合理且增加基层工作负担。如翔安区市场监督管理局认为该证明工作需由街道及社区承担，请下发工作函件或提供依据。,2026-06-15 17:52:00,厦门市,翔安区,厦门市市场监督管理局,形式主义为基层减负,层层加码/一刀切,为了应付上级检查/考核/指标而增加一线无谓负担,0.9,"['层层加码', '一刀切']",该条目反映市场监督管理局将企业营业执照产权登记证明工作下派到街道及社区，增加了基层工作负担。这属于层层加码/一刀切，因为街道及社区不具备查询房屋产权权限，但被要求承担此项工作。,建议调取市场监督管理局下发的通知文件，了解其具体要求和依据；询问街道及社区工作人员，了解实际工作负担情况。,该条目反映了上级部门将原本不属于基层职责的工作下派给基层，增加了基层工作负担，符合层层加码/一刀切的定义。,qwen2.5vl:7b,full,HIGH,[],2026-08-09 21:16:54.945191
FZ26061523092,漠视群众权益,"福建省文旅厅：
      你厅多次在处理文化部门的纠纷时，偏听偏信从未多方核实，致使群众权益屡次遭到漠视。近期，在处理你厅官网（178042195142154700）的答复是典型的驴唇不对马嘴、答非所问，最荒唐之处就在于：用“报名时间紧张”来回应“定好闹钟准点提交、系统瞬间崩溃”的投诉，核心主题全程跑偏，完全回避群众诉求本质。

其一，核心逻辑完全偷换，主题被刻意歪曲。群众投诉的核心非常明确：我提前定好闹钟、准点守候、第一时间提交，遭遇的是系统直接崩溃、根本无法操作提交的技术故障—— 这个问题的本质是平台技术失效，和“报名时间充裕不充裕、报名人数多不多”没有任何因果关系。你厅受该馆误导全程回避系统故障这个核心，等于完全没读懂群众诉求，属于典型的不动脑子、照搬模板的敷衍答复。
其二，同类问题屡教不改，异常情况绝非偶然。此类报名系统准点崩溃的问题已非首次发生，群众反映问题后就屡屡遭其报复。你厅历次答复均采用同一套话术回避核心矛盾，从不核查后台日志、从不落实技术整改，属于典型的屡教不改、惯性懒政。且本次异常仅出现在本人提交环节，同时段其他报名者可正常操作，你厅未做任何技术核查就直接甩锅“人数过多”，完全不符合客观事实。

现责令你厅于 3 个工作日内重新办理并书面反馈：
1.直面系统崩溃的核心问题，调取后台操作日志核查故障原因，作出正式说明；
2.彻底整改照搬万能模板、答非所问的工作作风，建立系统异常实质核查机制；
3.本人将视其态度而定，是否进一步反馈同类历史问题的整改落实情况。

      若仍回避矛盾、敷衍塞责，本人将依法向福建省人民政府及文化和旅游部反映。还望12345中心及有关部门尽量在24小时内理清来龙去脉后严加督办，全力保障群众合法权益与个人信息安全，积极作为推动问题妥善解决以争取群众满意好评，切勿包庇护短、疏于审核或变相打击报复、出言不逊，以免一并向上依法反映及差评（无事不扰，如需致电，请于上午11-12点或下午5-6点联系，如遇忙音请务必稍后再拨。谢谢！）",2026-06-15 17:48:30,福州市,鼓楼区,福建省文化和旅游厅,形式主义为基层减负,指尖形式主义,为了应付上级检查/考核/指标而增加一线无谓负担,0.9,"['平台技术故障', '敷衍答复', '模板化回复']",该条目涉及平台技术故障的投诉，工作人员采用模板化回复，未深入调查问题本质，属于形式主义为基层增加负担的表现。,建议调取后台操作日志核查故障原因，了解工作人员是否按照模板化回复，是否存在敷衍塞责的情况。,投诉内容涉及平台技术故障的处理，工作人员采用模板化回复，未深入调查问题本质，属于形式主义为基层增加负担的表现。,qwen2.5vl:7b,full,HIGH,[],2026-08-09 21:16:58.711569
FJ26061520045,[国办转办件]关于福州市医疗保障基金中心长乐管理部推诿办事、领导脱岗、敷衍12345,"""【本次诉求人为： 黄华龙      ，电话：13788875363   】
（本条来自国办www.gov.cn留言办理系统转地方办理，经福建省指定联系员转办，请相关部门及时核实办理并反馈，最终结果也将转回国办www.gov.cn留言办理系统中。)""
标题：关于福州市医疗保障基金中心长乐管理部推诿办事、领导脱岗、敷衍12345
正文：
本人于2026年5月25日致电福州市医保基金中心长乐管理部28925055咨询医保暂停业务。13:30后多次拨打均长时间占线，14:10接通后工作人员称""必须现场补缴9-11月费用才能办暂停""，强行要求本人跑现场。而该业务国家医保服务平台明确支持线上办理，后在本人坚持投诉下，同一单位又告知""可线上即时办结""——先故意误导群众跑腿，后迫于投诉改口，明显违背""高效办成一件事""""一次办结""要求。 更恶劣的是：当本人提出对服务过程录音并告知将投诉时，接线人员以""等领导来处理""推诿，未说明领导在岗时间及回复时限即直接挂断电话。经12345督办后贵单位答复：电话占线系""咨询量大""，拒绝核查公开数据；错误指引仅""解释不全面""，对涉事人员仅""批评教育""，并以""劳务派遣""为由拒绝公示处理结果；挂断电话归为""未做好解释""。 本人严正指出：贵单位自认领导当时不在岗却无人告知群众何时可联络，属典型脱岗失管；以""劳务派遣""逃避政务公开与问责，属管理责任甩锅；12345二次答复全程避重就轻、无量化整改承诺，属形式主义敷衍。 诉求： 1. 福州市医保局/效能办介入调查长乐管理部服务不规范、领导不在岗未公示、用工管理混乱问题； 2. 责令对涉事经办人员及管理人员依纪依规问责（不止批评教育），书面反馈处理结果； 3. 责成贵单位整改热线占线问题、公示业务线上办理清单、落实首问负责制，并将整改措施书面答复本人。",2026-06-15 09:42:42,福州市,长乐区,福州市长乐医疗保障局,形式主义为基层减负,评比创建/证明/借调,为了应付上级检查/考核/指标而增加一线无谓负担,0.9,"['评比创建', '证明', '借调']",该条目反映的是福州市医疗保障基金中心长乐管理部在处理医保暂停业务时，存在推诿办事、领导脱岗、敷衍应对等问题，属于为了应付上级检查/考核/指标而增加一线无谓负担的形式主义问题。,建议调取该单位的内部管理记录、领导工作安排记录、相关业务办理流程记录等，以核实是否存在推诿办事、领导脱岗等问题。,该条目反映了为了应付上级检查/考核/指标而增加一线无谓负担的形式主义问题。,qwen2.5vl:7b,full,HIGH,[],2026-08-09 21:18:42.866113
FZ26061421652,关于投诉车辆违停福州市公安局交通警察支队弄虚作假形式主义问题,诉求编号：（FZ26060120950），答复收悉。对部门答复不满意，问题没有解决完全是弄虚作假做形式，继续投诉。,2026-06-14 18:23:42,福州市,晋安区,"福州市公安局交通警察支队
福州市公安局晋安分局",形式主义为基层减负,指尖形式主义,为了应付上级检查/考核/指标而增加一线无谓负担,0.9,"['机动车停放管理', '形式主义为基层增加负担']",该投诉反映福州市公安局交通警察支队存在弄虚作假、形式主义问题，可能为了应付上级检查而增加了基层工作人员的负担。,建议调取福州市公安局交通警察支队的内部文件、考核记录、相关会议记录等，以核实是否存在弄虚作假、形式主义现象。,投诉内容涉及形式主义为基层增加负担，且存在弄虚作假、形式主义问题，符合核心判断逻辑。,qwen2.5vl:7b,full,HIGH,[],2026-08-09 21:03:55.120505
PT26061420272,投诉涵江区住建局敷衍履职，未核查保利堂悦车位违规问题,"本人王金星，保利堂悦A区业主，此前提交工单投诉开发商2026年5月24日未公示车位价格，私下收取业主定金提前锁定车位，5月29日才公示售价公开售卖，存在未明码标价、不公平销售的违规情况。
涵江区住建局给出的办理答复敷衍了事，未依法履行监管职责：
1、刻意回避我投诉的核心事实，我举报的是今年5月提前私下锁车位的行为，部门只拿多年前车位开盘情况回复，完全不核查5月份预收定金、锁车位的台账与公示记录；
2、未实地核查取证，仅单方面采信开发商的说辞，没有调取车位收款记录、锁定登记表、价格公示存档；
3、无视我的合理诉求，我明确想要选购A区407号车位，答复全程未说明该车位是否可售、有无被提前内定，没有给出任何处理方案；
4、倒置举证责任，核查开发商销售行为是主管部门的义务，却要求业主自行提供违规证据。
 
此前线上评价操作失误，误勾选满意、问题已解决，实际上我完全不认可本次答复，投诉问题没有得到处理。
现诉求：
1、调取保利堂悦A区2026年5月全部车位定金收款、锁位登记台账；
2、书面告知A区407号车位当前状态，明确能否正常选购；
3、核查5月24日提前私收定金锁车位行为是否违规，出具书面核查结果反馈给我；
4、针对本次工单敷衍处置的情况予以说明整改。",2026-06-14 12:04:33,莆田市,涵江区,"涵江区12345中心
涵江区12345中心",形式主义为基层减负,台账留痕迎检,为了应付上级检查/考核/指标而增加一线无谓负担,0.9,"['房产过户', '台账留痕迎检']",该条目涉及住建局在处理业主投诉时，未核查车位违规问题的台账与公示记录，仅单方面采信开发商的说辞，未实地核查取证，导致业主的合理诉求未得到处理。这反映了为了应付上级检查而增加基层负担的问题。,建议调取保利堂悦A区2026年5月全部车位定金收款、锁位登记台账，以及车位价格公示存档记录，以核实开发商是否存在提前私收定金锁车位的行为。,投诉内容涉及基层部门在处理投诉时未核查相关台账，增加了基层负担，符合为了应付上级检查而增加一线无谓负担的判断标准。,qwen2.5vl:7b,full,HIGH,[],2026-08-09 21:09:52.876391
QZ26061420045,投诉：闻馨一品小区物业禁止夜间外卖进入小区,"投诉对象：泉州市丰泽区闻馨一品小区骏源物业服务中心
投诉事项：物业单方面禁止夜间外卖进入小区，程序不合规且侵犯业主权益

事实与理由：

1. 物业仅在2023年5月29日的业主群中发布通知，规定“夜间12点后外卖人员不得进入小区”，但该规定未在小区公告栏公示，也未经过业主大会表决，程序上不合法，对业主不具备强制约束力。

2. 该规定属于“一刀切”的过度管理，不仅影响业主的正常生活需求（如生鲜、药品等急需物品的送达），还强制要求业主深夜自行到小区门口取件，增加了业主的人身安全风险，与物业保障业主安全的职责相悖。

3. 今晚我有一份生鲜水果订单，门岗以该规定为由拒绝外卖员进入，可能导致生鲜损坏，给我造成经济损失。

诉求：

1. 立即协调物业放行本次外卖订单，保障我的合法权益；

2. 责令物业就该不合理规定进行整改，要么在小区公示并征求全体业主意见，要么调整为登记放行、设置夜间无接触取餐点等人性化管理方式；

3. 要求物业就此事向业主作出书面说明。（丰泽区城东街道）",2026-06-14 02:11:47,泉州市,丰泽区,泉州市丰泽区人民政府城东街道办事处,形式主义为基层减负,层层加码/一刀切,为了应付上级检查/考核/指标而增加一线无谓负担,0.9,"['物业服务问题', '一刀切管理']",该条目涉及物业一刀切禁止夜间外卖进入小区，属于过度管控，增加了业主的负担。核心根因是为应付上级检查/考核/指标而增加一线无谓负担。,建议调取物业发布的通知文件、业主群聊天记录、小区公告栏公示记录等，以证实该规定是否合法合规。,举报内容涉及物业一刀切禁止夜间外卖进入小区，属于过度管控，增加了业主的负担，符合核心判断逻辑。,qwen2.5vl:7b,full,HIGH,[],2026-08-09 21:12:30.650274
QZ26061320751,投诉：疫苗接种统计摊派至学校造成困扰,诉求者来电称其为初中学生家长，现卫健部门推广2026九价HPV疫苗接种，却让学校老师进行统计，询问学生或家长是否有接种疫苗，会给家长及学生造成困扰。学校可以协助宣传，可将此作为任务推给学校不合理。以上问题应该不仅是一所学校的问题，故来电反映，望相关部门能够核实处理。,2026-06-13 16:30:48,泉州市,晋江市,晋江市教育局,形式主义为基层减负,台账/留痕/数据造假,为了应付上级检查/考核/指标而增加一线无谓负担,0.9,"['疫苗接种', '学校任务']",该条目反映的是疫苗接种统计任务被摊派至学校，增加了学校的工作负担，属于为了应付上级检查/考核/指标而增加一线无谓负担。,建议调取疫苗接种统计任务的文件、学校老师的工作记录、上级部门的考核指标等材料，以核实是否存在形式主义现象。,该条目反映的是学校因疫苗接种统计任务而增加负担，属于台账留痕数据造假类型。,qwen2.5vl:7b,full,HIGH,[],2026-08-09 20:52:31.485846
ND26061320300,关于反映宁德市蕉城区计生协会不作为，对已推行多年的计生家庭意外保险补贴政策搞差异化落实、区别对待的问题,"本人系80年代响应国家独生子女政策的计生家庭，已办理独生子女光荣证，配偶家庭主妇，无业。2019年起本人每年正常参保计生家庭意外险，往年个人仅缴20元，剩余保费政府补贴。
2026年5月我已按往年标准缴费20元，社区也开了收据，但6月11日社区突然打来电话，要把20元保费退还给我，说上级通知新增限制条件（具体什么文件规定，社区说不方便提供书面文件）：家中一方有工作退休的意外险保费政府不再补贴，120元需全额自费并自行缴费，理由是计生家庭中一人是退休人员有收入，应当自行承担费用。
该做法存在明显问题：一是政策调整事前无公示，缴费后临时变更规则，政策缺乏连续性；二是意外险补贴是针对独生子女家庭的普惠政策，不能以对经济条件“一刀切”的片面认识去区别对待所有响应国策的家庭；三是本年度意外险参保宣传传单未标注一方是单位退休人员需自行缴费的补充说明，相关部门擅自增设“有单位退休人员不补贴”的限制条件，属于对政策“自行加码”，这与当前中央号召的树立和践行正确政绩观的要求严重不符！
鉴于该区别对待行为有损政策公平与政府公信力，恳请上级：1.核查蕉城区计生协会，核实增设参保限制条件是否有合法政策依据；2.纠正不公平的差异化对待，维护计生家庭普惠政策的延续性，恢复我们独生子女家庭本应享有的政府保费补贴待遇。",2026-06-13 16:21:23,宁德市,蕉城区,"蕉城区12345中心
蕉城区12345中心",形式主义为基层减负,层层加码/一刀切,为了应付上级检查/考核/指标而增加一线无谓负担,0.9,"['计生政策', '一刀切']",该条目反映计生协会在计生家庭意外保险补贴政策中存在一刀切的情况，即对有单位退休人员的家庭不再补贴，这可能与上级政策不符，增加了基层负担。,建议调取计生协会的文件、政策文件、相关会议记录等，以核实是否存在一刀切的情况。,该条目反映计生协会在计生家庭意外保险补贴政策中存在一刀切的情况，增加了基层负担。,qwen2.5vl:7b,full,HIGH,[],2026-08-09 20:53:26.212637
FJ26061320004,省住建厅明确屋面渗漏归荔城区住建局管辖，住建局全程缺位，12345平台反复违规转办城管，村居无设备仅口头勘验，恳请专项督办纠正错派工单并督促住建履职,"本人为莆田荔城区拱辰街道万科御园7期5号楼3402业主，楼顶防水多次返修依旧全屋渗水开裂，同楼栋多户存在同类渗漏隐患，符合启用屋面应急维修基金的标准。
2026年5月29日福建省住建厅出具书面答复，明确渗漏专业勘验、维修基金审核是荔城区住建局专属法定职责，且已转办该局处置。
但至今住建局全程缺位，从未安排专业人员携带检测仪器上门。12345平台多次违规将该住建专属事项转办城管、村居，现场仅村居牵头、城管到场，无专业检测设备、无对应审批权限，仅凭肉眼查看给出无效口头判定，住建局以此为借口长期搁置诉求。
现恳请12345平台专项督办，不再错转工单至城管、村居：1.责令荔城区住建局携带专业仪器上门正规勘验，依法启动屋面应急维修；2.叫停村居、城管越权处理住建业务；3.核查住建局拒不落实省住建厅意见、平台乱分流派单的问题。",2026-06-13 01:35:06,莆田市,荔城区,"荔城区12345中心
荔城区12345中心",形式主义为基层减负,层层加码/一刀切,为了应付上级检查/考核/指标而增加一线无谓负担,0.9,"['层层加码', '一刀切']",该条目反映的是住建局在处理屋面渗漏问题时，未能履行法定职责，导致问题长期搁置。住建局未携带专业仪器上门勘验，仅凭肉眼查看给出无效口头判定，这表明为了应付上级检查/考核/指标而增加了基层的无谓负担。,建议调取住建局的勘验记录、维修基金审核记录、以及12345平台的派单记录，以核实住建局是否履行了法定职责。,该条目反映了住建局未履行法定职责，导致问题长期搁置，属于层层加码/一刀切，增加了基层的无谓负担。,qwen2.5vl:7b,full,HIGH,[],2026-08-09 21:00:00.243743
XM26061222726,关于要求停止网格员入户核查重点人员的越界高危工作的投诉,2026年3月30日湖里区网格员向湖里区湖里公安分局反映，当前要求网格员入户开展重点人员的入户核查、动态管控工作，依法属于公安机关职能范畴，并非网格员工作职责，存在重大人身安全风险，已严重超出基层网格工作边界。要求网格员单独入户开展此类工作，将一线工作人员置于高危环境，既无实质管控成效，也属典型形式主义。恳请湖里公安分局严格遵守“警网融合”分工要求，立即停止安排网格员单独入户核查重点人员的越界、高危工作，严格厘清部门职责，将该项任务交还公安等法定职能部门，切实保障网格员人身安全与合法权益。,2026-06-12 16:58:45,厦门市,湖里区,厦门市公安局,形式主义为基层减负,层层加码/一刀切,为了应付上级检查/考核/指标而增加一线无谓负担,0.9,"['网格员入户核查', '越界高危工作', '形式主义']",该条目反映网格员被要求进行越界高危工作，属于形式主义为基层增加负担，因为网格员并非该类工作的法定职责，且存在重大人身安全风险。,建议调取网格员的工作职责文件、上级部门的指示文件、网格员的工作日志等，以核实是否存在形式主义为基层增加负担的情况。,该条目反映网格员被要求进行越界高危工作，属于形式主义为基层增加负担，因为网格员并非该类工作的法定职责，且存在重大人身安全风险。,qwen2.5vl:7b,full,HIGH,[],2026-08-09 20:33:00.925771
FJ26061220167,举报福州市鼓楼区政府刘用全负责人信访数据造假、督办空转、堵截网上信访、失职渎职,"事件地点：数据造假罪加一等！福建省福州市鼓楼区政府（鼓楼区政府请收敛）知法犯法长期对我投诉件删除修改？


实名投诉：鼓楼区委书记刘用全纵容造假堵截信访通道
鼓楼区信访配合造假堵截，督办空转。恳请中纪委严查刘用全失管纵容造假，彻查堵截黑幕并严肃问责。

国信平台异常波及鼓楼区，暴露属地监管失控。
4月24日18:00至25日8:00公告维护。25日22:07我点开平台，仍显示24日旧公告，通道锁死。
26日8点后投递，至17:03仍显24日公告，服务未开。
更奇葩的是，维护未到18:00平台提前发布维护公告，公然造假。

4月25日晚至26日17:03，公告不撤、通道锁死、提前造假，行为恶劣、固定异常。
到今天26日17:03打开依然是周五公告，天大笑话，腐败公开叫板吗？

非技术故障，实为后台手动操作、内鬼上阵，蓄意阻断群众信访权利。
鼓楼区作为属地，刘用全身为第一责任人，对此恶性造假、通道堵截视而不见，监管严重失责，基层信访沦为摆设，损害政府公信力。

依据《信访工作条例》，严禁人为设障弄虚作假。刘用全履职不力，放任下属造假堵路，构成严重不作为、乱作为。

恳请介入，封存鼓楼区相关后台数据，彻查幕后黑手，追究刘用全监管失责、纵容腐败的领导责任！",2026-06-12 15:58:46,福州市,鼓楼区,"鼓楼区12345中心
鼓楼区12345中心",形式主义为基层减负,评比创建证明借调,为了应付上级检查/考核/指标而增加一线无谓负担,0.9,"['信访数据造假', '督办空转', '信访通道堵截']",该投诉涉及鼓楼区政府在信访数据造假、督办空转、信访通道堵截等问题，属于为了应付上级检查/考核/指标而增加一线无谓负担的情况。,建议调取鼓楼区政府的信访数据、相关会议记录、上级检查/考核/指标文件等材料，以及与信访工作人员的谈话记录，以核实是否存在为应付上级检查而增加基层负担的情况。,该投诉涉及信访数据造假、督办空转、信访通道堵截等问题，属于为了应付上级检查/考核/指标而增加一线无谓负担的情况。,qwen2.5vl:7b,full,HIGH,[],2026-08-09 20:35:46.441791
XM26061222309,关于明确网格化工作职责清单及落实加班调休制度的投诉与建议,思明区网格员向思明区委社会工作部反映，当前社区网格化管理面临职责边界模糊与加班权益保障缺失的双重困境。一方面，各部门工作任务层层下压，“什么工作都推给网格员”，而现行网格化工作职责事项清单不够明确、准入机制落实不到位，导致基层负担持续加重；另一方面，网格员夜间值守、节假日顶班已成常态，却缺乏规范的加班登记、时长核算和补休制度——加班无留痕、补休难申请，甚至出现“自费值班、自费用餐”的情况。恳请区委社会工作部公示全区统一的网格化工作职责事项清单，厘清任务边界、落实准入机制；同时制定并公示加班、值班、调休及补贴管理制度，依托现有工作平台增设加班登记模块，实现加班自动留痕、时长自动核算、剩余补休实时可查，确保网格员在超负荷工作后能够获得应有的调休或加班补贴，让基层工作者劳有所得、休有所保。,2026-06-12 15:43:53,厦门市,思明区,"思明区12345中心
思明区12345中心",形式主义为基层减负,层层加码/一刀切,为了应付上级检查/考核/指标而增加一线无谓负担,0.9,"['层层加码', '一刀切']",该条目反映了基层网格员面临职责边界模糊和加班权益保障缺失的问题，导致基层负担持续加重。这反映了为了应付上级检查/考核/指标而增加一线无谓负担的情况。,建议调取思明区委社会工作部关于网格化工作职责清单的文件，以及网格员加班登记、时长核算和补休制度的执行情况记录，以核实是否存在形式主义为基层增加负担的情况。,该条目反映了基层网格员面临职责边界模糊和加班权益保障缺失的问题，属于层层加码/一刀切的典型表现，反映了为了应付上级检查/考核/指标而增加一线无谓负担的情况。,qwen2.5vl:7b,full,HIGH,[],2026-08-09 20:36:23.413411
QZ26061220303,投诉：为何村里无缘无故每隔半年就致电要求报备一次,诉求者反映2025年6月份开始每隔半年就会接到安溪县尚卿乡新楼村村里的电话，要求其要报备（到至今已报备3次）：拍照（要求含有房屋以及门牌号）、视频证明、定位，且要告知对方自己目前的状况（如做什么），诉求者表示自己是出门在外做生意，长期出门，一年一次返乡，没有犯罪记录或者其他违法行为记录。想要了解为何无缘无故让其报备，让其报备具体是怎么回事。望部门核实处理。,2026-06-12 09:31:07,泉州市,安溪县,安溪县尚卿镇人民政府,形式主义为基层减负,指尖形式主义,为了应付上级检查/考核/指标而增加一线无谓负担,0.9,"['指尖形式主义', '报备频次']",该条目反映的是村里每隔半年要求报备一次，且需要提供多种证明材料，这属于形式主义为基层增加负担。关键现象是频繁的报备要求和多种证明材料，因果链条是上级检查/考核/指标导致基层负担增加。,建议调取村里的报备记录，了解报备的具体内容和频次，以及是否有上级检查/考核/指标作为背景。同时，可以找村里工作人员了解报备的具体要求和背景。,核心判断依据：为了应付上级检查/考核/指标而增加一线无谓负担。,qwen2.5vl:7b,full,HIGH,[],2026-08-09 20:40:54.811336
FJ26061120022,举报福州市鼓楼区政府刘用全负责人信访数据造假、督办空转、堵截网上信访、失职渎职,"事件地点：数据造假罪加一等！福建省福州市鼓楼区政府（鼓楼区政府请收敛）知法犯法长期对我投诉件删除修改？


实名投诉：鼓楼区委书记刘用全纵容造假堵截信访通道
鼓楼区信访配合造假堵截，督办空转。恳请中纪委严查刘用全失管纵容造假，彻查堵截黑幕并严肃问责。

国信平台异常波及鼓楼区，暴露属地监管失控。
4月24日18:00至25日8:00公告维护。25日22:07我点开平台，仍显示24日旧公告，通道锁死。
26日8点后投递，至17:03仍显24日公告，服务未开。
更奇葩的是，维护未到18:00平台提前发布维护公告，公然造假。

4月25日晚至26日17:03，公告不撤、通道锁死、提前造假，行为恶劣、固定异常。
到今天26日17:03打开依然是周五公告，天大笑话，腐败公开叫板吗？

非技术故障，实为后台手动操作、内鬼上阵，蓄意阻断群众信访权利。
鼓楼区作为属地，刘用全身为第一责任人，对此恶性造假、通道堵截视而不见，监管严重失责，基层信访沦为摆设，损害政府公信力。

依据《信访工作条例》，严禁人为设障弄虚作假。刘用全履职不力，放任下属造假堵路，构成严重不作为、乱作为。

恳请介入，封存鼓楼区相关后台数据，彻查幕后黑手，追究刘用全监管失责、纵容腐败的领导责任！",2026-06-11 07:59:15,福州市,鼓楼区,"鼓楼区12345中心
鼓楼区12345中心",形式主义为基层减负,台账留痕迎检,为了应付上级检查/考核/指标而增加一线无谓负担,0.9,"['台账留痕', '迎检', '数据造假']",该条目主要涉及鼓楼区信访数据造假和督办空转问题，反映了基层信访工作中的台账留痕和迎检现象。投诉人反映鼓楼区存在人为设障弄虚作假、通道堵截等行为，导致信访工作无法正常进行，增加了基层工作人员的负担。,建议调取鼓楼区信访工作的相关台账、会议记录、以及与涉案人员的谈话记录，以核实是否存在数据造假和通道堵截问题。,该条目主要涉及的是基层信访工作中的台账留痕和迎检现象，反映了为了应付上级检查而增加基层工作人员的负担。,qwen2.5vl:7b,full,HIGH,[],2026-08-09 20:23:00.249357
NP26061020717,投诉：南平市直中小学公众号发文考核合规性,"本人系南平实验小学学生家长，目前已关注南平市多所市直中小学官方微信公众号。长期观察发现，市直各校公众号发文频次过高、发布数量异常密集。经了解得知，各校公众号推送存在硬性考核任务，教师需完成固定发文数量，未达标会予以扣分处理。
为凑齐公众号报道素材，不少学校特意在周末组织各类参观、展演类活动，并非出于教学、研学刚需，单纯只为拍照写稿、对外宣传。由此带来两类问题：一是一线教师本应以备课、授课、日常教学工作为主，如今要耗费大量时间精力撰写公众号文稿、筹备宣传活动，额外增加非教学类工作负担，违背为教师减负的相关政策；二是不少孩子被迫占用周末休息时间，配合各类摆拍、表演式活动充当宣传素材，挤占休息时间，与学生减负政策相悖。

公众号本应用于简要公示校园重要通知、展示常规办学风貌、简单介绍校园概况，起到便民告知、适度对外展示的作用，不该以发文数量作为硬性考核指标，更不该为完成宣传任务，刻意策划形式化活动，让师生沦为应付宣传考核的工具，开展各类虚而不实的面子工作。

现向南平市教育局提出疑问：将学校公众号发文频次、篇数纳入教师考核，这项考核要求是否合规合理？是否符合国家、省里面面向中小学教师、学生减负的相关文件政策？
同时提出诉求：
1. 核查市直各校公众号量化发文、按篇数扣分考核的相关规定，对单纯以发文数量施压教师的考核方式予以整改取消；
2. 规范校园公众号运营定位，明确公众号以发布通知、常规校务公示为主，严控为凑宣传素材刻意在周末组织形式化展演、摆拍类活动；
3. 落实教师减负、学生减负政策，剥离教师非必要的宣传任务，不再以宣传指标占用师生课余、周末休息时间，杜绝面子化、形式化宣传工作。
后续我会持续关注南平实验小学及其他市直学校公众号，若此类形式化考核、应付式宣传问题未得到整改，将整理相关情况向上级福建省教育厅进一步反馈。恳请市教育局结合减负政策，对此事开展核查，并给出明确整改方案与答复。",2026-06-10 19:35:13,南平市,,"南平市12345中心
南平市12345中心",形式主义为基层减负,会议文件泛滥/层层陪会,为了应付上级检查/考核/指标而增加一线无谓负担,0.9,"['教师减负', '公众号发文考核', '形式主义']",该投诉反映南平市各中小学公众号发文频次过高，教师需完成固定发文数量，未达标会予以扣分处理。这表明为了应付上级检查或考核，学校增加了教师的非教学类工作负担，违背了为教师减负的相关政策。,建议调取南平市教育局关于教师考核的相关文件，以及各校公众号发文考核的具体规定和实施情况，了解是否存在硬性考核任务和扣分处理机制。,投诉内容涉及教师因公众号发文考核而增加非教学负担，符合为基层减负的逻辑，且有明确的考核规定和扣分处理机制作为证据支持。,qwen2.5vl:7b,full,HIGH,[],2026-08-09 20:22:29.552258
FJ26061020149,多户民众向12345投诉肖玉树违规占地确无人跟进处理，明明违规占地相关政府人员不处理，涵江12345工作人员不明确事实真相，次次退回诉求以同样话术回复,请涵江12345继续传达相关问题，你不传达下去，相关部门如何解决，而不是推脱给纪检单位。 1、肖玉树户2023年5月违规搭建围墙投诉至今无人处理，该围墙位署及周边，以前为我户及其他村民旧厕所位置。去年向村委寻求帮助时，村里解释九几年“厕改”时上述位置已收归国有，并明确说明肖玉树户未有报批手续，即肖玉树搭建围墙行为违法，请相关部门依法拆除，相关部门也明确回复说，涉及利益帮忙解决，结果上一条这么说，下一条回复又是推卸责任，请相关部门履行职责。 2、投诉跟进此项工作的政府相关人员，该投诉未办结，已被无故关闭505次投诉通道，未完成的诉求就按完成结案。 3、多户乡民向12345投诉肖玉树违规占地，你们确至今都是不处理。,2026-06-10 15:31:58,莆田市,涵江区,"涵江区12345中心
涵江区12345中心",形式主义为基层减负,层层加码/一刀切,为了应付上级检查/考核/指标而增加一线无谓负担,0.9,"['层层加码', '一刀切']",该条目反映基层工作人员在处理违规占地问题时，由于层层加码和一刀切的管理方式，导致问题得不到有效解决，增加了基层负担。,建议调取相关政府工作人员的谈话记录，查看是否存在层层加码和一刀切的管理方式，以及是否有明确的考核指标。,该条目反映了基层工作人员在处理违规占地问题时，由于层层加码和一刀切的管理方式，导致问题得不到有效解决，增加了基层负担。,qwen2.5vl:7b,full,HIGH,[],2026-08-09 20:02:14.728706
XM26061020903,关于无偿献血工作每周通报考核的合理性质疑,"网格员向市卫健委反映无偿献血工作考核中存在的问题。
一、反映情况
据了解，目前无偿献血工作已被纳入每周通报范围，要求基层定期上报献血动员及完成情况。此项工作推进节奏过于频繁，给基层带来较大工作压力。
二、质疑理由
无偿献血本应是“公民自愿”的社会公益活动，《厦门经济特区无偿献血条例》第三条规定“本市无偿献血实行社会提倡、公民自愿、献血与用血相结合的原则”，强调自愿属性，不宜通过高强度通报、排名等方式变相施加任务压力；
每周通报的频率过高，与献血工作实际不相匹配——根据规定，两次献血间隔期不得少于六个月，过度关注短期数据缺乏实际意义；
基层社区只能动员、宣传、组织，无法直接“创造”献血行为，将结果性指标纳入每周通报，实质上是责任转嫁；
与其他区、街道对比，该做法是否为全市统一要求？还是仅个别单位自行加码？
三、诉求
恳请相关部门：
说明无偿献血工作实行“每周通报”的政策依据及目的；
核实该做法是否为全市统一要求，如非统一要求，建议取消或降低通报频率，避免基层“被加码”；
优化考核方式，回归无偿献血“社会提倡、公民自愿”的定位，切实减轻基层不合理负担。",2026-06-10 10:48:59,厦门市,,厦门市卫生健康委员会,形式主义为基层减负,层层加码/一刀切,为了应付上级检查/考核/指标而增加一线无谓负担,0.9,"['机关事务工作', '无偿献血工作考核']",该条目反映了基层网格员反映的无偿献血工作考核问题，每周通报的频率过高，给基层带来较大工作压力，且质疑该做法是否为全市统一要求，存在过度管控和一刀切现象。,建议调取相关通报文件、考核指标文件、基层工作压力反馈记录等材料，找相关工作人员谈话，了解具体操作流程和考核标准。,该条目反映了基层工作考核中过度关注短期数据，存在责任转嫁和过度管控的问题，符合形式主义为基层增加负担的判断逻辑。,qwen2.5vl:7b,full,HIGH,[],2026-08-09 20:08:34.641569
XM26061020809,关于社区工作者休假及节假日离开厦门需报备制度的合理性质疑,"湖里区社区工作者向湖里区委社会工作部，现就目前执行的休假报备制度提出以下疑问：
一、制度规定
所有工作日休假、节假日放假离开厦门均需提前报备；
如节假日连着休假，需提前10天请假，逾期不批；
遇紧急情况请假，也被告知不予批准。
二、质疑理由
社区工作者并非涉密岗位，如此严格的报备制度缺乏合理依据；
经了解，该制度并非全市统一要求，不同区或街道执行标准不一；
社区工作者本身享受国家法定节假日待遇，现有规定实质上限缩了正常休假权利；
制度设计过于僵化，未考虑基层实际困难，遇突发情况缺乏弹性处理空间。
三、诉求
恳请湖里区委社会工作部说明：
该报备制度的政策依据是什么？
为何社区工作者工作日休假及节假日离开厦门均需报备？
该制度是否确为全市统一要求？如非全市统一，为何要额外增加基层负担？
能否参照相关规定，优化请假流程，取消不合理限制，切实保障基层工作人员法定休假权利。",2026-06-10 10:30:55,厦门市,湖里区,湖里区委社会工作部,形式主义为基层减负,过度管控/盲目决策,为了应付上级检查/考核/指标而增加一线无谓负担,0.9,"['社区管理', '报备制度', '基层负担']",该投诉质疑社区工作者休假报备制度过于严格，缺乏合理性，且未考虑基层实际困难，增加了基层负担。关键现象是制度设计僵化，未考虑突发情况的弹性处理空间。因果链条是制度设计不合理导致基层负担增加。,建议调取该区或街道的休假报备制度文件，了解制度的具体内容和执行情况；访谈社区工作者了解实际操作情况和感受；查阅相关文件了解政策依据。,投诉内容涉及社区工作者休假报备制度过于严格，缺乏合理性，增加了基层负担，符合过度管控/盲目决策的判断标准。,qwen2.5vl:7b,full,HIGH,[],2026-08-09 20:09:22.146287
XM26061020640,关于路灯长期故障无人运维及信访工作人员敷衍履职的投诉,"前天本人通过12345随手拍反映了环东浪漫线整个彩虹跑道上部门路灯故障、白天常亮一年多无人维修的问题。昨日有信访人员来电，该工作者未细致了解情况就草草走完流程；今日再次联系时全程照本宣科，态度十分敷衍，只走形式不解决实事。

路灯属于基础市政设施，本该有常态化巡检维护，却长期搁置问题，全靠市民主动上报。反馈诉求后工作人员不实地核实、不协调维修，一味机械回访应付群众，形式主义严重。

现提出诉求：

1. 马上安排人员现场检修故障路灯，关掉白天常亮的灯具，建立日常巡检维护机制，并书面反馈整改情况；

2. 核查此次信访工作人员敷衍履职的工作作风，依规作出问责处理，端正办事态度。
请平台加急督办，限期给予答复",2026-06-10 10:00:31,厦门市,同安区,厦门市公安局,形式主义为基层减负,指尖形式主义,为了应付上级检查/考核/指标而增加一线无谓负担,0.9,"['市政设施', '路灯故障', '信访工作人员敷衍']",该条目反映的是信访工作人员敷衍履职，形式主义严重，未实地核实、不协调维修，一味机械回访应付群众。这属于为了应付上级检查/考核/指标而增加一线无谓负担。,建议调取信访工作人员的工作记录、巡查记录、维修记录等，以核实其是否按照规定进行实地巡查和维修。,该条目反映的是信访工作人员敷衍履职，形式主义严重，未实地核实、不协调维修，一味机械回访应付群众。这属于为了应付上级检查/考核/指标而增加一线无谓负担。,qwen2.5vl:7b,full,HIGH,[],2026-08-09 20:09:48.209657
XM26061020441,关于市政集团有限公司不作为等问题,1、2026年5月31日曾来电反映”关于市政集团有限公司不作为等问题“（诉求编号：XM26053121818）。2、2026年6月10日再次来电反映：市政集团追求形式主义，电话告知后就当成问题解决，2026年6月9日，部门工作人员与其联系，其问部门工作人员是不是形式主义，对方直接答复是的（可以核听录音）。该处是唯一的通道，市政部门如果认为该过道不属于他们管理，请流转至有权处理的部门处理。诉求件XM26053121818的答复意见跟上一次的答复意见内容一致，其认为市政集团态度敷衍，把群众当傻子。要求市政集团对其之前反映的内容继续办理，其不想让市政空间继续办理答复，要求有关部门进行督办。,2026-06-10 09:24:56,厦门市,思明区,"厦门市12345中心
厦门市12345中心",形式主义为基层减负,指尖形式主义,为了应付上级检查/考核/指标而增加一线无谓负担,0.9,"['市政集团', '形式主义', '电话告知敷衍']",该条目反映市政集团存在形式主义问题，工作人员电话告知后就当成问题解决，且答复意见内容一致，表明存在为了应付上级检查而增加一线无谓负担的情况。,建议调取市政集团工作人员的电话录音，了解具体答复内容和过程。,该条目反映市政集团存在形式主义问题，工作人员电话告知后就当成问题解决，且答复意见内容一致，表明存在为了应付上级检查而增加一线无谓负担的情况。,qwen2.5vl:7b,full,HIGH,[],2026-08-09 20:11:42.514785
FJ26061020012,举报福州市鼓楼区政府刘用全负责人信访数据造假、督办空转、堵截网上信访、失职渎职,"事件地点：数据造假罪加一等！福建省福州市鼓楼区政府（鼓楼区政府请收敛）知法犯法长期对我投诉件删除修改？


实名投诉：鼓楼区委书记刘用全纵容造假堵截信访通道
鼓楼区信访配合造假堵截，督办空转。恳请中纪委严查刘用全失管纵容造假，彻查堵截黑幕并严肃问责。

国信平台异常波及鼓楼区，暴露属地监管失控。
4月24日18:00至25日8:00公告维护。25日22:07我点开平台，仍显示24日旧公告，通道锁死。
26日8点后投递，至17:03仍显24日公告，服务未开。
更奇葩的是，维护未到18:00平台提前发布维护公告，公然造假。

4月25日晚至26日17:03，公告不撤、通道锁死、提前造假，行为恶劣、固定异常。
到今天26日17:03打开依然是周五公告，天大笑话，腐败公开叫板吗？

非技术故障，实为后台手动操作、内鬼上阵，蓄意阻断群众信访权利。
鼓楼区作为属地，刘用全身为第一责任人，对此恶性造假、通道堵截视而不见，监管严重失责，基层信访沦为摆设，损害政府公信力。

依据《信访工作条例》，严禁人为设障弄虚作假。刘用全履职不力，放任下属造假堵路，构成严重不作为、乱作为。

恳请介入，封存鼓楼区相关后台数据，彻查幕后黑手，追究刘用全监管失责、纵容腐败的领导责任！",2026-06-10 07:33:42,福州市,鼓楼区,"鼓楼区12345中心
鼓楼区12345中心",形式主义为基层减负,评比创建证明借调,为了应付上级检查/考核/指标而增加一线无谓负担,0.9,"['评比创建证明借调', '数据造假', '信访通道堵截']",该条目投诉鼓楼区政府在信访数据造假、督办空转、堵截网上信访等问题，涉及评比创建证明借调，且存在为了应付上级检查/考核/指标而增加一线无谓负担的现象。,建议调取鼓楼区政府的信访数据管理平台记录、相关会议文件、上级检查考核记录等材料，以及与信访工作人员的谈话记录，以核实是否存在数据造假、信访通道堵截等问题。,投诉内容涉及信访数据造假、信访通道堵截等问题，属于评比创建证明借调类型，且存在为了应付上级检查/考核/指标而增加一线无谓负担的现象。,qwen2.5vl:7b,full,HIGH,[],2026-08-09 20:18:51.905345
XM26061020016,被举报人：集美区杏林街道纺织社区女主任及经办人；到场民警（杏林派出所，6月9日评议会）,"举报事由：

事前假冒公权力非法入户调查：在本人：林少微未提交事实无人抚养儿童认定申请前，社区女主任及一名自称民警人员，假冒“杏林派出所民警”及“社区女主任工作人员”，私自前往申请人姐姐家中进行“入户调查”，未通知申请人、也未出示证件。此为典型招摇撞骗、滥用职权、非法调查，目的为与申请人姐姐串通阻挠申请。

虚构评议会（假评议）、栽赃陷害：2026年6月9日16:00社区通知本人参加“评议会”，到场后未审阅本人提交的《附件二 个人承诺认定书》，未进行任何评议记录，全程以“你姐姐照顾好、别打扰孩子”劝申请人放弃申请，并栽赃“是申请人报的警、叫他们来办失联证明”。此会议不具备行政评议法定要素，实为非法劝退会、假评议。

后台违规操作：社区经办人将本人线上申请状态手动改为“需补件(失联证明)”，无书面补正通知，拒不依法评议。

诉求：

请转集美区公安分局督察调查民警未回避、未履职及社区假冒民警行为；

请转集美区纪委监委查处社区程序违法、栽赃陷害、招摇撞骗；

请转集美区民政局责令社区依法完成评议或书面出具《不予认定决定书》。                附件：微信评议会通知截图、会议录音文字摘要、社区盖章受理单截图。
""杏林派出所或主管督察部门应调取2026年6月9日16:00社区会议室监控、门禁记录及社区叫人来电记录，确认到场民警身份及其被叫来的背景。若称'查不到'，请书面说明调查措施及结论。""
社区女主任与到场民警，在未评议本人任何申请材料的情况下，一唱一和，轮流以“你姐姐照顾得好”、“不要去打扰孩子”等言辞劝我放弃申请。更恶劣的是，他们还捏造事实，栽赃陷害我，说是我自己“报了警、叫他们来办失联证明”。我有全程录音为证。这场所谓的“评议会”，实际上是假评议、真栽赃、劝退会。请求上级部门严查此事，责令社区依法评议或出具书面决定，并追究相关人员程序违法及栽赃陷害的责任。",2026-06-10 00:24:03,厦门市,集美区,"厦门市公安局
厦门市集美区人民政府杏林街道办事处",形式主义为基层减负,评比创建证明借调,为了应付上级检查/考核/指标而增加一线无谓负担,0.9,"['机关事务工作', '假冒公权力', '非法调查', '假评议', '栽赃陷害']",该条目涉及社区女主任及民警假冒公权力非法入户调查、虚构评议会、栽赃陷害等现象，这些行为是为了应付上级检查/考核/指标而增加基层一线人员的无谓负担。举报内容详细描述了社区女主任及民警的不当行为，包括假冒公权力、非法调查、假评议等，这些行为均是为了应付上级检查/考核/指标而增加基层一线人员的无谓负担。,建议调取2026年6月9日16:00社区会议室监控、门禁记录及社区叫人来电记录，确认到场民警身份及其被叫来的背景。同时，建议调取微信评议会通知截图、会议录音文字摘要、社区盖章受理单截图等证据材料，以进一步核实举报内容。,举报内容详细描述了社区女主任及民警的不当行为，这些行为是为了应付上级检查/考核/指标而增加基层一线人员的无谓负担。,qwen2.5vl:7b,full,HIGH,[],2026-08-09 20:19:41.600114
FZ26060923475,关于福州仓山区世茂国风长安小区市政排水配套缺失、五年暴雨积水淹浸车库、职能部门长期懒政推诿、漠视群众安全的紧急投诉（申请上级督办并书面答复）,"尊敬的市级住建、市政工程、政务督查、属地街道等上级主管部门领导：
我们是世茂国风长安小区全体业主，现就本小区长期存在的重大市政配套缺失、排水安全隐患久治不愈问题，进行实名紧急投诉。本小区交付入住至今已满五年，始终未接入正规市政雨污管网，无合法合规的市政排水出口，属于先天性市政配套缺位问题。五年以来，每逢大雨、暴雨天气，小区雨水无法正常外排，必定出现园区大面积积水、地下车库雨水倒灌淹浸等严重险情，造成业主车辆浸泡受损、地下设备损毁，楼栋地基长期被积水浸泡，整小区长期处于高危居住环境。五年来群众反复求助、持续维权，但问题始终无人根治，各级基层处置敷衍拖沓，全体业主极度失望、强烈不满，现恳请上级部门直接介入督办、现场核查、彻底整改，本次投诉坚决不接受仓山区城乡建设局基层敷衍回复，仅认可上级主管单位正式书面答复。
本小区多年积水淹库问题，并非小区物业日常管护不到位导致，而是市政基础配套缺失的结构性硬伤。因无市政雨污管网接驳、无合规排水通道，降雨后积水完全无法疏导外排，只能向内倒灌积聚。五年间汛期灾情逐年加重，年年淹水、年年险情、年年无实质解决，长期积水浸泡建筑基础，已形成不可逆的建筑安全隐患，上千业主的居住安全、财产安全长期无法得到基本保障。
为抵御暴雨灾情、减少重大损失，五年以来每到雨天、汛期，小区业主与物业人员只能自发连夜抢险排水。高强度、常态化的自发抗洪，导致多名业主、安保人员在抢险中受伤，全体业主常年承受巨大的人力、物力、财力损耗，大量车辆、家私、家电因泡水受损，经济损失累积严重。长期的灾害恐慌与反复抢险，让全体业主身心俱疲、深受困扰，基本安居权益彻底落空。
五年间，我们业主通过12345政务服务热线、线上线下多渠道持续反馈、反复报备，核心诉求始终统一：完善市政雨污管网、打通正规排水出口、彻底解决暴雨淹库问题。但五年所有工单处置高度同质化，全部拖延至答复期限最后一刻才统一回复，内容均为制式官方套话，无现场核查记录、无问题成因分析、无整改计划、无治理措施，五年维权全程无任何实质性进展、无任何落地整改，属于典型的虚假办结、敷衍履职。
更为不公、让群众彻底心寒的是：本小区重大安全隐患投诉工单，长期由仓山区城乡建设局基层单位兜底草率回复。基层单位无权限、无能力解决市政管网历史遗留问题，仅以模板话术应付工单、搪塞群众，上级主管部门长期放任缺位、不督办、不处置。此前，业主主动提出优化整改思路，建议调整排水走向，接入迎安路现有市政管网，以低成本、高效率的方式彻底根治淹水难题。但该合理、可行的民生整改方案被直接否决，相关部门以财政无资金、无整改预算为由拒绝落地。
但同一时期，相关部门却投入大量财政资金、调动大量人力物力，推进江心岛周边大型市政修缮工程，该项目工程量、施工难度、投入成本远高于本小区排水改造，属于非紧急民生工程。一边是上千业主五年安居安全岌岌可危、以没钱为由拒不整改；一边是大额财政资金投入非刚需工程，明显本末倒置、漠视民生疾苦，充分体现相关部门履职不公、重表面工程、轻群众安危，严重伤害群众感情、透支政府公信力。
当前李厝山支路市政工程正处于施工阶段，这是本小区五年以来唯一、也是最后一次彻底根治排水顽疾的黄金窗口期。若错失本次同步施工机会，小区管网缺失、积水淹水的结构性缺陷将永久固化，未来再也无低成本整改条件，上千业主将永久承受暴雨淹库、财产受损、居住高危的困境。按照市政配套建设同步实施原则，本次道路管网施工理应同步统筹周边小区短板治理，就近为本小区接驳正规市政雨污管网、增设标准化排水出口，从根源杜绝雨水淤积、倒灌淹库问题。
五年重大民生安全隐患悬而未决、五年群众合法诉求持续被漠视、五年基层工单敷衍拖延，已经构成严重懒政怠政、履职不作为。本次投诉附带历次大暴雨下地库深度淹水、园区全域积水实景照片佐证，灾情真实直观、损失确凿有据，持续放任隐患不管，极易引发楼栋结构安全事故、人员受伤及群体性维稳事件，负面影响极其恶劣。为此，全体业主坚决维权，正式提出以下四项整改诉求：
一、上级专项督办，全面核查追责：请求上级主管部门直接牵头现场核查，依法确认本小区长期缺失市政雨污管网、无合规排水出口、重大安全隐患长期存续的事实，厘清各级监管责任，严肃查处多年推诿扯皮、消极履职、漠视群众安全的不作为问题。
二、抢抓施工窗口期，根源根治隐患：依托当前李厝山支路在建市政工程，同步规划、同步设计、同步施工，为小区配套建设正规市政雨污管网及专属排水出口，彻底终结五年暴雨积水、地库倒灌淹水顽疾。
三、公开整改方案，实行闭环管理：要求责任单位出具正式书面整改方案、明确施工节点、责任人名单、竣工完成时限，整改进度全程公开透明，主动接受全体业主监督，杜绝纸面整改、形式整改、虚假整改。
四、落实善后处置，建立长效机制：",2026-06-09 23:41:24,福州市,仓山区,福州市仓山区人民政府上渡街道办事处,形式主义为基层减负,评比创建/证明/借调,为了应付上级检查/考核/指标而增加一线无谓负担,0.9,"['基层敷衍回复', '虚假办结', '敷衍履职']",该条目反映了业主多次投诉市政排水配套缺失问题，但五年来所有工单处置高度同质化，全部拖延至答复期限最后一刻才统一回复，内容均为制式官方套话，无现场核查记录、无问题成因分析、无整改计划、无治理措施，五年维权全程无任何实质性进展、无任何落地整改，属于典型的虚假办结、敷衍履职。这表明基层单位为了应付上级检查而增加了基层无谓负担。,建议调取历次工单回复记录、现场核查记录、整改计划、治理措施等材料，找相关基层单位负责人谈话，了解具体原因和处理过程。,投诉内容主要涉及基层单位为了应付上级检查而增加了基层无谓负担，属于评比创建/证明/借调类型。,qwen2.5vl:7b,full,HIGH,[],2026-08-09 19:50:15.059090
FJ26060920260,【实名举报 附铁证】福州12345篡改投诉数据、屏蔽市长姓名、伪造记录，严正追责,"问题分类：长期弄虚作假删除事件地点及内容严重腐败！
苏增添的下场忘了？拆迁推诿、过渡费拖欠，就是重蹈覆辙！

置顶留言：打卡福州市12345“虚假政绩风景区”！滤镜里是“为民服务”假象，实景是删诉求、瞒问题的猫腻现场！

本人持投诉原文与平台公示记录的对比铁证，实名举报福州12345平台相关人员擅自删改投诉内容、屏蔽督办领导姓名、伪造回复记录，行为已违反《政务服务热线管理办法》，要求立即核查并追责！
所有造假证据均已固定存档，同步抄送纪检监察部门，若仍拒不彻查追责，本人将持续向国家信访局、国务院“互联网+督查”平台升级举报，绝不姑息！福建省福州市12345市长热线平台",2026-06-09 21:42:36,福州市,,"福州市12345中心
福州市12345中心",形式主义为基层减负,指尖形式主义,为了应付上级检查/考核/指标而增加一线无谓负担,0.9,"['虚假政绩', '篡改数据', '隐瞒问题']",该条目反映了12345平台存在篡改投诉数据、屏蔽领导姓名、伪造记录等行为，这些行为是为了应付上级检查/考核/指标而增加了一线工作人员的负担。,建议调取12345平台的投诉记录、领导批示记录、内部工作记录等，以核实是否存在篡改数据、隐瞒问题等行为。,该条目涉及平台方篡改投诉数据、隐瞒问题等行为，属于为了应付上级检查/考核/指标而增加一线无谓负担。,qwen2.5vl:7b,full,HIGH,[],2026-08-09 19:50:38.521126
FJ26060920241,举报福州市鼓楼区政府刘用全负责人信访数据造假、督办空转、堵截网上信访、失职渎职,"事件地点：数据造假罪加一等！福建省福州市鼓楼区政府（鼓楼区政府请收敛）知法犯法长期对我投诉件删除修改？


实名投诉：鼓楼区委书记刘用全纵容造假堵截信访通道
鼓楼区信访配合造假堵截，督办空转。恳请中纪委严查刘用全失管纵容造假，彻查堵截黑幕并严肃问责。

国信平台异常波及鼓楼区，暴露属地监管失控。
4月24日18:00至25日8:00公告维护。25日22:07我点开平台，仍显示24日旧公告，通道锁死。
26日8点后投递，至17:03仍显24日公告，服务未开。
更奇葩的是，维护未到18:00平台提前发布维护公告，公然造假。

4月25日晚至26日17:03，公告不撤、通道锁死、提前造假，行为恶劣、固定异常。
到今天26日17:03打开依然是周五公告，天大笑话，腐败公开叫板吗？

非技术故障，实为后台手动操作、内鬼上阵，蓄意阻断群众信访权利。
鼓楼区作为属地，刘用全身为第一责任人，对此恶性造假、通道堵截视而不见，监管严重失责，基层信访沦为摆设，损害政府公信力。

依据《信访工作条例》，严禁人为设障弄虚作假。刘用全履职不力，放任下属造假堵路，构成严重不作为、乱作为。

恳请介入，封存鼓楼区相关后台数据，彻查幕后黑手，追究刘用全监管失责、纵容腐败的领导责任！",2026-06-09 21:11:13,福州市,鼓楼区,"福州市12345中心
福州市12345中心",形式主义为基层减负,评比创建证明借调,为了应付上级检查/考核/指标而增加一线无谓负担,0.9,"['信访数据造假', '督办空转', '信访通道堵截']",该条目主要涉及信访数据造假、督办空转和信访通道堵截等问题，反映了基层信访工作被人为设障，导致群众信访权利被阻断。这表明为了应付上级检查/考核/指标而增加了基层一线的无谓负担。,建议调取鼓楼区信访数据、督办记录和信访通道管理的相关文件，以及与刘用全和相关工作人员的谈话记录，以核实是否存在人为设障和数据造假行为。,该条目涉及信访数据造假和信访通道堵截，反映了为了应付上级检查/考核/指标而增加了基层一线的无谓负担。,qwen2.5vl:7b,full,HIGH,[],2026-08-09 19:51:09.711430
SM26060920450,关于给基层卫生工作人员减负的诉求,"市卫健委领导好，市一公卫科近期安排两期为期四个周末的全员业务培训，强制全体基层职工每个周末全天到场学习。我们平时周一至周五正常上班、还要值夜班，周末也要轮班，培训还不让请假，本身工作强度大，因为培训，近一个月完全没有休息，大家家中都有孩子老人，都没办法照顾。总院说培训是卫健委要求的。
大家觉得按照国家基层减负政策，不应该连续占用基层医护双休日开展集中学习，加重基层负担。请委领导协调调整培训安排，保障基层医务人员正常休息，减轻一线医护压力，谢谢领导。",2026-06-09 21:10:27,三明市,,三明市第一医院,形式主义为基层减负,会议文件泛滥/层层陪会,为了应付上级检查/考核/指标而增加一线无谓负担,0.9,"['基层卫生工作人员减负', '培训占用双休日']",该条目反映基层卫生工作人员在周末被强制参加全员业务培训，导致无法休息，增加了工作负担。核心问题是培训占用双休日，增加了基层工作人员的负担。,建议调取市卫健委的培训安排记录，了解培训的具体安排和占用时间。,投诉内容反映基层卫生工作人员在周末被强制参加培训，增加了工作负担，符合会议文件泛滥/层层陪会的定义。,qwen2.5vl:7b,full,HIGH,[],2026-08-09 19:51:19.013438
FJ26060820240,【实名举报 附铁证】福州12345篡改投诉数据、屏蔽市长姓名、伪造记录，严正追责,"问题分类：长期弄虚作假删除事件地点及内容严重腐败！
苏增添的下场忘了？拆迁推诿、过渡费拖欠，就是重蹈覆辙！

置顶留言：打卡福州市12345“虚假政绩风景区”！滤镜里是“为民服务”假象，实景是删诉求、瞒问题的猫腻现场！

本人持投诉原文与平台公示记录的对比铁证，实名举报福州12345平台相关人员擅自删改投诉内容、屏蔽督办领导姓名、伪造回复记录，行为已违反《政务服务热线管理办法》，要求立即核查并追责！
所有造假证据均已固定存档，同步抄送纪检监察部门，若仍拒不彻查追责，本人将持续向国家信访局、国务院“互联网+督查”平台升级举报，绝不姑息！福建省福州市12345市长热线平台",2026-06-08 21:09:18,,,"福州市12345中心
福州市12345中心",形式主义为基层减负,指尖形式主义,为了应付上级检查/考核/指标而增加一线无谓负担,0.9,"['指尖形式主义', '虚假政绩', '数据造假']",该条目反映的是福州12345平台篡改投诉数据、屏蔽领导姓名、伪造记录等行为，这些行为是为了应付上级检查而增加基层负担，属于形式主义为基层增加负担。,建议调取12345平台的后台数据记录、相关领导的谈话记录以及与平台工作人员的访谈，以核实篡改数据、屏蔽领导姓名等行为。,该条目内容涉及篡改投诉数据、伪造记录等行为，这些行为是为了应付上级检查而增加基层负担，属于形式主义为基层增加负担。,qwen2.5vl:7b,full,HIGH,[],2026-08-09 19:42:07.441329
FZ26060821678,鼓楼区文体局商务局违规乱摊派工作任务,鼓楼区文体局商务局打着区领导指示的幌子，违规向各街镇乱摊派拍摄视频片工作任务，基层不堪其扰，这种行为严重违反中央八项规定和为基层减负精神，请上级查处。,2026-06-08 13:54:22,福州市,鼓楼区,"福州市鼓楼区文化体育和旅游局
福州市鼓楼区商务局",形式主义为基层减负,层层加码/一刀切,为了应付上级检查/考核/指标而增加一线无谓负担,0.9,"['层层加码', '任务摊派']",该条目反映鼓楼区文体局商务局违规向各街镇摊派拍摄视频片工作任务，属于层层加码/一刀切的典型表现，增加了基层的负担。,建议调取相关文件、拍摄任务的分配记录、基层工作人员的访谈记录，以核实是否存在违规摊派任务的情况。,该条目明确指出基层被摊派拍摄视频片工作任务，属于层层加码/一刀切，增加了基层负担。,qwen2.5vl:7b,full,HIGH,[],2026-08-09 19:30:55.780482
PT26060820548,本人注意到：本事项在“办理部门为12345中心”的情况下，回复内容却完全来源于城厢公安分局，且未见12345平台对该回复进行任何独立审核或复核说明。  该处理方式实质上是将投诉事项直接交由被投诉单位自,"本人注意到：本事项在“办理部门为12345中心”的情况下，回复内容却完全来源于城厢公安分局，且未见12345平台对该回复进行任何独立审核或复核说明。

该处理方式实质上是将投诉事项直接交由被投诉单位自行认定并通过平台发布，导致“平台转办=原单位自我结论”的结果，已明显偏离12345平台应有的监督与协调职责。

同时，多次不同事项均出现内容高度一致的模板化回复，进一步说明平台未履行实质审查义务。

本人认为：  
该类处理方式已构成程序性不当，属于形式化履职，不能视为有效答复。

现要求：  
1. 明确说明12345平台在本事项中的审核过程；  
2. 提供是否进行独立复核的依据；  
3. 如未复核，请说明理由并移交上级督查机构处理。",2026-06-08 11:11:56,莆田市,城厢区,"城厢区12345中心
城厢区12345中心",形式主义为基层减负,台账/留痕/数据造假,为了应付上级检查/考核/指标而增加一线无谓负担,0.9,"['机关事务工作', '台账留痕', '数据造假']",该条目反映的是12345平台在处理投诉时存在模板化回复和未履行独立审核义务的问题，这可能表明为了应付上级检查或考核而增加了基层的负担。平台的这种处理方式可能导致基层干部在处理问题时缺乏独立思考和判断，增加了不必要的工作量。,建议调取12345平台的后台数据，查看是否存在模板化回复的记录；询问12345平台工作人员是否存在独立审核和复核流程；查看是否有上级督查机构的反馈和处理记录。,该条目反映的是平台在处理投诉时存在模板化回复和未履行独立审核义务的问题，这可能表明为了应付上级检查或考核而增加了基层的负担。,qwen2.5vl:7b,full,HIGH,[],2026-08-09 19:38:15.009454
FJ26060720129,举报福州市鼓楼区政府刘用全负责人信访数据造假、督办空转、堵截网上信访、失职渎职,"事件地点：数据造假罪加一等！福建省福州市鼓楼区政府（鼓楼区政府请收敛）知法犯法长期对我投诉件删除修改？


实名投诉：鼓楼区委书记刘用全纵容造假堵截信访通道
鼓楼区信访配合造假堵截，督办空转。恳请中纪委严查刘用全失管纵容造假，彻查堵截黑幕并严肃问责。

国信平台异常波及鼓楼区，暴露属地监管失控。
4月24日18:00至25日8:00公告维护。25日22:07我点开平台，仍显示24日旧公告，通道锁死。
26日8点后投递，至17:03仍显24日公告，服务未开。
更奇葩的是，维护未到18:00平台提前发布维护公告，公然造假。

4月25日晚至26日17:03，公告不撤、通道锁死、提前造假，行为恶劣、固定异常。
到今天26日17:03打开依然是周五公告，天大笑话，腐败公开叫板吗？

非技术故障，实为后台手动操作、内鬼上阵，蓄意阻断群众信访权利。
鼓楼区作为属地，刘用全身为第一责任人，对此恶性造假、通道堵截视而不见，监管严重失责，基层信访沦为摆设，损害政府公信力。

依据《信访工作条例》，严禁人为设障弄虚作假。刘用全履职不力，放任下属造假堵路，构成严重不作为、乱作为。

恳请介入，封存鼓楼区相关后台数据，彻查幕后黑手，追究刘用全监管失责、纵容腐败的领导责任！",2026-06-07 22:45:28,福州市,鼓楼区,"鼓楼区12345中心
鼓楼区12345中心",形式主义为基层减负,指尖形式主义,为了应付上级检查/考核/指标而增加一线无谓负担,0.9,"['指尖形式主义', '数据造假', '信访通道堵截']",该条目反映鼓楼区政府在信访数据造假、督办空转、信访通道堵截等问题，属于为了应付上级检查/考核/指标而增加一线无谓负担的形式主义表现。,建议调取鼓楼区政府的信访数据管理平台记录、相关会议记录、上级检查/考核/指标文件等，以核实是否存在数据造假、信访通道堵截等问题。,该条目反映信访数据造假、信访通道堵截等问题，属于为了应付上级检查/考核/指标而增加一线无谓负担的形式主义表现。,qwen2.5vl:7b,full,HIGH,[],2026-08-09 19:24:11.349404
PT26060720296,举报,"督 查 督 办
举报人：温金清，男，身份证号码：350321196412220356，电话号码：15205956499住址：福建省莆田市秀屿区笏石镇温东村温厝295号
被举报人:温春树，男，身份证号码：350321196805230336，电话号码：13559808155住址：福建省莆田市秀屿区笏石镇温东村温厝370号
2024年10月左右举报到2026年6月7日，都没有解决。
1、笏石派出所民警邹龙奕造假证据，温春树欠钱不还，温春树还叫温春林的儿子温金虎到温金清家中殴打温金清，邹龙奕造假说温金清到温春树家中被殴打。温春树是温东村村霸。
2、温春树有前科，为什么还能办出保安证，在笏石卫生院做保安。
3、温金虎退伍军人加党员，温金虎是温春树黑社会打手，别人军人保家卫国，温金虎殴打温金清。
4、秀屿分局纪委和笏石派出所邹龙奕包庇温春树地霸参加黑社会组织。
5、秀屿分局纪委和笏石派出所邹龙奕说温东村干部解决温金清到温春树家中被殴打这件事情，秀屿分局纪委和笏石派出所邹龙奕说温东村干部谁能解决，温东村干部什么名字说出来。温金请去找村干部讨一个说法。
6、笏石派出所郑建城叫温金清不要到处举报，举报到时也是到他那里，郑建城叫温金清2026年5月22日上午到笏石派出所，笏石派出所贺勇接待，都是说温春树的话，温金清在派出所等了很久郑建城都没有来，后来温金清回去了，回去之后郑建城打电话说回来了，上午11点温金清打电话给郑建城说找到郑光荣，温金清好不容易找到郑光荣。郑建城说等下午3点叫郑光荣，温金清，温春树三人对峙，结果郑建城没有叫温春树到场。郑建城说随时叫温春树到派出所，他就到派出所。2026年5月20日温金清报110，郑建城骗110说温春树事情解决了。郑建城包庇温春树，黑社会组织，温东村党支部找郑光荣表弟拿郑光荣电话号码，他表弟都说不知道。
郑建城骗温金清到派出所三四次说要解决温春树的事情，结果都没有解决，一天说这个，一天说那个，都是欺骗温金清。2026年2月10日左右，温春树叫翁丽娟到温金清家中说要解决，没有解决，温春树跟翁丽娟说温金清是敲诈温春树。温金清把翁丽娟的电话号码给郑建城，郑建城为什么不打电话给翁丽娟了解情况。
笏石派出所工号00034号，郑建城说工号00034是笏石派出所所长，叫温金清这三个月都不能投诉，现在知道郑建城是温春树保护伞地霸，参加黑社会组织。每次都是造假证据，欺骗各部门上级。
7、笏石派出所副所长郑建城叫温金清一起喝酒，温金清没有请郑建城喝酒吃饭，因此事情都不办。
8、笏石派出所邹龙奕造假证据，温春树、温金虎地霸，应该捉拿归案。
9、每次回复都是欺骗上级，请各级领导督查督办。
 

 
  
              



                                           举报人温金清   
2026年6月7日",2026-06-07 11:11:10,莆田市,秀屿区,"秀屿区12345中心
秀屿区12345中心",形式主义为基层减负,评比创建证明借调,为了应付上级检查/考核/指标而增加一线无谓负担,0.9,"['机关事务工作', '督查督办', '包庇保护伞']",该条目涉及基层干部被举报存在包庇保护伞、虚假证据等问题，反映了基层干部在处理案件时可能存在的形式主义现象，增加了基层负担。,建议调取相关案件的处理记录、上级部门的督查督办记录、基层干部的考核记录等，以核实是否存在形式主义为基层增加负担的情况。,投诉内容涉及基层干部被举报存在包庇保护伞、虚假证据等问题，反映了基层干部在处理案件时可能存在的形式主义现象，增加了基层负担。,qwen2.5vl:7b,full,HIGH,[],2026-08-09 19:15:36.108747
FJ26060620160,举报福州市鼓楼区政府刘用全负责人信访数据造假、督办空转、堵截网上信访、失职渎职,"事件地点长期被删除：你们怕光吗？福建省福州市鼓楼区政府（鼓楼区政府请收敛）知法犯法长期对我投诉件删除修改？

实名投诉：鼓楼区委书记刘用全纵容造假堵截信访通道
鼓楼区信访配合造假堵截，督办空转。恳请中纪委严查刘用全失管纵容造假，彻查堵截黑幕并严肃问责。

国信平台异常波及鼓楼区，暴露属地监管失控。
4月24日18:00至25日8:00公告维护。25日22:07我点开平台，仍显示24日旧公告，通道锁死。
26日8点后投递，至17:03仍显24日公告，服务未开。
更奇葩的是，维护未到18:00平台提前发布维护公告，公然造假。

4月25日晚至26日17:03，公告不撤、通道锁死、提前造假，行为恶劣、固定异常。
到今天26日17:03打开依然是周五公告，天大笑话，腐败公开叫板吗？

非技术故障，实为后台手动操作、内鬼上阵，蓄意阻断群众信访权利。
鼓楼区作为属地，刘用全身为第一责任人，对此恶性造假、通道堵截视而不见，监管严重失责，基层信访沦为摆设，损害政府公信力。

依据《信访工作条例》，严禁人为设障弄虚作假。刘用全履职不力，放任下属造假堵路，构成严重不作为、乱作为。

恳请介入，封存鼓楼区相关后台数据，彻查幕后黑手，追究刘用全监管失责、纵容腐败的领导责任！",2026-06-06 22:36:23,福州市,鼓楼区,"鼓楼区12345中心
鼓楼区12345中心",形式主义为基层减负,指尖形式主义,为了应付上级检查/考核/指标而增加一线无谓负担,0.9,"['信访数据造假', '督办空转', '信访通道堵截']",该条目涉及信访数据造假、督办空转和信访通道堵截等问题，反映了基层信访工作被人为设障，导致基层干部在处理信访事务时面临诸多不便，属于形式主义为基层增加负担的表现。,建议调取相关信访平台的后台数据，查看是否存在人为修改和删除投诉记录的行为；询问相关信访工作人员，了解是否存在人为设障的情况。,投诉内容涉及信访数据造假、督办空转和信访通道堵截等问题，反映了基层信访工作被人为设障，属于形式主义为基层增加负担的表现。,qwen2.5vl:7b,full,HIGH,[],2026-08-09 19:03:19.505420
FZ26060622685,福州市城乡建总对投诉函每次模板化回复“加强管控”，未实际调试路灯定时、无落地整改，虚假办结、履职不到位；申请平台启动督办，将该事项纳入单位年度绩效扣分,"本人多次投诉晋安区宦溪镇桂湖片区路灯清晨6:30依旧常亮、未按时熄灯问题，前后多次通过12345平台提交诉求，承办单位福州城乡建设发展总公司每次均统一模板回复“加强日常管理”，无实质性整改动作，路灯开灯时段长期错乱、电能持续无谓浪费，属于虚假办结、敷衍处置群众诉求。
诉求：
1. 请平台启动督办问责，督促主管单位福州市住建局、宦溪镇人民政府实地现场核查桂湖全片区路灯时控控制柜；
2. 限期3个工作日完成路灯启闭时间调试，固定天亮前准时关灯；
3. 书面告知整改完成时间、后期常态化巡检方案，对前期屡次敷衍整改问题予以效能备注；
4. 整改完毕后电话回访反馈处理结果。",2026-06-06 21:34:25,福州市,晋安区,福州市城乡建总集团有限公司,形式主义为基层减负,台账留痕迎检,为了应付上级检查/考核/指标而增加一线无谓负担,0.9,"['台账留痕迎检', '虚假办结']",该条目反映投诉人多次投诉路灯问题，但承办单位仅以模板化回复，未实际整改，属于虚假办结、敷衍处置群众诉求。这表明为了应付上级检查/考核/指标而增加了基层的无谓负担。,建议调取承办单位的台账记录、路灯管理系统的数据、以及相关领导的谈话记录，以核实是否存在虚假办结和敷衍整改的情况。,投诉内容反映承办单位在处理群众诉求时存在虚假办结、敷衍整改的情况，属于为了应付上级检查/考核/指标而增加基层负担。,qwen2.5vl:7b,full,HIGH,[],2026-08-09 19:03:40.548074
FZ26060523918,学校强制教师参加各类赛事严重压迫休息时间,"福州市仓山区第五中心小学。
长期以来，本校部分领导政绩思维功利化严重，重赛事荣誉、轻育人本职，常年无差别强制全体教师参加各类大小赛事，积弊深重，是全校一线教师的普遍困境与共同心声。近期海南26岁青年女教师因长期超负荷备赛、频繁赛课内卷过劳猝死，用惨痛悲剧暴露了教育系统过度摊派赛事、透支教师身心的乱象，而本校正长期存在同类严重问题。学校对各类赛事不加筛选、全盘下压，不兼顾教学校对各类赛事不加筛选、全盘下压，不兼顾教师日常教学、班级管理、家校沟通等本职工作，各类赛事层层叠加、接连不断，迫使教师持续牺牲休息与备课时间全力备赛，长期连轴运转、精力严重透支，超负荷工作已成常态。学校片面追逐比赛名次和对外政绩，本末倒置、重虚名轻教学，导致教师无力深耕教材、打磨课堂、辅导学生，备课仓促、教学弱化、学困生辅导缺位，直接损害学生正常受教育权益，严重削弱学校教学质量与此同时，学校长期漠视教师身心疾苦与合理诉求，一刀切的强制参赛任务让教师个人生活与休息权益被完全挤占，长期高压焦虑、身心俱疲，普遍产生重度职业倦怠，职业幸福感持续崩塌。",2026-06-05 21:34:20,福州市,仓山区,福州市仓山区教育局,形式主义为基层减负,层层加码/一刀切,为了应付上级检查/考核/指标而增加一线无谓负担,0.9,"['学校', '教师负担', '赛事任务']",该条目反映学校强制教师参加各类赛事，导致教师休息时间被挤占，属于层层加码/一刀切，增加了基层教师的负担。,建议调取学校相关会议记录、赛事安排文件、教师工作日志等材料，了解赛事任务的层层加码情况。,该条目反映学校强制教师参加各类赛事，导致教师休息时间被挤占，属于层层加码/一刀切，增加了基层教师的负担。,qwen2.5vl:7b,full,HIGH,[],2026-08-09 18:50:20.995756
FJ26060520283,福建省12345平台不到三月三换号，就是用“处理完毕”遮丑,"福建省12345平台不到三月三换号，就是用“处理完毕”遮丑

2026年3月14日22:33，再次收到1068423541212345。
不到三个月频繁换号，我问题没解决，你们就不断换号挡枪。
你们向来只用“处理完毕”三个字遮丑，却偷偷干着删地点、改内容、合并推诿的勾当。
向上一级机关说“已受理、已抄告、已合并”，实质是逃避责任、制造假流水。
就是不敢直面我没解决的事，更不敢删了内容再承认。
反而在后台不停换号、做假数据、隔离我。这种只盖章、不办事的做法，本身就是失职。别再装死，出来正面给个说法",2026-06-05 21:10:55,,,"福建省12345中心
福建省12345中心",形式主义为基层减负,台账留痕迎检,为了应付上级检查/考核/指标而增加一线无谓负担,0.9,"['12345平台', '频繁换号', '弄虚作假']",该条目反映的是12345平台频繁换号，疑似为了应付上级检查而制造假流水，增加基层负担。关键现象是平台频繁换号，导致问题未解决，而上级机关只用“处理完毕”三个字遮丑，实质是逃避责任、制造假流水。,建议调取12345平台的后台数据，查看换号记录和处理记录，以及与上级机关的沟通记录，以核实是否存在弄虚作假行为。,该条目反映的是平台频繁换号，疑似为了应付上级检查而制造假流水，增加基层负担。,qwen2.5vl:7b,full,HIGH,[],2026-08-09 18:50:54.687190
FJ26060520273,举报福州市鼓楼区政府刘用全负责人信访数据造假、督办空转、堵截网上信访、失职渎职,"实名投诉：鼓楼区委书记刘用全纵容造假堵截信访通道
鼓楼区信访配合造假堵截，督办空转。恳请中纪委严查刘用全失管纵容造假，彻查堵截黑幕并严肃问责。

国信平台异常波及鼓楼区，暴露属地监管失控。
4月24日18:00至25日8:00公告维护。25日22:07我点开平台，仍显示24日旧公告，通道锁死。
26日8点后投递，至17:03仍显24日公告，服务未开。
更奇葩的是，维护未到18:00平台提前发布维护公告，公然造假。

4月25日晚至26日17:03，公告不撤、通道锁死、提前造假，行为恶劣、固定异常。
到今天26日17:03打开依然是周五公告，天大笑话，腐败公开叫板吗？

非技术故障，实为后台手动操作、内鬼上阵，蓄意阻断群众信访权利。
鼓楼区作为属地，刘用全身为第一责任人，对此恶性造假、通道堵截视而不见，监管严重失责，基层信访沦为摆设，损害政府公信力。

依据《信访工作条例》，严禁人为设障弄虚作假。刘用全履职不力，放任下属造假堵路，构成严重不作为、乱作为。

恳请介入，封存鼓楼区相关后台数据，彻查幕后黑手，追究刘用全监管失责、纵容腐败的领导责任！",2026-06-05 20:59:47,福州市,鼓楼区,"鼓楼区12345中心
鼓楼区12345中心",形式主义为基层减负,指尖形式主义,为了应付上级检查/考核/指标而增加一线无谓负担,0.9,"['信访数据造假', '督办空转', '信访通道堵截']",该条目反映的是鼓楼区信访配合造假堵截，督办空转，以及国信平台异常导致的信访通道被锁死，这些现象表明为了应付上级检查/考核/指标而增加了基层信访工作人员的负担。,建议调取国信平台的后台数据，查看具体的操作记录；询问相关信访工作人员了解具体情况。,该条目反映的是为了应付上级检查/考核/指标而增加了基层信访工作人员的负担。,qwen2.5vl:7b,full,HIGH,[],2026-08-09 18:51:11.306592
XM26060521377,工商部门要求提供“经营场所证明”于法无据,近期，集美区同安区陆续有商户前来社区申请开具经营场所相关证明，用于办理营业执照。但根据国家精简基层证明相关规定，办理营业执照所需经营场所佐证材料，自有产权证、房屋租赁合同等即为合法有效凭证，出具营业执照办理相关证明并非社区法定工作职责，该项证明也不在基层群众性自治组织保留出具证明清单范围内。工商部门此举于法无据，严重加重基层负担。,2026-06-05 11:56:47,厦门市,,厦门市市场监督管理局,形式主义为基层减负,台账/留痕/数据造假,为了应付上级检查/考核/指标而增加一线无谓负担,0.9,"['工商部门', '经营场所证明', '基层负担']",该条目反映工商部门要求提供“经营场所证明”于法无据，加重基层负担。工商部门要求提供额外证明材料，属于台账留痕，增加了基层负担。,建议调取工商部门要求商户提供经营场所证明的相关文件、商户反映的证明材料、工商部门与商户的沟通记录等，以核实工商部门是否要求提供额外证明材料。,该条目反映工商部门要求提供额外证明材料，属于台账留痕，增加了基层负担。,qwen2.5vl:7b,full,HIGH,[],2026-08-09 18:46:00.431932
ND26060520104,霞浦县医院病案室工作人员形式主义盛行,在现行的电子医保卡，一卡通用的工作环境，县医院病案室工作人员，在病人查阅档案时，以非原件拒绝本人查档，电子身份证，电子医保卡均不能证明本人是本人，照片也不行。一定要病人一件事跑两趟,2026-06-05 09:33:04,宁德市,霞浦县,霞浦县卫生健康局,形式主义为基层减负,指尖形式主义,为了应付上级检查/考核/指标而增加一线无谓负担,0.9,['指尖形式主义'],该条目反映医院病案室工作人员在病人查阅档案时，要求病人提供非原件的证明材料，导致病人需要多跑一趟，增加了基层工作人员的负担。核心根因是为应付上级检查/考核/指标而增加一线无谓负担。,建议调取医院病案室工作人员的工作流程和相关文件，了解其具体操作和管理规定，以核实是否存在为应付上级检查而增加基层负担的情况。,投诉内容反映医院病案室工作人员在病人查阅档案时，要求提供非原件的证明材料，增加了基层工作人员的负担，符合指尖形式主义的定义。,qwen2.5vl:7b,full,HIGH,[],2026-08-09 18:39:59.843852
PT26060421433,关于强制增订书本的问题,市民反映：仙游县郊尾镇郊尾中心小学没有经过老师同意，擅自给全体老师定制了一本书，名字叫“全学科阅读怎么做”，该书不在教辅目录内，涉嫌违规增订，并且还强制全体老师参加全学科阅读活动，每周线上打卡，每个月线上研讨，要求提交材料并留痕，给老师造成很大工作压力，影响正常休息和工作，存在形式主义，该书也不在省级进校园的白名单内，还不允许请假，希望有关部门督促不要强制要求参与打卡等活动，能让老师自由选择。,2026-06-04 23:33:37,莆田市,仙游县,仙游县教育局,形式主义为基层减负,指尖形式主义,为了应付上级检查/考核/指标而增加一线无谓负担,0.9,"['学校', '强制打卡', '留痕', '工作压力']",该条目描述了学校强制老师参加全学科阅读活动，并要求线上打卡、研讨并提交材料，存在形式主义，增加了老师的工作负担。,建议调取学校相关文件、老师的工作日志、打卡记录等材料，了解具体执行情况。,该条目明确描述了学校为了应对上级检查而要求老师参加打卡活动，增加了工作负担。,qwen2.5vl:7b,full,HIGH,[],2026-08-09 18:14:26.393737
XM26060423381,天天开会，普通老师苦不堪言,"学校天天开会，大量挤占普通老师的休息时间，老师们苦不堪言。不止一次向上级部门反馈，得到的答复说会整改但是完全没落实。
学校是教书育人的地方，不是领导们满足自己开会喜好肆意妄为的地方。如此密集、毫无意义的会议大量挤占普通老师们的备课时间、休息时间，请上级部门能重视。学校老师已经苦不堪言，投诉无门了。",2026-06-04 20:28:22,厦门市,湖里区,湖里区教育局,形式主义为基层减负,会议文件泛滥/层层陪会,为了应付上级检查/考核/指标而增加一线无谓负担,0.9,"['会议过多', '基层负担']",该投诉反映学校频繁开会，挤占了普通老师的休息和备课时间，属于会议过多、层层陪会，增加了基层负担。,建议调取学校会议记录、教师反馈记录、上级部门关于会议的指示文件等材料，以核实是否存在为了应付上级检查而频繁开会的情况。,投诉内容明确指出学校频繁开会，挤占了普通老师的休息和备课时间，属于会议过多、层层陪会，增加了基层负担。,qwen2.5vl:7b,full,HIGH,[],2026-08-09 18:16:18.839552
FZ26060423050,关于钉钉观看禁毒平台强制要求班主任打卡问题,"不是都取消了班主任观看禁毒云平台的任务了吗？还要要求钉钉打卡看直播，没观看完，还要被全校领导通报批评。
请问钉钉观看的时间合理吗？正常周一到周五班主任不要上班工作吗？预约了5、6次，每次等我下课后进去再观看时长已经不足，请问这像话吗？换谁不精神崩溃？请问看回放是会有什么问题吗？
我知道投诉也并不会改变什么，所以也不需要你们来联系我，我只是非常难受，学生在家跳楼死亡、自残后，这种责任也是班主任，并没有人关注过班主任的心理健康，每一件事班主任做的尽心尽责，这些工作要是觉得我们班主任做的不够到位，请麻烦你们派人到各个学校里面进行当面给全校师生授课，而不是以形式主义的方式要求班主任看直播去打卡，其他部门完成不完的工作就让班主任来进行，班主任工作完成不完的时候请问谁来帮忙过？凭什么通报批评的是班主任。请相关部门及时关注一下班主任的身心健康行吗？",2026-06-04 16:40:10,福州市,,南安市教育局,形式主义为基层减负,指尖形式主义,为了应付上级检查/考核/指标而增加一线无谓负担,0.9,"['钉钉打卡', '直播观看', '通报批评', '班主任工作']",该条目描述了班主任在观看禁毒云平台直播时被要求打卡的情况，且存在通报批评的风险。这属于通过钉钉打卡的形式主义方式要求班主任完成工作任务，增加了班主任的负担。,建议调取钉钉平台的打卡记录、班主任的工作安排、学校领导的通报批评记录等材料，以核实是否存在通过打卡形式主义增加班主任负担的情况。,通过钉钉打卡要求班主任观看直播，且存在通报批评的风险，属于通过形式主义增加基层负担的典型表现。,qwen2.5vl:7b,full,HIGH,[],2026-08-09 18:21:36.031559
FJ26060420171,欺骗中央第一生态环境保护督察组，中央第四巡视组，违反了政府文件规定精神，违背诺言,关于莆田市秀屿区东峤镇镇政府有关部门工作人员、包村干部、包组干部、许厝村原村支书敷衍应付中央第一生态环境保护督察组、中央第四巡视组、违反了政府文件规定精神、违背诺言。1、福建省莆田市秀屿区东峤镇镇政府原党委书记肖耀华。2、包村干部：詹少鹏。3、许厝村代支书：伟宁（能）。4、包村干部：黄腾。5、许厝村原村支书：许志煌。事实与理由：1、这件事情的起源是以上那些人对编号：东政（2022）0322006号、东政信复（2023）60号政府文件久拖不决，明显违反了政府文件规定精神和村民群众关系基本准则，敷衍应付中央第一生态环境保护督察组2023年11月23日0591-87851369、中央第四巡视组2025年7月20日0591-88332011宗旨原则，避免局势恶化的根本，在于镇、村停止敷衍应付、违反、违背诺言、充当保护伞，同时尽快解决国家生态环境保护和历史遗留2亩左右集体公共水塘恢复原状和60多亩耕地正常用水灌溉，也应该得到充分尊重，诉求人和村民群众不认同村霸占用填埋公共集体水塘和破坏国家生态环境保护以及60多亩耕地4年左右无水灌溉，肖耀华、詹少鹏、伟宁（能）、黄腾、许志煌停止敷衍应付、编造谎言、滥用职权、久拖不决、违背诺言、形式主义、欺上瞒下，遗责一切无差别攻击无辜诉求人和村民群众目标的行为，国家生态保护和历史遗留公共集体水塘以及耕地用水灌溉不应受扰。2、是东峤镇镇政府有关部门工作人员与许志煌共同敷衍应付中央第一生态环境保护督察组、中央第四巡视组、违反了政府文件规定精神、滥用职权、欺下瞒上，违背诺言，编造谎言、引发诉求人精力疲备和时间浪费以及各种费用损失，也是东峤镇镇政府有关部门工作人员与许志煌置自身信誉于不顾，与诉求人多次在秀屿区信访局、东峤镇信访局、许厝村村委会约谈进程中悍然对水塘问题依次违背诺言、久拖不决、形式主义、官僚主义，导致诉求人努力付诸东流，东峤镇镇政府有关部门工作人员与许志煌所作所为，违反党的纪律以及中央政策规定宗旨和原则，诉求人和村民群众予以强烈谴责。3、东峤镇镇政府有关部门工作人员与许志煌承担着维护村民群众关系和谐发展与社会稳定的首要职责，应该秉持客观公正和公平的立场，势必引发局势进一步升级造成严重后果，东峤镇镇政府必须慎重行事，为推动局势降温，尽快清理恢复原状保护国家生态和耕地正常用水灌溉发挥积极作用。4、请求上级有关部门督促当地有关部门尽快解决，为此，诉求人特向你们实名反映上述实情，请求你们彻查此案，诉求人必须如实配合你们的调查。,2026-06-04 16:25:05,莆田市,秀屿区,"秀屿区12345中心
秀屿区12345中心",形式主义为基层减负,评比创建证明借调,为了应付上级检查/考核/指标而增加一线无谓负担,0.9,"['基层减负', '形式主义', '生态环境保护', '信访问题']",该条目反映的是基层干部在应对上级检查时敷衍应付，违反政府文件规定精神，违背诺言，属于形式主义为基层增加负担。关键现象是是基层干部在应对上级检查时敷衍应付，关键因果链条是上级检查/考核/指标的压力导致基层干部增加无谓负担。,建议调取相关政府文件、信访记录、上级检查记录等材料，找相关基层干部谈话，了解其在应对上级检查时的具体情况。,该条目反映的是基层干部在应对上级检查时敷衍应付，属于形式主义为基层增加负担。,qwen2.5vl:7b,full,HIGH,[],2026-08-09 18:06:41.072770
ND26060420409,投诉教学问题,某女士来电反映，她是福鼎市某初中教师（群众拒绝提供具体信息）。每年福鼎市全市中学均要求教师使用钉钉软件观看禁毒视频。她认为该任务与教学无关、效果有限，且增加一线教师的教学负担。现要求取消该任务，烦请相关部门核实处理。（群众拒绝部门电话联系）,2026-06-04 15:34:38,宁德市,福鼎市,福鼎市教育局,形式主义为基层减负,指尖形式主义,为了应付上级检查/考核/指标而增加一线无谓负担,0.9,"['投诉教学问题', '健康教育服务']",该条目反映教师被要求使用钉钉软件观看禁毒视频，认为该任务与教学无关、效果有限，且增加一线教师的教学负担。这符合为了应付上级检查/考核/指标而增加一线无谓负担的定义。,建议调取福鼎市教育局关于要求教师使用钉钉软件观看禁毒视频的相关文件、会议记录、通知等材料，以及钉钉软件的使用记录，以核实是否存在为应付上级检查而增加教师负担的情况。,该条目内容涉及教师被要求使用钉钉软件观看禁毒视频，增加了教学负担，符合指尖形式主义的定义。,qwen2.5vl:7b,full,HIGH,[],2026-08-09 18:11:08.099866
PT26060420356,本人注意到：本事项在“办理部门为12345中心”的情况下，回复内容却完全来源于城厢公安分局，且未见12345平台对该回复进行任何独立审核或复核说明。  该处理方式实质上是将投诉事项直接交由被投诉单位自,"本人注意到：本事项在“办理部门为12345中心”的情况下，回复内容却完全来源于城厢公安分局，且未见12345平台对该回复进行任何独立审核或复核说明。

该处理方式实质上是将投诉事项直接交由被投诉单位自行认定并通过平台发布，导致“平台转办=原单位自我结论”的结果，已明显偏离12345平台应有的监督与协调职责。

同时，多次不同事项均出现内容高度一致的模板化回复，进一步说明平台未履行实质审查义务。

本人认为：  
该类处理方式已构成程序性不当，属于形式化履职，不能视为有效答复。

现要求：  
1. 明确说明12345平台在本事项中的审核过程；  
2. 提供是否进行独立复核的依据；  
3. 如未复核，请说明理由并移交上级督查机构处理。",2026-06-04 10:14:00,莆田市,城厢区,"城厢区12345中心
城厢区12345中心",形式主义为基层减负,平台转办=原单位自我结论,为了应付上级检查/考核/指标而增加一线无谓负担,0.9,"['机关事务工作', '平台转办', '形式化履职']",该条目反映的是12345平台在处理投诉时，将事项直接交由被投诉单位自行认定并通过平台发布，导致平台未能履行监督与协调职责，形成形式化履职。这属于为了应付上级检查/考核/指标而增加一线无谓负担。,建议调取12345平台的审核记录、回复内容的原始记录，以及相关领导的谈话记录，以核实平台是否履行了独立审核和复核义务。,该条目反映了平台转办导致原单位自我结论的情况，属于为了应付上级检查/考核/指标而增加一线无谓负担。,qwen2.5vl:7b,full,HIGH,[],2026-08-09 18:29:42.353796
XM26060420726,业委会成立受阻,"投诉事由：承办单位仅口头答复在推进、无节点、无方案、无落地结果，敷衍办结、履职拖沓
原述求编号：XM26051920712
1. 前期投诉后，镇政府仅笼统回复事项在推进，未书面列明推进时间表、责任人、分步处置节点、阶段性落地凭证，长期无任何实质处置动作，属于以“正在推进”敷衍搪塞、虚假答复 。
2. 依据《福建省12345便民服务平台监督管理办法》，投诉类事项法定办结时限10个工作日，超期无实效答复违规；复杂延期必须书面报备平台并告知诉求人，本事项从未出具延期说明 。依据《福建省机关效能建设工作条例》，消极应付、拖延履职应当效能问责 。
3、根据我们的申请日期，和多次打电话通话记录，镇府那边的回复，包含投诉12345的反馈意见。该问题存在履职不到位、违规嫌疑，申请移交纪检监察部门介入督办、依规查处。
4. 本次明确三项硬性诉求：
① 3个工作日内书面公示：项目经办人、分管领导姓名+完整处置时间表（几月几日完成哪一步）；
② 限期X日内落地对应事项，分阶段在平台上传工作佐证材料（会议记录、现场工作记录等）；
③ 对前期只空喊推进、不作为问题由区效能办介入核查并书面反馈问责核查结果；
5. 如继续模糊回复“在推进”无实质内容，本人同步向区纪委、区住建局、区效能办另行书面投诉不作为。",2026-06-04 10:05:22,厦门市,同安区,"厦门市同安区洪塘镇人民政府
厦门市12345中心
厦门市12345中心
厦门市同安区洪塘镇人民政府",形式主义为基层减负,评比创建/证明/借调,为了应付上级检查/考核/指标而增加一线无谓负担,0.9,"['业委会建设管理', '履职不到位', '虚假答复']",该条目反映的是业委会成立受阻的问题，镇政府仅口头答复且未书面列明推进时间表、责任人、分步处置节点等，存在敷衍办结、履职拖沓的情况。这可能是因为为了应付上级检查或考核而增加了基层的无谓负担。,建议调取镇政府的会议记录、工作台账、相关文件等，以核实镇政府是否在敷衍办结、履职拖沓。同时，可以找相关工作人员谈话，了解具体原因。,该条目反映了为了应付上级检查/考核/指标而增加基层无谓负担的情况，属于评比创建/证明/借调类型。,qwen2.5vl:7b,full,HIGH,[],2026-08-09 18:29:57.515033
SM26060420058,雪南中学34度的天不肯开空调，只有办公室能开和自习室学习好的学生能开。高三年段还有三天高考，不肯给学生开空调，已经有同学热得回家请假了。,"莫让“何不食肉糜”重演
 
古有晋惠帝一句“何不食肉糜”，沦为千古笑谈。君王身居深宫，不知百姓饥寒，脱离人间烟火，才会说出这般荒诞之言。而如今水南中学酷暑高温却执意不开空调的事件，恰似现代版的“何不食肉糜”，引人深思，发人警醒。
水南中学，盛夏烈日炙烤，学生身处密闭空间，闷热难耐、汗流浃背，急需空调降温解暑。可相关人员却固守刻板规定，无视学生真实体感与实际困境，坚持不开空调。在他们眼中，学生不为人，却忽略了暴晒、密闭环境带来的闷热酷暑，脱离了真实的民生场景。
 
这种脱离实际的决策，正是官僚主义、形式主义的缩影。制定规则、落实管理的初衷，本是为游客提供舒适便捷的游玩体验，服务大众、便利群众。但僵化执行规定，死守固有经验，不结合实际情况变通，让冰冷的规则困住温暖的服务，让刻板的教条忽视群众的疾苦，最终背离了服务的初心。
 
时代不断进步，“何不食肉糜”的闹剧本应彻底绝迹，可脱离实际、主观臆断的思维，依然偶尔出现。无论是公共服务还是日常管理，最忌讳闭门造车、固守旧念。所有规章制度、管理决策的根基，永远是现实情况与百姓需求。不深入体察民情、不贴合实际生活的决策，再看似合理，最终也只会脱离群众、惹人诟病。
 
以人为本，方得始终。真正的管理智慧，从来不是死板教条的坚守，而是灵活变通的温度。愿我们都能摒弃脱离现实的傲慢，走出固有认知的局限，俯身体察人间冷暖，拒绝“何不食肉糜”式的荒诞，用贴合实际的举措、温暖人心的服务，守护烟火人间，善待每一份民生需求。

校长开不了就下岗好吗？别当了",2026-06-04 08:55:22,三明市,将乐县,将乐县教育局,形式主义为基层减负,过度管控/盲目决策,为了应付上级检查/考核/指标而增加一线无谓负担,0.9,"['过度管控', '盲目决策']",该条目反映了学校在酷暑高温下坚持不开空调的情况，这可能与上级检查或考核有关，导致学校忽视了学生的真实需求，增加了基层负担。,建议调取学校相关规章制度、上级检查或考核文件、学生反馈记录等材料，以核实是否存在为了应付上级检查而增加负担的情况。,该条目内容涉及学校在酷暑高温下坚持不开空调的情况，这可能与上级检查或考核有关，导致学校忽视了学生的真实需求，增加了基层负担。,qwen2.5vl:7b,full,HIGH,[],2026-08-09 18:23:25.353577
FJ26060320299,【升级举报】福州12345恶意拦截诉求、做假数据，涉嫌行政违法，请求上级监管介入核查,"问题分类：长期弄虚作假及删除事件地点严重腐败！


苏增添的下场忘了？拆迁推诿、过渡费拖欠，就是重蹈覆辙！

打卡游福州市12345市长热线平台风景，推诿观光带逛腻了，回复太经典“诉求不清”你们好自为之见好就收！


福州12345平台存在恶意拦截诉求、篡改信访数据、人为制造验证码故障等系列违规行为，已涉嫌行政违法，现请求上级监管部门直接介入，彻查幕后责任人员！
系列违规行为已触及法律底线，绝非“工作失误”可掩盖，若上级监管部门不及时介入，本人将同步所有证据至检察机关，追究相关人员法律责任！福建省福州市12345市长热线平台！",2026-06-03 21:56:56,福州市,,"福州市12345中心
福州市12345中心",形式主义为基层减负,台账/留痕/数据造假,为了应付上级检查/考核/指标而增加一线无谓负担,0.9,"['恶意拦截诉求', '篡改信访数据', '人为制造验证码故障']",该条目涉及福州12345平台恶意拦截诉求、篡改信访数据、人为制造验证码故障等违规行为，属于为了应付上级检查/考核/指标而增加一线无谓负担。,建议调取12345平台的后台数据，查看是否存在恶意拦截诉求、篡改信访数据、人为制造验证码故障等违规行为。,该条目涉及恶意拦截诉求、篡改信访数据、人为制造验证码故障等违规行为，属于为了应付上级检查/考核/指标而增加一线无谓负担。,qwen2.5vl:7b,full,HIGH,[],2026-08-09 17:52:31.090012
XM26060323400,思明区教育局德育科负责人刘映辰政绩观存在严重偏差,"尊敬的领导：
作为思明区一线德育工作者，现向上级部门反应思明区教育局德育科负责人刘映辰政绩观存在严重偏差的情况。作为深耕思明教育一线的老师，能深切的感受到历任局领导对于一线学校的领导、教师都尊重有加。但实在不理解为何任用刘映辰这类的干部担任德育科担任负责人，此人上任后，自视官位极高，整个思明一线德育工作者，含班主任老师苦不堪言，怨声载道。对照正确政绩观要求，该干部在履职中存在以下问题：
一、形式主义作祟，虚耗工作精力。
1.经常性召开各种工作会，以趾高气昂的姿态对待。以五月份为例：5月6日、5月18日、5月22日、5月27日平均每周至少一次，还不包括一些小会。看似重视工作，实则是用“会议落实会议”的形式主义应付差事，没有把精力放在解决教育实际问题上，浪费了基层干部、教师的宝贵授课时间，违背了务实高效的政绩要求。频繁开大小会导致学校德育分管副校长、德育主任、德育骨干、甚至任职一年的新班主任等都要调课出席，打乱学校正常教学秩序。
2.要求初中分管德育副校长、德育主任、心理教师随时准备材料抱到教育局，逐个约谈批评，但布置工作的初期，并没有进行相关指导。
二、官本位思想严重，漠视干群关系。
该干部在领导面前一套，在基层面前又是另一套。以领导自居，在会议上用责骂的方式和态度对待到会的老师，不尊重基层同志的人格与付出，是典型的官僚主义作风，没有摆正教育服务者的位置。其在滨东小学召开的市级德育工作会的后半场（区级）会上疯狂叫嚣的音频、视频已广泛在全市流传，如：“我现在马上看，哪个学校胆子这么大！”（下面坐着每个学校的副校长和德育主任，并有外区副校长等还未离开会场）严重影响我区教育工作者形象，如有合适途径，可进一步提交音频等。
三、权力观扭曲，滥用职权谋私。
    1.各类教师及学生赛事与征文活动频繁开展，时间短，任务重。赛事组织工作缺乏前期指导，上级文件直接转化为本区文件下发，导致工作压力层层传导，加上时间短，只重量，不重质。班主任在承担日常教学任务的同时，还需积极参与或组织相关赛事活动。以四月份为例，先后开展了班主任基本功大赛、育人故事征集（仅一等奖参与汇编）、德育论文征集（仅一等奖参与汇编）、“红领巾讲解员”风采大赛等活动。
2.对各项赛事大包大揽，把公权力当作满足个人私利或彰显“权威”的手段，破坏了教育生态，也严重损害了教育系统的公信力。
四、专业素养缺失，违背教育规律。
不尊重心理健康教育规则，随意质疑心理教研员，反映出自身对教育专业领域的无知与傲慢，没有树立敬畏专业、尊重规律的政绩观，阻碍了心理健康教育工作的正常开展。
该干部的种种行为，本质是政绩观、权力观的严重扭曲，希望领导能够对该干部进行匿名民意调查，听听多数一线德育工作者们的心声，也恳请领导核实清楚后选择一名树牢以人民为中心的政绩观，敬畏规则、尊重专业、务实履职，切实做好教育服务工作的德育负责人来带领大家共同进步。",2026-06-03 21:13:25,厦门市,思明区,思明区教育局,形式主义为基层减负,会议文件泛滥/层层陪会,为了应付上级检查/考核/指标而增加一线无谓负担,0.9,"['会议过多', '基层负担', '教育实际问题']",该条目反映了基层德育工作者在刘映辰任德育科负责人期间，频繁召开会议，导致基层干部和教师的授课时间被占用，违背了务实高效的政绩要求，增加了基层的无谓负担。,建议调取会议记录、教师授课时间安排表、学校教学秩序记录等材料，以核实会议召开频率和影响。,频繁召开会议且未解决实际问题，属于形式主义增加基层负担的表现。,qwen2.5vl:7b,full,HIGH,[],2026-08-09 17:32:31.165638
FZ26060322371,关于长乐区教育局在职称评审中违规适用“溯及既往”条款、无视既定教学安排的紧急反映,"您好！我是一名一线教师。现针对长乐区教育局近期职称评审工作中出现的“政策执行双重标准”及“新规溯及既往”的不合理现象进行匿名反映。此事不仅关乎我个人权益，更暴露出长乐区教育局在行政管理上的重大逻辑漏洞，恳请领导予以关注。
2026年5月下发通知（见附件1），其中规定“从2026年起，需承担所聘学科教学工作量最低标准的一半以上”。然而，作为被考核对象，我的课程表（见附件2）早在2025年9月就已由学校教务处统一制定并执行至今。附件2显示，我在2025-2026学年的周课时量为12节（数学5节+科学3节等）。这是学校当时的统筹安排，并非我个人挑肥拣瘦或故意少上课。学校在2025年9月排课时，并未执行“一半以上工作量”的要求（否则当时就会给我加课）。既然当时学校认为该工作量是合规的，现在长乐区教育局却用半年后（2026年5月）才出台的文件来否定之前的安排，这属于典型的行政溯及既往。
根据行政法理及事业单位人事管理的一般原则，新规不应惩罚旧行为。长乐区教育局目前“一刀切”地判定我不符合晋级要求，不仅忽视了客观的历史遗留问题，更会让广大教师对其管理的公平性产生质疑。
1.请求上级部门核实：在2025年9月排课时，长乐区教育局是否已公示过该工作量标准？若未公示，则不应以此标准考核本学期已产生的工作量。
2. 请求对本人2025-2026学年的教学工作量进行合理认定，剔除因政策发布时间滞后导致的不可抗力因素。请严格保密投诉人身份，恳请领导督促长乐区教育局重新审议，给予教师一个公平的解释机会，谢谢",2026-06-03 15:08:47,福州市,长乐区,福州市长乐区教育局,形式主义为基层减负,层层加码/一刀切,为了应付上级检查/考核/指标而增加一线无谓负担,0.9,"['教师职称', '层层加码/一刀切']",该投诉反映长乐区教育局在职称评审中采用“溯及既往”条款，无视既定教学安排，一刀切地判定不符合晋级要求，这属于为了应付上级检查/考核/指标而增加一线无谓负担。,建议调取长乐区教育局职称评审的相关文件、通知和政策，了解其具体规定和执行情况，以及教师的课程表和工作量安排。,投诉内容反映长乐区教育局在职称评审中采用“溯及既往”条款，无视既定教学安排，一刀切地判定不符合晋级要求，属于为了应付上级检查/考核/指标而增加一线无谓负担。,qwen2.5vl:7b,full,HIGH,[],2026-08-09 17:41:09.009784
FJ26060320155,[国办转办件]少点形式主义，减轻基层负担,"""【本次诉求人为：汪烨康    ，电话：18039823523   】
（本条来自国办www.gov.cn留言办理系统转地方办理，经福建省指定联系员转办，请相关部门及时核实办理并反馈，最终结果也将转回国办www.gov.cn留言办理系统中。)""
标题：少点形式主义，减轻基层负担
正文：
福建省龙岩市长汀县，学校老师经常需要家长填这个问卷那个通知书，连反诈宣传都要要求幼儿园的小孩确认接到通知了。幼儿园的小孩知道什么？字都不认识，还落实反诈知识。最终就是学校，老师落实上级要求，家长配合签字，学校老师收集反诈回执，就是形式主义，基本没效果，为了完成任务而让家长签字，学校收集回执。还有，动不动接龙，这个接龙那个接龙，严重增加老师和家长负担（类型：人民群众留言入口）",2026-06-03 14:59:00,龙岩市,长汀县,长汀县教育局,形式主义为基层减负,指尖形式主义,为了应付上级检查/考核/指标而增加一线无谓负担,0.9,"['学校', '反诈知识', '家长签字', '接龙']",该条目反映的是学校老师为了完成上级要求而让家长签字收集反诈知识回执，以及频繁的接龙活动，增加了老师和家长的负担。这符合为了应付上级检查/考核/指标而增加一线无谓负担的定义。,建议调取学校相关文件、家长签字的回执、接龙活动的记录等材料，找相关学校老师和家长谈话，以核实具体情况。,该条目明确指出学校老师为了完成上级要求而增加家长的负担，符合指尖形式主义的定义。,qwen2.5vl:7b,full,HIGH,[],2026-08-09 17:41:19.574950
FZ26060322087,诉求件FZ26052122613回复不满,"尊敬的12345政务服务便民热线平台:
本人现就此前反映的八中709班相关问题未有任何解决，且针对八中有关处室推诿扯皮、履职不作为、违规转嫁信访处理压力的问题，进行二次投诉！
此前，本人通过12345平台如实反馈相关问题，诉求合理、事实清晰，本应由教育主管部门依法依规、公正客观开展调查核实，并由教育局官方给出正式、权威的处理答复。但本人收到的平台回复结果，并非教育局核查后的官方回复，而是涉事学校强行要求一线班主任代为撰写、上报的回复内容。
该处理方式严重不合理、不规范，充分暴露了八中有关处室严重的履职缺位、不作为、乱作为问题，具体问题如下：
第一，教务处等处室推诿履职责任，刻意规避监管职责。且本次投诉全程未得到任何实质性核查与处理，而是将本该由行政部门承担的信访处置工作，直接下压至一线班主任，属于典型的懒政怠政、推诿扯皮。
第二，转嫁工作压力，为难基层一线教师。班主任身处教学一线，本职工作为教育教学、班级管理，并无处理行政信访投诉的工作职责。八中有关处室为简化工作、逃避责任，强制施压班主任回复投诉，无端增加基层教师工作负担，让普通教师承担行政部门的工作任务，严重违背为基层减负的政策要求，极大消耗基层教师工作精力，不合理、不合规、不人道。
第三，回复结果缺乏公正性、真实性，投诉问题未得到任何实质解决！这种流于形式的回复，完全没有解决本人反馈的实际问题，12345信访投诉渠道的监督、维权作用彻底失效，且就在投诉期间，11班的英语老师竟在5月27号又到9班进行试课，9班是他的试验田吗？典型的不把投诉放在眼里，更不把班主任放眼里，所以请问学校有关处室为难班主任有用吗？
第四，工作流程严重违规，政务服务流于形式。12345政务投诉工单具备严肃性、规范性，要求承办单位亲自核查、亲自回复、闭环处理。教育局此次转交件为基层教师代为回复的行为，八中有关处室严重违反政务工单处理工作规范，属于典型的不作为、敷衍履职，漠视群众诉求，损害政府部门公信力。
基于以上事实，本人提出以下诉求：
1. 要求有关政务督查部门介入调查，严肃追责八中教务处等处室本次推诿扯皮、懒政不作为、违规转嫁工作任务的行为，对相关负责工作人员进行问责，并回复公示处理结果；
2. 作废本次由班主任代为撰写的无效回复，要求教育局亲自对接、重新全面核查本人此前反馈的问题，基于事实给出客观、公正、详细的官方书面回复，切实解决本人诉求；
3. 责令福州八中整改工作作风，严格规范12345信访工单处理流程，杜绝将行政监管工作转嫁基层教师的违规行为，杜绝形式主义、敷衍式回复，保障家长及学生合理维权渠道畅通；
4. 杜绝班主任因本次投诉受到变相施压、追责，严禁出现打击报复基层教师的情况。如果班主任做的的这些违规老师的主，他们就不会来随意践踏9班学生的公平教育权了！这些违规的老师不就是欺负班主任年轻好说话，好欺负么？
5.根据FZ26052122613投诉件回复内容中几个问题请八中有关处室答疑解惑，第一：回复内容关于师资分配问题，学校按照老中青、代课教师规范搭配的原则，那么请根据事实公布初一年级十几个班级的老中青教师搭配情况；第二; 在公开课方面，学校后期会合理规划,那请问前期不合理规划的原因是什么？是有人刻意拿9班来试课，还是学校有关处室不作为，请公布初一年纪所有班级公开课的频率及次数，如果是人为故意都是安排在9班试课，请回复对相关人员的处理结果。初一整个学年对9班学生造成的几个学科的学业滞后怎么解决？？
本人将持续跟进此事，若本次问题仍得不到公正、妥善处理，本人将继续向上级主管部门、纪检部门逐级投诉维权。恳请相关部门正视问题、从严核查、秉公处理，切实维护学生合法权益及基层班主任的合法权益！",2026-06-03 13:55:06,福州市,仓山区,福州市教育局,形式主义为基层减负,过度管控/盲目决策,为了应付上级检查/考核/指标而增加一线无谓负担,0.9,"['过度管控', '基层减负']",该条目反映的是基层教师在处理信访投诉时被要求撰写回复，增加了基层教师的工作负担，属于过度管控和盲目决策，不符合为基层减负的政策要求。,建议调取教育局的信访处理流程、班主任的工作职责以及相关教育部门的文件，以核实是否存在过度管控和盲目决策的情况。,该条目反映了基层教师在处理信访投诉时被要求撰写回复，增加了基层教师的工作负担，属于过度管控和盲目决策。,qwen2.5vl:7b,full,HIGH,[],2026-08-09 17:20:02.621659
QZ26060324683,惠安县螺阳镇蔡厝村二轮延包草案以“全村征占地388.79亩”为总口径压减二组承包地（二组确权列1.89亩/7户），本人4月起向村委会以及螺阳镇政府反映至今无书面答复，请求督办并暂停核检待核查（实名）,"本人蔡建忠，蔡厝村二组承包户（权证编号090689，承包期至2027年）。现就螺阳镇及蔡厝村在二轮延包中的违纪违规行为投诉如下：
一、数据严重造假。村《二轮延包草案》称1997年至今全村征占地388.79亩，但经核对省政府闽政地批文，涉及蔡厝村合法征地仅9.4411公顷（约141.6165亩），差额约247亩，涉嫌无批文背书，有虚假台账嫌疑。
二、本人所属二组承包地遭非法核减。二组二轮承包面积44.99亩（承包户44户），延包草案竟将该组总确权面积压至1.89亩（仅7户）。此举未在延包草案中逐户公示依据，未召开实质表决，系借土地延包之机，行灭失百姓43.1亩合法承包地之实。
三、本人承包地在本延包草案中受到了直接威胁。本人作为二组44户承包户之一，持有合法权证及鲤城区法院生效判决（2024闽0502行赔初11号，确认镇政府强制清表违法）。在二组总盘被非法压缩的前提下，本人1.98亩承包地必然也囊括在核销范围内。
四、镇政府涉嫌行政不作为。本人自2026年4月3日起多次携带判决书、权证找原书记郑晓峰，副镇长黄晓东以及片区领导潘景峰反映，镇政府至今未表明办理态度，事情没有实质进展，未纠正其中错误。

诉求（请螺阳镇政府限时书面答复，并请县效能办督办）
1、在核查清楚前，请暂停将蔡厝村二组确权面积锁定为1.89亩/7户。不得依据失实数据推进延包方案终稿；
2、请书面说明：核减二组43.1亩及本人户承包地的逐块批文、红线图以及补偿凭证；
3、请责令村委会公开延包核减的会议记录及原始凭证。

附件：延包草案节录、延包草案数据统计表、涉及征地批文汇总表、权证、判决书关键页。

联系人：蔡建忠
联系地址：螺阳镇蔡厝村397号",2026-06-03 11:35:05,泉州市,惠安县,"泉州市12345中心
泉州市12345中心",形式主义为基层减负,台账留痕迎检,为了应付上级检查/考核/指标而增加一线无谓负担,0.9,"['土地征用', '数据造假', '基层负担']",该条目涉及村民关于二轮土地延包过程中数据造假和承包地被非法核减的投诉。投诉内容显示，村委会和镇政府在土地延包过程中存在数据造假和无依据的承包地核减行为，这些行为可能为了应付上级检查而增加了基层负担。,建议调取村委会和镇政府关于二轮土地延包的会议记录、原始凭证、延包草案数据统计表以及涉及征地批文汇总表等材料，以核实是否存在数据造假和无依据的承包地核减行为。,投诉内容显示，村委会和镇政府在土地延包过程中存在数据造假和无依据的承包地核减行为，这些行为可能为了应付上级检查而增加了基层负担。,qwen2.5vl:7b,full,HIGH,[],2026-08-09 17:23:06.402182
FJ26060320036,举报福州市鼓楼区政府刘用全负责人信访数据造假、督办空转、堵截网上信访、失职渎职,"实名投诉：鼓楼区委书记刘用全纵容造假堵截信访通道
鼓楼区信访配合造假堵截，督办空转。恳请中纪委严查刘用全失管纵容造假，彻查堵截黑幕并严肃问责。

国信平台异常波及鼓楼区，暴露属地监管失控。
4月24日18:00至25日8:00公告维护。25日22:07我点开平台，仍显示24日旧公告，通道锁死。
26日8点后投递，至17:03仍显24日公告，服务未开。
更奇葩的是，维护未到18:00平台提前发布维护公告，公然造假。

4月25日晚至26日17:03，公告不撤、通道锁死、提前造假，行为恶劣、固定异常。
到今天26日17:03打开依然是周五公告，天大笑话，腐败公开叫板吗？

非技术故障，实为后台手动操作、内鬼上阵，蓄意阻断群众信访权利。
鼓楼区作为属地，刘用全身为第一责任人，对此恶性造假、通道堵截视而不见，监管严重失责，基层信访沦为摆设，损害政府公信力。

依据《信访工作条例》，严禁人为设障弄虚作假。刘用全履职不力，放任下属造假堵路，构成严重不作为、乱作为。

恳请介入，封存鼓楼区相关后台数据，彻查幕后黑手，追究刘用全监管失责、纵容腐败的领导责任！",2026-06-03 08:19:56,福州市,鼓楼区,"鼓楼区12345中心
鼓楼区12345中心",形式主义为基层减负,指尖形式主义,为了应付上级检查/考核/指标而增加一线无谓负担,0.9,"['信访数据造假', '督办空转', '后台手动操作', '内鬼上阵', '信访通道堵截']",该条目涉及信访数据造假、督办空转、后台手动操作、信访通道堵截等问题，反映了基层信访工作被人为设障，增加了基层干部的负担，属于形式主义为基层增加负担。,建议调取国信平台的后台数据，查看相关操作记录；访谈信访局工作人员了解具体操作流程；查看相关会议记录和文件，了解是否存在人为设障的情况。,该条目涉及信访数据造假、后台手动操作等现象，反映了基层信访工作被人为设障，增加了基层干部的负担，属于形式主义为基层增加负担。,qwen2.5vl:7b,full,HIGH,[],2026-08-09 17:43:14.711510
FZ26060320031,楼区软件园钱塘⼩学教学点因多部⻔⻓期推诿不作为，导致⺠⽣办学配套烂尾、出 现义务教育断档，请求区政府牵头统筹整改并给出明确解决⽅案,"1. 该教学点为政府官⽅设⽴的园区⼈才配套教育资源
2017 年经福州市教育局批复设⽴钱塘⼩学软件园教学点，明确为软件园产业⼈才专属
义务教育配套，服务园区招商引资、⼈才稳定。
2. 该办学点性质⾃始为 “临时过渡办学”，约定 2022 年到期搬迁
官⽅明确过渡期⾄ 2022 年，到期后整体搬迁⾄枇杷⼭凤⼭⼩学新建校区，以正规教
育⽤地承接办学。
3. 关键问题：多部⻔⻓期不作为，导致 “过渡点超期违规、新校区⽆限悬空”
• 软件园管委会：多年持续沿⽤⼯业⽤地办学，明知超期违规仍逐年默许延期，未
有效推动新校落地。
• 区⾃然资源与规划局：枇杷⼭新校地块征迁完成多年，但控规调整、⽴项落地、
开⼯建设⻓期停滞，⽆任何实质性建设进度。
• 区教育局：明知场地不合规仍多年持续招⽣，直⾄ 2026 年阳光办学督查来临，
直接⼀⼑切停⽌新⽣招⽣，但⽆替代⽅案、⽆过渡⽅案、⽆落地时间表。
4. 最终造成严重⺠⽣后果（义务教育真空）
• ⽼在读学⽣保留就读
• 2026 年起软件园新⽣全部⽆就近学位、被迫跨区分流
• 政府承诺的产业⼈才教育配套彻底失效
• 出现：临时点不能招、新校区不建设、中间完全断档的政府⺠⽣烂尾局⾯
本事件绝⾮教育局单⼀部⻔问题，是典型的：
管委会只管使⽤、规划局只管卡死、教育局只管关停、⽆任何单位兜底解决
四部⻔权责割裂、⻓期各⾃为政、⽆⼈统筹、拖延七年之久，最终让园区⼈才⼦⼥承
担教育断档后果。
属于典型的区级⺠⽣统筹缺位、跨部⻔履职不到位、⻓期拖延⺠⽣⼯程
1. 要求⿎楼区政府牵头成⽴专项统筹答复（此问题只有区级能解决，拒绝单⼀部⻔
接单敷衍）
请求 12345 平台标记重点督办、区级统筹、多部⻔联办，禁⽌单⼀部⻔简单退单、模
板回复、敷衍办结",2026-06-03 00:31:22,福州市,鼓楼区,福州市软件园管理委员会,形式主义为基层减负,层层加码/一刀切,为了应付上级检查/考核/指标而增加一线无谓负担,0.9,"['层层加码', '一刀切']",该条目反映了多部门长期推诿不作为导致的民生办学配套烂尾问题，属于层层加码/一刀切的典型表现。为了应对上级检查/考核/指标，各部门未能有效协调和解决民生问题，增加了基层的负担。,建议调取多部门的会议记录、工作台账、相关文件等，以了解各部门在处理该问题时的具体情况和决策过程。,该条目反映了多部门长期推诿不作为导致的民生办学配套烂尾问题，属于层层加码/一刀切的典型表现。,qwen2.5vl:7b,full,HIGH,[],2026-08-09 18:05:56.720187
SM26060220506,自5月8日起李家乡所有诉求均仅单次模板回复、无二次回访答复，三次不满意评价后违规强行半截结案，5月31日公益岗备案事项提请市县两级督查督办,"本人自2026年5月8日开始提交的全部诉求工单，李家乡全部采用统一处置模式：只出具一次模板化回复，全程没有二次答复、没有工作人员上门回访、没有沟通协调整改。只要我三次勾选不满意、事项未解决，系统评价入口直接关闭，工单被单方面强行办结，全部属于违规半截办结，违反12345群众诉求办理相关规定。
其中5月31日我提交工单，诉求仅备案古坑村村干部口头承诺，后续本村公益性岗位下达时优先安置二级残疾人，附带微信聊天记录作为凭证，本次仅申请备案留存，不存在投诉查处相关部门违规问题。
承办单位仅使用制式空话回复，通篇回避备案核心问题，既不核实村干部承诺内容，也不提供不予备案对应的政策文件及法条依据。我连续三次评定不满意、问题未解决，在无任何二次处置的前提下直接关停评价通道、草率结案。
按照12345办理规则，群众对处置结果不满意，工单必须退回重新办理并补充二次答复，该乡镇长期固化简易结案方式，多次损害群众合理诉求。
现正式提出两项诉求：
1、依法将村干部公益岗优先安置残疾人的承诺在政务系统备案存档；
2、如若政策规定无法办理备案，由李家乡出具加盖单位公章的正式纸质文书，标注对应政策文号与具体条款；本人拒收电话、口头、短信答复，只认可加盖公章的纸质书面答复。
倘若本次依旧模板敷衍、违规半截办结，我将持续多次提交诉求，全部如实填写不满意、未解决，并持续向市级平台申请升级督办问责。",2026-06-02 19:49:03,三明市,清流县,清流县李家乡人民政府,形式主义为基层减负,台账/留痕/数据造假,为了应付上级检查/考核/指标而增加一线无谓负担,0.9,"['敷衍应付', '群众诉求办理']",该条目反映基层在处理群众诉求时存在模板化回复、不进行二次回访、不提供二次答复等现象，疑似为了应付上级检查而增加基层负担。,建议调取工单处理记录、工作人员工作日志、群众满意度调查记录等材料，以核实是否存在模板化回复、不进行二次回访等现象。,该条目反映基层在处理群众诉求时存在模板化回复、不进行二次回访等现象，疑似为了应付上级检查而增加基层负担。,qwen2.5vl:7b,full,HIGH,[],2026-08-09 17:09:13.067690
FJ26060120205,福建省12345平台不到三月三换号，就是用“处理完毕”遮丑,"福建省12345平台不到三月三换号，就是用“处理完毕”遮丑

2026年3月14日22:33，再次收到1068423541212345。
不到三个月频繁换号，我问题没解决，你们就不断换号挡枪。
你们向来只用“处理完毕”三个字遮丑，却偷偷干着删地点、改内容、合并推诿的勾当。
向上一级机关说“已受理、已抄告、已合并”，实质是逃避责任、制造假流水。
就是不敢直面我没解决的事，更不敢删了内容再承认。
反而在后台不停换号、做假数据、隔离我。这种只盖章、不办事的做法，本身就是失职。别再装死，出来正面给个说法",2026-06-01 22:12:37,,,"福建省12345中心
福建省12345中心",形式主义为基层减负,指尖形式主义,为了应付上级检查/考核/指标而增加一线无谓负担,0.9,"['12345平台', '频繁换号', '弄虚作假', '责任推诿']",该投诉反映福建省12345平台频繁换号，使用“处理完毕”等措辞遮丑，实质上是逃避责任、制造假流水，属于形式主义为基层增加负担的情况。,建议调取12345平台的后台数据，查看是否存在频繁换号、删除内容、合并推诿等行为；询问相关工作人员是否存在弄虚作假的情况。,投诉内容反映平台频繁换号、使用假数据等行为，属于形式主义为基层增加负担的情况。,qwen2.5vl:7b,full,HIGH,[],2026-08-09 16:48:01.795659
XM26060123293,上级部门违规摊派形式化直播任务，加重高中一线班主任非教学负担，违反教师减负政策,"本人为福建省高中高一班主任，现就上级部门强制摊派福建省青少年智慧禁毒教育云课堂直播任务一事投诉。
上级部门直接下达硬性要求，强制全体班主任全程进入直播间、签到打卡、评论互动，并以教师参与情况考核留痕。该任务属于典型形式主义，并非面向学生开展教育，而是把部门宣传任务转嫁给一线教师，占用教师备课、班级管理时间。
 
该行为严重违反《中共中央办公厅 国务院办公厅关于减轻中小学教师负担进一步营造教育教学良好环境的若干意见》及教育部教师减负相关文件，违规摊派非教学任务，加重一线教师负担，干扰正常教学秩序。
 
现提出诉求：
 
1. 立即停止强制班主任参与本次直播、打卡留痕的违规任务，取消相关考核；
2. 核查上级部门违规摊派形式化任务问题，杜绝此类加重教师负担的行为；
3. 规范专题教育活动，明确以学生为教育主体，保障教师安心从教。
 
恳请相关部门依规核查处理，维护一线教师合法权益。",2026-06-01 20:05:08,厦门市,湖里区,厦门市教育局,形式主义为基层减负,指尖形式主义,为了应付上级检查/考核/指标而增加一线无谓负担,0.9,"['指尖形式主义', '形式主义为基层增加负担']",该条目涉及上级部门强制摊派形式化直播任务，要求全体班主任全程进入直播间、签到打卡、评论互动，并以教师参与情况考核留痕。这种行为属于指尖形式主义，增加了教师的非教学负担，违反了教师减负政策。,建议调取上级部门关于直播任务的文件、教师的签到打卡记录、教师的考核留痕记录等材料，以核实是否存在形式主义行为。,投诉内容涉及上级部门强制摊派形式化直播任务，要求教师签到打卡、评论互动，并以教师参与情况考核留痕，属于指尖形式主义，增加了教师的非教学负担。,qwen2.5vl:7b,full,HIGH,[],2026-08-09 16:56:00.619112
XM26060123288,上级部门违规摊派形式化直播任务，加重高中一线班主任非教学负担，违反教师减负政策,"本人为福建省高中高一班主任，现就上级部门强制摊派福建省青少年智慧禁毒教育云课堂直播任务一事投诉。
上级部门直接下达硬性要求，强制全体班主任全程进入直播间、签到打卡、评论互动，并以教师参与情况考核留痕。该任务属于典型形式主义，并非面向学生开展教育，而是把部门宣传任务转嫁给一线教师，占用教师备课、班级管理时间。
 
该行为严重违反《中共中央办公厅 国务院办公厅关于减轻中小学教师负担进一步营造教育教学良好环境的若干意见》及教育部教师减负相关文件，违规摊派非教学任务，加重一线教师负担，干扰正常教学秩序。
 
现提出诉求：
 
1. 立即停止强制班主任参与本次直播、打卡留痕的违规任务，取消相关考核；
2. 核查上级部门违规摊派形式化任务问题，杜绝此类加重教师负担的行为；
3. 规范专题教育活动，明确以学生为教育主体，保障教师安心从教。
 
恳请相关部门依规核查处理，维护一线教师合法权益！",2026-06-01 20:03:34,厦门市,湖里区,"厦门市12345中心
厦门市12345中心",形式主义为基层减负,指尖形式主义,为了应付上级检查/考核/指标而增加一线无谓负担,0.9,"['教师减负', '直播任务', '打卡留痕', '非教学任务']",该条目描述了上级部门强制摊派形式化直播任务，要求班主任全程进入直播间打卡留痕，这明显是为了应付上级检查而增加了教师的非教学负担，违反了教师减负政策。,建议调取上级部门关于直播任务的文件、班主任的打卡记录、教师减负政策的相关文件，以及教师的反馈记录，以核实是否存在形式主义行为。,该条目明确指出直播任务是为了应付上级检查而增加教师负担，符合核心判断逻辑。,qwen2.5vl:7b,full,HIGH,[],2026-08-09 16:56:13.475083
ZZ26060120952,投诉：南靖县住建局行政不作为：多次 12345 投诉水务公司失职，均转企业自审自答、闭环敷衍、答非所问，监管形同虚设,"本人因南靖县水务公司长期不履行欠费提醒义务、导致漏水损失持续扩大，多次通过 12345 投诉。但南靖县住建局作为供水行业法定主管部门，全程不作为、不监管、不调查、不介入：
1、企业自审自答、闭环结案：水务公司既当 “当事人” 又当 “裁判员”，用模板化、答非所问的回复敷衍了事，住建局直接采信企业单方说法并强行关闭工单，完全无视事实与证据。
2、反复投诉、反复推诿：本人多次投诉、多次被同样方式闭环，住建局拒绝履行行业监管、纠纷调处、责任认定的法定职责，属于典型的行政不作为、监管缺位、敷衍塞责、包庇企业。
依据《城市供水条例》《12345 政务服务便民热线运行管理办法》（国办函〔2025〕66 号），主管部门不得将监管职责推给企业、不得采信涉事企业单方回复结案、不得反复推诿。南靖县住建局行为已严重违规，实质是放弃监管、纵容企业、转嫁责任、漠视民生。
现恳请平台提级督办，并依法督促相关方承担损失、整改问题。",2026-06-01 16:59:03,漳州市,南靖县,南靖县住房和城乡建设局,形式主义为基层减负,层层加码/一刀切,为了应付上级检查/考核/指标而增加一线无谓负担,0.9,"['层层加码', '一刀切']",该投诉主要涉及南靖县住建局在处理水务公司失职问题时的不作为，投诉内容显示住建局在处理问题时存在层层加码、一刀切的情况，即住建局作为主管部门，没有履行其监管职责，导致问题得不到有效解决。这反映了为了应付上级检查/考核/指标而增加一线无谓负担的问题。,建议调取住建局在处理水务公司失职问题时的相关文件、会议记录、工作日志等材料，以核实住建局是否在处理问题时存在层层加码、一刀切的情况。,投诉内容显示住建局在处理问题时存在层层加码、一刀切的情况，即住建局作为主管部门，没有履行其监管职责，导致问题得不到有效解决。这反映了为了应付上级检查/考核/指标而增加一线无谓负担的问题。,qwen2.5vl:7b,full,HIGH,[],2026-08-09 16:41:35.131412
XM26060122475,关于投诉华侨大学暑期违规强制学生参加暑期社会实践活动的诉求信,"该学院于2026年5月15日发布通知，强制要求全体大一、大二、大三学生必须在暑期参加科技创新与数字经济活动。通知中明确指出“不参加则不予通过实习学分、延迟毕业”，属于典型的违规强迫行为。

根据教育部《职业学校学生实习管理规定》或教育部关于规范高校寒暑假社会实践的通知，严禁以任何形式强迫、变相强迫学生参加此类活动，应当遵循“知情、自愿”原则。该学院的行为严重侵害了学生的自主选择权与合法休息权。

核心诉求：
立刻叫停强制申报： 鉴于该活动材料上报截止日期为2026年6月5日，恳请教育主管部门在截止日期前紧急介入，责令该学院立刻停止“全员强制申报”的违规行为，撤回“不参加不予通过学分、延迟毕业”等不合理限制。
恢复自愿原则，提供替代方案： 明确该项暑期实践/小学期活动的自愿参加原则。对于因考研、考公、寒暑假实习、家庭原因等无法参加的学生，学校不得强制其参加，且必须提供常规的、符合教学大纲的校内学分替代方案，不得以此卡扣学生毕业。
保护学生隐私，严禁打击报复： 恳请受理部门在转办该投诉时，对投诉人的个人信息严格保密。责令学校及学院辅导员不得在班级群内、私下约谈中施压，严禁对反映问题的同学进行辅导员约谈、综合素质测评分扣除或任何形式的打击报复。

相关证明附件如下，包含学校发布的文件和辅导员发布信息的聊天记录",2026-06-01 16:46:41,厦门市,集美区,华侨大学厦门校区管理委员会综合办公室,形式主义为基层减负,评比创建证明借调,为了应付上级检查/考核/指标而增加一线无谓负担,0.9,"['高等教育', '评比创建证明借调']",该条目反映的是高校在暑期期间强制学生参加科技创新与数字经济活动，且不参加则不予通过实习学分、延迟毕业。这属于典型的评比创建证明借调，为了应付上级检查而增加了学生的负担。,建议调取学校发布的文件、辅导员发布的信息聊天记录以及学生反映问题的证明附件。,该条目反映的是高校在暑期期间强制学生参加活动，且不参加则不予通过实习学分、延迟毕业，属于评比创建证明借调，为了应付上级检查而增加了学生的负担。,qwen2.5vl:7b,full,HIGH,[],2026-08-09 16:30:55.909690
XM26060121518,中国移动园区,中国移动、咪咕作为国企领头羊企业，不为员工考虑，在没有任何通知的情况下，将员工分成三六九等，不让支撑方员工进入园区停车，同时投诉将市政道路划入原区，私自设立围栏。滨水路段在原区内的路全部被设围栏。  在停车问题上遇到如车位不够的情况下，不是考虑如何去解决问题，比如增加车位（园区内明明有可以增加车位的地方），却一刀切的不让员工停车，采取这种一刀切的方法，充分体现国企的霸道，高高在上。,2026-06-01 13:00:11,厦门市,集美区,中国移动通信集团福建有限公司厦门分公司,形式主义为基层减负,层层加码/一刀切,为了应付上级检查/考核/指标而增加一线无谓负担,0.9,"['国企管理', '一刀切']",该投诉反映中国移动在管理上一刀切的做法，未通知员工的情况下将员工分成三六九等，不让支撑方员工进入园区停车，并私自设立围栏，这体现了为基层增加无谓负担的问题。,建议调取中国移动园区管理的相关文件、通知、员工反馈记录等材料，以及与相关管理人员的谈话记录，以核实是否存在一刀切的做法。,投诉内容反映中国移动在管理上一刀切的做法，未通知员工的情况下将员工分成三六九等，不让支撑方员工进入园区停车，并私自设立围栏，这体现了为基层增加无谓负担的问题。,qwen2.5vl:7b,full,HIGH,[],2026-08-09 16:07:50.677156
SM26060120233,投诉相关部门低保核查敷衍办结，要求明确上门及书面答复具体时限,"本人多笔低保诉求工单被单方面标注办结，承办部门始终未上门实地核查，仅系统备注文字敷衍结案。依据闽民救〔2021〕128号文件，对方违规将子女抚养补助计入本人收入、强行捆绑父母合并核算低保，至今未出具加盖公章的正式书面答复。现申请督办整改。

诉求

1. 限期安排工作人员上门实地复核低保申请，实地核验家庭收入，并明确告知上门具体年月日；

2. 遵照闽民救〔2021〕128号政策重新核算，剔除子女抚养费，禁止与父母收入捆绑合并计算；

3. 明确写明送达加盖公章书面答复的具体时限，纸质文书当面送达本人，电话、短信、口头答复一律不予承认，杜绝拖延敷衍。",2026-06-01 11:48:49,三明市,清流县,"清流县12345中心
清流县12345中心",形式主义为基层减负,台账留痕迎检,为了应付上级检查/考核/指标而增加一线无谓负担,0.9,"['台账留痕', '迎检']",该投诉反映低保核查过程中，承办部门仅通过系统备注文字敷衍结案，未进行实地核查，存在台账留痕但不重视实效的情况，属于形式主义为基层增加负担。,建议调取低保核查系统的相关记录，了解具体核查流程和结果；询问承办部门工作人员，了解实际核查情况。,投诉内容反映基层在低保核查过程中存在台账留痕但不重视实效的情况，属于形式主义为基层增加负担。,qwen2.5vl:7b,full,HIGH,[],2026-08-09 16:09:58.398206
FZ26060121406,关于投诉仓山区螺洲镇政府仍然还在背道而驰文件精神还在发放种植果树补贴的问题,诉求编号：（FZ26042722202）答复收悉。对答复不满意，部门根本都没有电话联系，完全是子虚乌有的回复，敷衍塞责12345。财政补贴流失，没有人去找回追责，螺洲镇副镇长、天福村包村干部王震玩忽职守，答复时欺上瞒下，包庇违法行为推卸责任，那些果农也还在，那些果树都还存在，却无人到现场查看，存在互相包庇行为，螺洲镇纪委对这么明显、事实清楚的违规违纪行为没有起到监督监察的作用，有失职失责不作为的责任，我怀疑有互相包庇的嫌疑，请求仓山区纪委监委介入调查，也请告知福州市委巡查组什么时候会来仓山区巡查。继续投诉，望处理。,2026-06-01 11:35:46,福州市,仓山区,"仓山区12345中心
仓山区12345中心",形式主义为基层减负,层层加码/一刀切,为了应付上级检查/考核/指标而增加一线无谓负担,0.9,"['层层加码', '考核指标']",投诉内容涉及镇政府在发放种植果树补贴时存在敷衍塞责、无人追责等现象，反映了基层在应对上级检查时可能存在的层层加码、过度管控问题。,建议调取镇政府关于补贴发放的文件、会议记录、相关考核指标等材料，以及与包村干部、镇纪委等人员的谈话记录，以核实是否存在层层加码、过度管控的情况。,投诉内容反映了基层在应对上级检查时存在层层加码、过度管控的问题，符合核心判断逻辑。,qwen2.5vl:7b,full,HIGH,[],2026-08-09 16:39:23.507756
XM26060121024,投诉大嶝街道,"第一，生态环境局已经证实，隔音改造的验收标准要严格根据《民用建筑隔声设计规范》要求。
第二，生态环境局已经明确要求，噪声治理要求的隔音改造等措施必须严格落实，对于无法达标的要按照环评及其批复要求进一步采取搬迁措施，且机场建设项目的竣工环境保护验收，应根据《建设项目竣工环境保护验收暂行办法》规定的程序，参照《建设项目竣工环境保护验收技术规范生态影响类》相关要求及项目环评报告中环保设施验收主要内容执行。
第三，村干部和街道个别领导多次宣导，隔音门窗补贴是白送村民的，可以不用做任何措施等违法言论应该公开澄清，以正视听！村干部也有过表态，这是街道领导授意宣导的。
请相关部门调查处理，要严肃处理！街道也要严肃点，每次不管问什么问题，都是复制粘贴些一模一样的，显得水平很差。还是戏弄百姓？",2026-06-01 11:17:43,厦门市,翔安区,厦门市翔安区人民政府大嶝街道办事处,形式主义为基层减负,层层加码/一刀切,为了应付上级检查/考核/指标而增加一线无谓负担,0.9,"['层层加码', '一刀切']",该投诉内容涉及村干部和街道领导在隔音门窗补贴问题上的宣传，存在复制粘贴、水平低等问题，可能反映了基层在应对上级检查时存在层层加码、一刀切的现象，增加了基层负担。,建议调取街道领导的宣传材料、会议记录、相关文件等，以核实是否存在复制粘贴、水平低等问题。,投诉内容涉及基层在应对上级检查时存在层层加码、一刀切的现象，增加了基层负担。,qwen2.5vl:7b,full,HIGH,[],2026-08-09 16:36:54.653097
FJ26060120012,举报福州市鼓楼区政府刘用全负责人信访数据造假、督办空转、堵截网上信访、失职渎职,"实名投诉：鼓楼区委书记刘用全纵容造假堵截信访通道
鼓楼区信访配合造假堵截，督办空转。恳请中纪委严查刘用全失管纵容造假，彻查堵截黑幕并严肃问责。

国信平台异常波及鼓楼区，暴露属地监管失控。
4月24日18:00至25日8:00公告维护。25日22:07我点开平台，仍显示24日旧公告，通道锁死。
26日8点后投递，至17:03仍显24日公告，服务未开。
更奇葩的是，维护未到18:00平台提前发布维护公告，公然造假。

4月25日晚至26日17:03，公告不撤、通道锁死、提前造假，行为恶劣、固定异常。
到今天26日17:03打开依然是周五公告，天大笑话，腐败公开叫板吗？

非技术故障，实为后台手动操作、内鬼上阵，蓄意阻断群众信访权利。
鼓楼区作为属地，刘用全身为第一责任人，对此恶性造假、通道堵截视而不见，监管严重失责，基层信访沦为摆设，损害政府公信力。

依据《信访工作条例》，严禁人为设障弄虚作假。刘用全履职不力，放任下属造假堵路，构成严重不作为、乱作为。

恳请介入，封存鼓楼区相关后台数据，彻查幕后黑手，追究刘用全监管失责、纵容腐败的领导责任！",2026-06-01 08:19:22,福州市,鼓楼区,"鼓楼区12345中心
鼓楼区12345中心",形式主义为基层减负,评比创建证明借调,为了应付上级检查/考核/指标而增加一线无谓负担,0.9,"['信访数据造假', '督办空转', '信访通道堵截', '失职渎职']",该条目主要反映的是鼓楼区信访数据造假、督办空转、信访通道堵截等问题，涉及为了应付上级检查/考核/指标而增加一线无谓负担的情况。投诉内容指出鼓楼区在信访工作中存在人为设障、弄虚作假、通道堵截等问题，严重影响了群众信访权利。,建议调取鼓楼区信访工作的相关文件、会议记录、信访数据记录等材料，以及与信访工作人员的谈话记录，以核实是否存在人为设障、弄虚作假、通道堵截等问题。,投诉内容指出鼓楼区在信访工作中存在人为设障、弄虚作假、通道堵截等问题，严重影响了群众信访权利，属于为了应付上级检查/考核/指标而增加一线无谓负担的情况。,qwen2.5vl:7b,full,HIGH,[],2026-08-09 16:53:28.659739
FZ26080723362,关于对宁化街道办事处违规主导“恒大天璟”一二期合并成立业委会的投诉函,"本人系福州市台江区恒大天璟一期（一区）业主。现就宁化街道办事处、长汀社区居民委员会在主导我小区与二区合并成立业主大会筹备组过程中，存在的严重程序违法及侵犯业主权益事宜，向贵局提出正式投诉。

一、事实经过
本人于今日经其他业主转发，得知宁化街道办事处及长汀社区于2026年8月7日发布的《恒大天璟（苏宁广场）综合体业主大会筹备组成员名单公示》。据悉，此次公示系基于将一期与二期合并成立一个业主委员会的决定。但该决定作出前，一期全体业主并未收到任何形式的书面通知或意见征询，一期业主在筹备组成员中亦无任何代表。

二、投诉事项与法律依据
投诉事项一：街道办事处及社区在未征得一期业主大会同意的情况下，擅自决定合并两个独立的物业管理区域，程序严重违法。
法律依据：
《福建省物业管理条例》第七条规定，物业管理区域的划分应当考虑物业的共用设施设备、建筑物规模等因素，并明确指出，“不同物业服务区域，经各自的业主大会依法作出决定后可以合并为一个物业服务区域”。
《福州市物业管理若干规定》第十条亦明确规定，“已实施物业管理的不同物业管理区域经各自的业主大会同意后可以合并为一个物业管理区域”。
依据上述法规，两区合并的决定权属于各自区域内的全体业主，必须经由各自合法召开的业主大会进行表决。街道办事处作为行政指导部门，其权限在于指导和监督，绝无代替业主作出合并决定的权力。其未经一期业主大会表决即启动合并程序，系行政越权与程序违法的典型表现。

投诉事项二：筹备组成员全部由二期业主组成，一期业主代表完全缺位，严重违反公平公正原则，损害一期业主的合法权利。
法律依据：
住建部《业主大会和业主委员会指导规则》及《福建省物业管理条例》均规定，筹备组应当由业主代表、建设单位、街道办事处、社区居委会代表组成，且业主代表的产生应遵循公平、公开、公正的原则，确保能够代表全体业主的意愿。
在涉及两个独立区域合并的重大事项中，任何一方业主在筹备组中的完全缺位，都将导致该区域业主在《管理规约》《业主大会议事规则》等核心文件的制定、业委会候选人资格条件的设定等关键环节丧失话语权。这不仅在程序上显失公平，更将直接导致未来成立的业委会在代表性和合法性上存在根本性缺陷，为日后物业管理埋下纠纷隐患。

三、核心诉求
为纠正违法行为，维护法律尊严与一期全体业主的合法权益，本人郑重提出如下诉求：
1. 宁化街道办事处及长汀社区立即暂停此次以一二期合并为前提的业主大会筹备工作。
2. 依法履行法定程序：必须就“是否同意与二期合并为一个物业管理区域”这一事项，依法组织一期全体业主召开业主大会进行表决。
3. 请求认定现有筹备组成员名单无效，并责令其在一期业主大会依法作出同意合并的决定后，重新组建包含一期业主代表在内的、构成公平的筹备组。
4.请尽快督办！感谢！",2026-08-07 20:43:59,福州市,台江区,,形式主义为基层减负,层层加码/一刀切,为了应付上级检查/考核/指标而增加一线无谓负担,0.8,"['层层加码', '一刀切']",该条目涉及街道办事处在未征得业主大会同意的情况下擅自决定合并两个独立的物业管理区域，违反了相关法规，属于层层加码/一刀切的形式主义问题。核心根因是为应付上级检查/考核/指标而增加一线无谓负担。,建议调取街道办事处和社区居委会的会议记录、业主大会的会议通知、业主大会的表决记录等材料，以核实是否存在未征得业主大会同意即启动合并程序的情况。,举报内容主要集中在街道办事处在未征得业主大会同意的情况下擅自决定合并两个独立的物业管理区域，违反了相关法规，属于层层加码/一刀切的形式主义问题。,qwen2.5vl:7b,full,HIGH,[],2026-08-09 12:31:37.657795
FZ26080623495,对福建水投福清水务地下暗漏产生高额水费处理方案的异议，申请水费减免,"本人对福建水投集团福清水务的高额水费处理方案提出正式异议。
本人住址：【福清市龙江街道松潭村大埕北125号】。电话号码：15880181223
家中存在一宅双表，两块水表仅标注姓名，无对应户号刻印公示，造成账户长期混淆，本人无法正常查询账单、对账。水务智能远传系统监测到我户用水量长期异常暴涨，仅发送模板短信，电话一次未接通就终止预警，从未上门核查、回访提醒，未尽供水企业异常排查与风险告知义务，导致地下管线漏水持续数月，欠费不断累积。

2026年4月26日本人发现水表空转，主动向水务报修；工作人员更换止回阀之后依旧空转，才告知是地下预埋管线发生暗漏。该漏点属于地下隐蔽管线，普通居民没有专业设备，无法自行排查。我方发现异常第一时间报修，查出欠费后立刻开挖抢修止损，已履行用户全部应尽义务。

本次纠纷根源：水务水表台账管理混乱、水表缺少户号公示、用水异常预警机制缺位。

正式诉求：恳请福清市住建局（供水行业主管部门）介入督办，依法对地下预埋暗漏产生的超额高额水费予以合理减免调整；同时督促企业规范水表户号标注，完善用水异常预警回访机制。",2026-08-06 23:52:45,福州市,福清市,福建水投集团福清水务有限公司,形式主义为基层减负,台账/留痕/数据造假,为了应付上级检查/考核/指标而增加一线无谓负担,0.8,"['台账管理混乱', '用水异常预警机制缺位']",该条目反映水务公司存在台账管理混乱、水表缺少户号公示、用水异常预警机制缺位等问题，这些现象可能为了应付上级检查而增加了基层一线的负担。,建议调取水务公司的台账记录、用水异常预警系统的数据记录，以及与水务公司工作人员的谈话记录，以核实是否存在台账管理混乱和预警机制缺位的问题。,该条目反映的问题与基层减负相关，主要涉及台账管理混乱和用水异常预警机制缺位，这些现象可能为了应付上级检查而增加了基层一线的负担。,qwen2.5vl:7b,full,HIGH,[],2026-08-09 11:36:38.090306
FZ26080621307,江南水都悦湖小区物业,"诉求对象：江南水都悦湖小区物业服务企业
反映问题：小区物业设备处置野蛮、存在安全隐患；电梯故障推诿甩锅，运维管理缺位，对待业主诉求消极拖延，具体情况如下：
1.	人行通道标识立柱（门禁设备底座）野蛮施工改造，存在人身安全隐患，破坏小区环境美观
小区内人行、非机动车指示标识立柱原先设备底座松动、出现摇晃问题。物业维修人员未采用规范维修方案，直接就地浇灌水泥做成棱角分明外露的长方体水泥基座，还外加白色泡沫箱来定型。
该基座凸出于人行步道地面，棱角尖锐，老人、小孩通行极易绊倒磕碰受伤，存在较大人身安全风险；同时水泥基座外观粗糙，严重破坏商品房小区公共区域整体环境美观。要求物业拆除该违规水泥基座，按照设备原有工艺规范整改修复，消除地面绊倒安全隐患，恢复公共区域原貌。
2.	电梯故障问题推诿甩锅，不履行设备排查运维主体责任
今年 7 月份，多名业主反馈 2 号楼客梯、货梯频繁出现同时上行至同一楼层的异常故障。近期经常出现电梯门关不上，物业非但不排查电梯设备本身问题，反而主观归咎于业主乱按电梯按键，将设备故障责任推给业主。后续由业主自行联系电梯厂家上门核实，厂家确认电梯确实存在设备层面故障，厂家总部远程调试处理之后电梯才逐步恢复正常。物业作为小区电梯日常管理责任方，没有履行故障排查、对接维保单位处置的工作职责，出现问题推卸责任。本小区其它楼栋的业主都不时在群里反馈电梯其它故障。
3.	物业整体运维管理能力不足，对待业主诉求消极应付，遇事能推则推、能拖则拖
针对小区公共设施、设备出现的各类问题，物业专业能力不足，处置方式简单粗暴；面对业主反馈的各类问题不主动核实处理，习惯推诿拖延，没有履行商品房物业服务应尽的管理义务。
诉求：
①请主管部门督促物业立即整改标识立柱水泥基座安全隐患，规范施工恢复原状；
②对 2 号楼电梯故障处置失职问题进行核查，要求物业落实电梯日常巡检维保责任，建立故障响应处置机制；
③督促物业转变工作作风，正视业主合理诉求，对小区公共设施规范化管理，提升物业服务水平，并将处理结果反馈本人。

12345 都是直接下派江南水都社区，社区只有调解协调权，没有执法处罚权，只能沟通劝说物业，后边就是“不了了之”。
请求区级职能部门主办，请区住建局物业科、区安委办直接核查执法，不要转派社区做一般性协调，晋江鞋厂火灾事件，正值全省安全生产大排查整治阶段，请求专项督查督促落实安全排查。",2026-08-06 11:59:37,福州市,仓山区,福州市仓山区人民政府上渡街道办事处,形式主义为基层减负,台账/留痕/数据造假,为了应付上级检查/考核/指标而增加一线无谓负担,0.8,"['台账留痕', '数据造假']",该条目反映的是小区物业在处理电梯故障和标识立柱问题时，存在推诿和拖延现象，可能是因为为了应付上级检查而增加了基层的负担。物业没有履行设备排查运维主体责任，导致问题得不到及时解决，增加了业主的不满。,建议调取物业日常管理记录、业主反馈记录、电梯故障维修记录等，以核实物业是否在处理问题时存在推诿和拖延现象。,该条目反映了物业在处理问题时存在推诿和拖延现象，可能是因为为了应付上级检查而增加了基层的负担。,qwen2.5vl:7b,full,HIGH,[],2026-08-09 11:39:43.977574
QZ26080620394,投诉：南安市洪濑镇政府处理围墙存在事实认定错误、敷衍处置M,诉求者来电反映原工单QZ26060324085，部门已答复，现存在问题未解决：1、部门未给予实际性的办理结果，形式上敷衍；2、至今部门未有效理解诉求者的诉求，至今未给予处理结果，3.一次办好、两次办结、三次督办，多次反映至今未启动督办流程，故来电投诉，要求泉州12345尽快答复。一直以第一次的答复结果作为回复、答非所问、投诉流于形式，诉求者表示是邻居先侵占土地，部门未核实土地地界权属、混淆合法自建。诉求者怀疑邻居有给相关人员送礼，为何没有公平公正处理，未核实土地的界限权属问题，未听取诉求者方陈诉，存在单方面执法，违规执法问题。现要求恢复围墙、提级督办。望部门核实处理。,2026-08-06 10:24:32,泉州市,南安市,"南安市12345中心
南安市12345中心",形式主义为基层减负,台账留痕迎检,为了应付上级检查/考核/指标而增加一线无谓负担,0.8,"['土地纠纷', '敷衍处理', '多次反映']",该条目反映的是诉求者多次反映土地纠纷问题，但相关部门未给予实际性的办理结果，存在形式上敷衍的情况。这可能是因为为了应付上级检查/考核/指标而增加了基层的无谓负担。,建议调取相关部门的执法记录、现场照片、相关法律法规文件等，以核实土地纠纷的具体情况和处理过程。,该条目反映的是诉求者多次反映土地纠纷问题，但相关部门未给予实际性的办理结果，存在形式上敷衍的情况，符合为了应付上级检查/考核/指标而增加一线无谓负担的判断标准。,qwen2.5vl:7b,full,HIGH,[],2026-08-09 11:44:30.679938
FJ26080620065,关于孤独症初筛任务数虚高、强行赶进度的反映,"内容：
近日收到关于孤独症儿童初筛工作的通知，要求以2025年妇幼健康年报7岁以下儿童数作为2026年“0-6岁儿童预估数”依据，并要求各乡镇于9月份完成初筛任务数100%。现结合基层实际，反映以下问题：

一、任务基数与实际应筛人群严重不符
通知要求采用2025年妇幼年报7岁以下儿童数，而孤独症初筛对象为2020年1月1日及以后出生的儿童。将2019年出生儿童要去除，近年来出生人口呈下降趋势，去除2019年出生人数后，实际可筛儿童明显少于往年。以2025年年报数直接作为2026年初筛任务基数，导致任务数虚高，脱离实际人数，市单位是否在暗示基层工作者要作假？是否与“应筛尽筛”的真实范围脱节？市单位能否走出办公室，看看实际情况？市单位的依旧是什么？

二、强制9月完成100%任务与儿童年龄不符
通知要求9月底前完成全部初筛。但10月、11月、12月出生的儿童，目前尚未满本次体检周岁年龄。若为完成报表而提前纳入并完成初筛，既不符合年龄要求，也容易造成数据失真。市单位是否存在只赶进度，暗示提前操作，最终报表“完美”，实际工作却偏离规范的情况？

三、工作导向问题
当前安排更像是优先保证报表数据“完整、漂亮”，而非立足实际便民、科学推进。任务基数脱离真实应筛人群，完成时限又要求对未满年龄儿童提前操作，基层只能在“完成任务”和“规范执行”之间两难。这种做法增加基层压力，也影响数据真实性和后续追访质量。

建议：
1.重新核实并调整任务基数，按2020年1月1日及以后出生、且达到应筛年龄的实际儿童数下达任务；
2.完成时限与儿童实际达到筛查年龄相匹配，避免为报表而提前操作；
3.给予合理工作节奏，确保质量而非单纯追求完成率。",2026-08-06 09:38:21,泉州市,,泉州市卫生健康委员会,形式主义为基层减负,台账留痕迎检,为了应付上级检查/考核/指标而增加一线无谓负担,0.8,"['孤独症初筛任务数虚高', '强制赶进度', '工作导向问题']",该条目反映的是孤独症初筛任务数虚高、强制赶进度的问题，核心在于为了应付上级检查/考核/指标而增加一线无谓负担。基层工作者需要在短时间内完成大量初筛任务，导致工作压力增大，且任务基数与实际应筛人群不符，影响数据真实性和后续追访质量。,建议调取任务分配文件、基层工作者访谈记录、初筛工作记录等材料，以核实任务数虚高和强制赶进度的情况。,该条目反映的是为了应付上级检查/考核/指标而增加一线无谓负担的问题，核心在于任务数虚高和强制赶进度。,qwen2.5vl:7b,full,HIGH,[],2026-08-09 11:46:32.680162
XM26080620069,关于中交国贸鹭原小区业委会选聘第三方宣传和组织不到位，屏蔽部分楼栋业主的投诉,我先前投诉过中交国贸鹭原小区业委会选聘第三方服务机构程序、方案，费用24000元由新签订物业公司支付等多项违规操作行为后，就在8月5日晚上，业委会召开公开选聘第三方服务机构会议，仅在交房前的临时业主大群通知，没有在各栋正式业主大群通知，导致包括我和很多业主不知道此会议。我到这个时间8月6日凌晨两点了，还是睡不着，业委会搞形式主义，拉帮结派，把一部分业主置身事外，影响邻里关系，违抗了国家提倡的建设和谐社会的宗旨，此会议相当重要，应该全面公开，通知到每栋楼，每个业主，让每个业主能身为主人翁精神，投入到小区的每一件事情，每一个环节。业委会多次做为很令人寒心，望能改之。我特以此事投诉，望政府部门重视，感谢党和政府的支持！,2026-08-06 02:06:27,厦门市,集美区,厦门市集美区人民政府杏林街道办事处,形式主义为基层减负,评比创建证明借调,为了应付上级检查/考核/指标而增加一线无谓负担,0.8,"['小区自治', '投诉', '形式主义']",该条目反映小区业委会召开公开选聘第三方服务机构会议时，仅在交房前的临时业主大群通知，未通知到所有业主，导致部分业主不知情。这反映了为了应付上级检查而增加基层负担的现象。,建议调取业委会会议记录、业主大群通知记录、业主反馈记录等材料，以核实是否存在形式主义行为。,该条目反映了为了应付上级检查而增加基层负担的现象，属于评比创建证明借调类型。,qwen2.5vl:7b,full,HIGH,[],2026-08-09 11:35:14.406555
FJ26080520164,多户民众向12345投诉肖玉树违规占地确无人跟进处理，明明违规占地相关政府人员不处理，涵江12345工作人员不明确事实真相，次次退回诉求以同样话术回复,请涵江12345继续传达相关问题，你不传达下去，相关部门如何解决，而不是推脱给纪检单位。 1、肖玉树户2023年5月违规搭建围墙投诉至今无人处理，该围墙位署及周边，以前为我户及其他村民旧厕所位置。去年向村委寻求帮助时，村里解释九几年“厕改”时上述位置已收归国有，并明确说明肖玉树户未有报批手续，即肖玉树搭建围墙行为违法，请相关部门依法拆除，相关部门也明确回复说，涉及利益帮忙解决，结果上一条这么说，下一条回复又是推卸责任，请相关部门履行职责。 2、投诉跟进此项工作的政府相关人员，该投诉未办结，已被无故关闭540次投诉通道，未完成的诉求就按完成结案。 3、多户乡民向12345投诉肖玉树违规占地，你们确至今都是不处理。,2026-08-05 16:59:54,莆田市,涵江区,"涵江区12345中心
涵江区12345中心",形式主义为基层减负,层层加码/一刀切,为了应付上级检查/考核/指标而增加一线无谓负担,0.8,"['层层加码', '一刀切']",该条目反映的是违规占地问题，诉求内容涉及政府工作人员未及时处理违规占地问题，且多次被无故关闭投诉通道。这可能是因为基层工作人员在应付上级检查/考核/指标时增加了无谓负担，导致问题未能及时解决。,建议调取政府工作人员的考核记录、上级检查/考核/指标的相关文件、投诉处理记录等材料，以核实是否存在为了应付上级检查/考核/指标而增加一线无谓负担的情况。,诉求内容涉及政府工作人员未及时处理违规占地问题，且多次被无故关闭投诉通道，可能是因为基层工作人员在应付上级检查/考核/指标时增加了无谓负担。,qwen2.5vl:7b,full,HIGH,[],2026-08-09 11:23:03.869361
PI26080520053,福建龙居物业未经业主表决擅自升级人脸门禁违规采集生物信息,"本人为和悦·财富天下7号楼业主，福建龙居物业有限公司于2026年8月5日在业主群发布通知，计划8月7日-8月9日上门为全体业主录入人脸、升级人脸识别智能门禁。
依据《民法典》第278条规定，小区楼栋及大门门禁属于全体业主共有附属设施，改造升级、新增人脸识别生物信息采集属于业主共同决定事项，物业至今未公示完整改造方案、人脸数据安全保管细则、运维权责划分，未依法组织业主投票表决，单方推进改造流程不合规。
同时人脸属于敏感个人生物信息，物业联合外包单位拟上门采集存储，违反《个人信息保护法》相关规定，存在重大隐私泄露风险。
    该物业常年不作为，无视广大业主的核心需求，不加强基础建设，只顾粉饰门面来糊弄上级要求，搞得居民怨声载道，大多业主不善于维护自己权利，因此通过此渠道向贵部门反映，望尽快介入，谢谢！

本人诉求：
 
1. 责令物业立即暂停8月7日—9日上门人脸录入及门禁升级施工；
​
2. 督促物业完整公示改造方案、人脸数据存储保密及追责方案；
​
3. 严格按法定要求组织业主表决，达标后方可实施改造；
​
4. 严禁强制人脸识别通行，永久保留刷卡等非生物识别通行方式供业主自主选择。",2026-08-05 10:39:00,平潭综合实验区,海坛片区,海坛片区管理局,形式主义为基层减负,过度管控/盲目决策,为了应付上级要求，物业单方面推进改造流程，未依法组织业主投票表决，只顾粉饰门面来糊弄上级要求。,0.8,"['物业管理', '人脸识别', '业主表决']",该条目涉及物业未经业主表决擅自升级人脸门禁，且未依法组织业主投票表决，只顾粉饰门面来糊弄上级要求，属于过度管控/盲目决策。,建议调取物业的改造方案、人脸数据存储保密及追责方案，以及业主投票表决的相关记录。,该条目涉及物业未经业主表决擅自升级人脸门禁，且未依法组织业主投票表决，只顾粉饰门面来糊弄上级要求，属于过度管控/盲目决策。,qwen2.5vl:7b,full,HIGH,[],2026-08-09 11:14:07.235858
NP26080520011,徐市镇宸前村山林纠纷、林权证办证长期推诿，请求积案办结前暂缓村委换届,"本人是福建省南平市建阳区徐市镇宸前村村民陈胜男，电话15880094283。现反映两件长期未解决事项：
 
1. 本人磨山、洪山脚山林山杠上方翻过杠至东坑龙山林，林改时村干未经本组集体村民同意，私自划分给邻组，本人多次申请调取原始分山档案核对均被拒绝，本组集体村民要求返还本集体固有山林。
2. 我自行委托第三方完成林地测绘，申请办理个人林权证，邻组组长恶意拒签阻挠办证，林业站、村委明知可依法启动违约缺席指界程序却拒不执行；工作人员上山全程走过场，兜兜转转要邻组组长签字，事后又搁置，反复以邻组不签字、即将换届为由层层推诿、拖延处置，还颠倒事实指责我方，工作人员履职不作为。
 
目前基层干部打算借换届搁置积案，建阳区早有类似先例，信访事项未办结就换届，后续新旧人员互相甩锅、无人承接问题，群众维权永无结果。
现本人郑重提出三点诉求：
 
1. 责令村委、林业站调取全套原始分山台账档案，纠正当年私自划山违规行为，将违规划走山林归还我组；
2. 立刻启动缺席指界流程，无需邻组签字，限期为我办理个人林权证，杜绝敷衍推诿；
3. 在山林权属返还、个人林权证办证两件事项全部办结、出具书面答复前，暂缓本村村干部换届流程，杜绝借换届遗留矛盾、甩锅扯皮，确保本届责任人完整处理完毕群众诉求。
 
本人材料齐全、全程配合核查，所有问题均为基层不作为导致，恳请平台加急督办，协调市级、林业、乡镇部门介入处理，及时反馈办理进度。",2026-08-05 01:13:46,南平市,建阳区,"建阳区12345中心
建阳区12345中心",形式主义为基层减负,评比创建证明借调,为了应付上级检查/考核/指标而增加一线无谓负担,0.8,"['基层不作为', '村委换届', '林权证办证']",该条目反映的是村民在办理林权证过程中遇到的拖延和推诿问题，基层干部借村委换届之机拖延处理积案，导致群众维权困难。这反映了基层干部为了应付上级检查而增加了一线无谓负担。,建议调取村委换届的相关文件、林业站和村委的会议记录、村民的投诉记录等，以核实基层干部是否存在借换届之机拖延处理积案的情况。,该条目反映了基层干部借村委换届之机拖延处理积案，增加了基层无谓负担。,qwen2.5vl:7b,full,HIGH,[],2026-08-09 11:18:49.828928
ND26080520005,关于宁德郊野公园福道下方公共厕所卫生极差且缺失厕纸，恳请管理部门立即整改并落实常态化保洁的投诉,"宁德市12345政务服务便民热线：

您好！现就宁德市郊野公园福道（钱岩山郊野公园城市休闲步道）下方公共厕所卫生状况极差的问题，向贵平台提出投诉。该处厕所是市民在福道散步、锻炼时的重要公共服务设施，当前不仅环境卫生恶劣，连基本的便民厕纸都已缺失，管理严重缺位。恳请转批至宁德市城市管理局，立即整改并建立常态化保洁及耗材补充机制。

【问题基本情况】
时间：2026年8月4日夜间
地点：福建省宁德市蕉城区漳湾镇宁德郊野公园福道下方公共厕所（无障碍公共公厕附近，详见附件定位截图及现场实拍图）。

【现场卫生状况实况】
经市民实地走访，该厕所卫生状况极其恶劣，是市民在宁德生活五年来遇见过最差的一处公共厕所。具体问题如下：

1. 小便池卫生极差：便池周边及地面遍布黄色污渍，长年未做彻底清洁，气味刺鼻。
2. 蹲厕排泄物堆积：多个蹲厕内及厕位周边地面出现大量粪便、排泄物堆积，污秽不堪。
3. 地面严重污浊：厕所地面泥泞、脚印杂乱，几乎无处落脚，垃圾桶满溢未及时清倒。
4. 厕纸严重缺失：厕所内未能提供正常使用的免费厕纸，要么是纸盒里空空如也，要么就是已经彻底用尽、无人及时补充。作为一个面向公众开放的公园公厕，连最基本的如厕手纸都无法保障，给如厕群众带来极大不便。
5. 异味极其严重：整个厕所空间弥漫着刺鼻的异味，严重影响使用体验及周边环境。

【管理部门责任与现行要求】
根据宁德市城市管理局推行的“一厕一干部”公厕管理制度，宁德市中心城区环卫公厕已实行专人负责，确保公厕达到“四净三无两通一明”（即地面净、墙壁净、厕位净、周边净、无溢流、无蚊蝇、无臭味、通水、通电、灯明）的管理标准，并常态配备洗手液、厕纸等便民设施。

然而，该处福道公厕的现状与上述标准相距甚远：卫生死角多、排泄物未清理、厕纸严重缺失。这说明日常保洁巡查制度形同虚设，后勤耗材补充机制未落实，管理严重缺位。

【关于担当作为的论述与反思】
习总书记强调：“干部敢于担当作为，这既是政治品格，也是从政本分。不能只想当官不想干事，只想揽权不想担责，只想出彩不想出力。”“要坚持以人民为中心的发展思想，精细化服务群众。”

公共厕所虽然地方不大，却是折射一座城市精细化管理水平最直接的窗口。群众反映的“没有厕纸”、“满地污秽”等问题，看似是保洁员未尽职责，实质上是公园管理方在日常巡查、耗材采购、人员考核等环节中出现了“形式主义、官僚主义”的作风问题。如果连厕所里的纸，都要等到群众投诉才去补充，那就是“面对矛盾不敢迎难而上”的具体体现。

【具体诉求】
针对上述问题，市民提出以下明确诉求：

1. 立即开展彻底清洁：恳请公园管理方立即安排保洁人员对该处公厕进行全面冲洗、消毒，清除所有污渍和排泄物，恢复基本卫生条件。
2. 落实长效保洁与物资补充机制：严格落实“一厕一干部”制度，明确责任人。除日常清扫外，更要保证厕纸、洗手液等便民物资的每日巡检和及时补充，杜绝“无纸可用”的尴尬。
3. 提供整改闭环照片：请在完成全面清洁和补齐厕纸后，通过12345平台附件功能上传该处公厕“整改后地面干净、纸盒有纸”的实景照片，接受市民监督，确保问题整改闭环不反弹。

恳请城市管理部门能真正践行“守土有责、守土负责、守土尽责”的担当精神，把群众的“方便”问题放在心上，而不是留在纸面上。",2026-08-05 00:15:55,宁德市,蕉城区,宁德市城建集团有限公司,形式主义为基层减负,评比创建/证明/借调,为了应付上级检查/考核/指标而增加一线无谓负担,0.8,"['评比创建', '证明', '借调']",该条目投诉了公共厕所管理问题，涉及管理部门在日常巡查、耗材采购、人员考核等环节中存在形式主义作风问题。管理部门在日常工作中未能真正落实精细化管理，导致厕所卫生状况极差，反映了管理部门在管理过程中存在形式主义，增加了基层负担。,建议调取管理部门的日常巡查记录、耗材采购记录、人员考核记录等，以核实管理部门是否存在形式主义作风问题。,投诉内容涉及管理部门在日常工作中未能真正落实精细化管理，反映了管理部门在管理过程中存在形式主义，增加了基层负担。,qwen2.5vl:7b,full,HIGH,[],2026-08-09 11:19:08.922772
FZ26080423399,"此前多次投诉和美佳园6栋301户外置钢架外机隐患时，明确要求鼓楼区城管局、住建局到场核查，工单却仅转交社区调解，城管、住建全程未到场履职。
主管部门刻意回避处置，存在明显推诿踢皮球。","我要求城管和住建明确答复：为何刻意绕开城管、住建两大主管单位处理此事，其中是否存在偏袒、隐瞒问题？
本次禁止转派乡镇、社区，必须派城管局、住建局联合上门，调取楼栋竣工图纸出具官方书面认定，因此事已经多次敷衍处置，特申请上级督办追责。",2026-08-04 20:35:06,福州市,鼓楼区,,形式主义为基层减负,层层加码/一刀切,为了应付上级检查/考核/指标而增加一线无谓负担,0.8,"['层层加码', '推诿踢皮球']",该条目反映的是城管和住建部门在处理户外置钢架外机隐患时，存在推诿踢皮球现象，未按要求到场核查，导致问题长期得不到解决。这反映了为应付上级检查而增加基层负担的问题。,建议调取城管局和住建局的内部工作记录，了解是否存在推诿现象；询问社区工作人员和居民，了解问题处理过程和结果。,该条目反映了城管和住建部门在处理问题时推诿踢皮球，未按要求到场核查，增加了基层负担。,qwen2.5vl:7b,full,HIGH,[],2026-08-06 15:45:47.842689
NP26080420469,投诉：浦城县仙阳镇卫生和计划生育办公室开具证明问题,浦城县仙阳镇卫生和计划生育办公室办事推诿，我昨天和今天到该部门办理生育情况说明，我生育了两个孩子，第二孩子的户口上在了浙江，我需要享受浙江育儿补贴，浙江需要我在户籍地开具生育情况说明，我把户口本、出生证明和村委会开具的证明到该部门开具生育情况说明，可是工作人员不给开具，说我的第二个不是在本地出生的，户口也不在本地，他们不给开，只能给开一个，我就把他们开具第一个孩子的证明拿到卫生局盖章，卫生局有跟他们协调，说要把两个孩子的证明写上去，但是没有协商下来，我他们开具的证明材料传到浙江，浙江说有两个孩子就得开具两个孩子的证明，我今天再次找卫生和计划生育办公室开具，他们要求我手写办理生育情况说明承诺书并按手指印，并把我昨天给他们的证明材料拿我，让我重新找村支书和村里管理局签字，非常不合理，程序非常复杂，我已经跑了两趟都没有给办理好，现在又要我找村里签字和手写承诺书，请处理。,2026-08-04 16:34:31,南平市,浦城县,浦城县仙阳镇人民政府,形式主义为基层减负,评比创建/证明/借调,为了应付上级检查/考核/指标而增加一线无谓负担,0.8,"['基层办事', '证明材料', '程序繁杂']",该条目涉及基层办事过程中开具证明材料的问题，存在程序繁杂和不合理要求，可能为了应付上级检查而增加了基层负担。,建议调取该卫生和计划生育办公室的办事流程和相关文件，了解其开具证明的具体要求和程序，以及是否存在上级部门的考核或检查要求。,该条目描述了基层办事过程中开具证明材料的复杂程序和不合理要求，可能为了应付上级检查而增加了基层负担。,qwen2.5vl:7b,full,HIGH,[],2026-08-06 15:53:54.435251
ND26080420146,天安经典一区加装电梯请问住建局是否符合国补,我对贵单位答复的不敢苟同，请你们再认真、仔细阅读关于国补的文件。不要搞形式主义，个人主观主义，完全不按文件办理。,2026-08-04 09:42:59,宁德市,东侨经济技术开发区,"宁德市12345中心
宁德市12345中心",形式主义为基层减负,指尖形式主义,为了应付上级检查/考核/指标而增加一线无谓负担,0.8,"['形式主义', '国补办理', '文件解读']",该条目反映了市民对住建局在国补办理过程中存在形式主义现象的不满，认为住建局未按文件办理，存在主观主义。这表明为了应付上级检查/考核/指标而增加了基层的无谓负担。,建议调取住建局关于国补办理的文件、相关会议记录、工作人员的工作记录等，以核实是否存在形式主义现象。,投诉内容涉及住建局在国补办理过程中存在形式主义，即为了应付上级检查/考核/指标而增加了基层的无谓负担。,qwen2.5vl:7b,full,HIGH,[],2026-08-06 16:09:42.138918
XM26080323398,有关有人在农田上烧东西等问题,1、 2026年7月11日曾来电反映“有关有人在农田上烧东西等问题”（诉求编号：XM26071121421）。2、 2026年8月3日再次来电反映：2026年8月3日19:38，此处又在烧垃圾，烟味扰民。此处经常都在烧垃圾，同安城管每次拍照就走，形式主义；同安城管电话经常无法接通，接通了也经常不到现场。其曾要求同安城管对烧垃圾的人员进行处罚，城管表示需要证据，得调监控，其提供视频证据，城管却让其将视频交给社区，城管还让其联系119。其要投诉同安城管不作为。要求有关部门调查处理。,2026-08-03 19:58:31,厦门市,同安区,厦门市同安区城市管理和综合执法局,形式主义为基层减负,台账留痕迎检,为了应付上级检查/考核/指标而增加一线无谓负担,0.8,"['垃圾焚烧', '形式主义为基层增加负担']",该条目反映的是城管部门在处理农田焚烧垃圾问题时，存在形式主义现象，如拍照后就离开现场，要求提供证据但不主动调查，导致实际问题未能得到有效解决。这反映了为了应付上级检查而增加了一线工作人员的负担。,建议调取城管部门的执法记录、拍照记录、与城管工作人员的谈话记录，以及相关监控视频，以核实是否存在形式主义现象。,该条目反映了为了应付上级检查而增加了一线工作人员的负担，属于台账留痕迎检类型。,qwen2.5vl:7b,full,HIGH,[],2026-08-09 11:00:32.380159
FZ26080221734,投诉鼓楼区“智慧鼓楼”服务中心越权定性、拒不派单、违规退件，恳请提级效能督查,"工单编号：FZ26073022604
先前通过12345平台提交民生咨询诉求，鼓楼区“智慧鼓楼”服务中心（鼓楼区12345中心）仅承担工单接收、流转分派职能，无权限单方面判定诉求权属，“无权直接将工单定性为军队事项予以退件”！事项权属界定应当由行业主管职能部门核实认定。
鼓楼区12345中心未经核查，越权作出事项定性，拒不履行工单分派法定职责，与相关职能部门相互串通、推诿扯皮，擅自退件，属于乱作为、懒政怠政。
依据《福建省12345便民服务平台监督管理办法》《福建省机关效能建设工作条例》第三十六条相关规定，现提出诉求：
1. 恳请福州市12345市级平台提级督办，将本件移交福州市鼓楼区大数据管理局开展效能核查，查实鼓楼区12345中心越权处置工单、违规拒派问题；
2. 责令纠正违规处置行为，依规向法定责任单位正常派单办理原诉求；
3. 以书面形式反馈核查过程、整改措施及处置结果。",2026-08-02 18:41:18,福州市,鼓楼区,福州市鼓楼区住房和建设局,形式主义为基层减负,层层加码/一刀切,为了应付上级检查/考核/指标而增加一线无谓负担,0.8,"['智慧政务', '越权定性', '工单处理']",该条目反映的是鼓楼区12345中心越权定性、拒不派单、违规退件的问题，属于层层加码/一刀切的范畴。诉求者反映的是基层服务中心越权定性、推诿扯皮的问题，这可能与上级检查/考核/指标有关，增加了基层无谓负担。,建议调取鼓楼区12345中心的工单处理记录，了解其具体操作流程和相关决策依据；同时，可以找相关工作人员谈话，了解其具体工作情况和决策背景。,该条目反映的是基层服务中心越权定性、推诿扯皮的问题，这可能与上级检查/考核/指标有关，增加了基层无谓负担。,qwen2.5vl:7b,full,HIGH,[],2026-08-09 10:47:05.683895
FZ26080221254,向福建省效能以及福建省人民政府，投诉厦门市人社局、12345履职不作承办方答复避实就虚，不核查，借已答复、涉信访推诿，拒不履行督办职责。,"本人实名向福建省人民政府、福建省机关效能建设办公室提交效能投诉，依据《福建省机关效能建设工作条例》、闽政办〔2016〕179 号文件，反映厦门市人社局、厦门市 12345 政务服务中心双重履职不作为、长期敷衍群众，全套工单、答复截图证据齐全可随时提交：
1. 核心事实：两年以来我累计上千次反映厦门市人社局监管失职问题。海沧区教育局工作人员招考隐瞒病史，案件经厦门市人社局发回重审后，依据《事业单位工作人员申诉规定》第二十九条，教育局重审复聘后必须 30 日内向市人社局报送全套人事备案卷宗，人社局负有法定审核、监管、纠错职责，但该局全程不核查、不监管、放任基层违规聘用存在招聘违纪人员，明显行政不作为。
2. 厦门市人社局始终回避核心诉求，只会套话敷衍：每次平台答复完全避开 “30 日备案审查监管义务” 这一关键问题，反复拿体检标准偷换概念、避重就轻，对我提出的法律争议全部不予正面回应，通篇空话套话，按照省级文件规定，此类答复属于不合格办结件。
3. 厦门市 12345 拒不履行督办复核职责，统一模板推诿：我多次针对人社局答非所问的无效答复申请平台复核督办，但厦门 12345 从未启动黄橙红三级预警督办机制，每一次都机械复制一句 “厦门市人社局已依法依规予以答复” 直接办结工单，不审核答复内容是否合规、不要求人社部门逐条回应我的诉求、不向下推送督办整改通知，明知答复回避核心问题却不作为，严重违反全省热线办理硬性规定。
现恳请省政府、省机关效能办专项介入督查：
一、核查厦门市人社局未履行人事备案监管法定职责的不作为问题，调取全部人事卷宗，责令该局逐条书面回应所有法律争议；
二、核查厦门市 12345 拒不落实省级督办要求、以统一模板敷衍办结不合格工单的效能失职问题，依规对相关单位及责任人开展效能问责；
三、书面反馈本次投诉核查、整改、追责完整处置结果。",2026-08-02 15:43:54,厦门市,思明区,"厦门市12345中心
厦门市12345中心",形式主义为基层减负,评比创建证明借调,为了应付上级检查/考核/指标而增加一线无谓负担,0.8,"['人事招考', '效能投诉']",该条目涉及对厦门市人社局和12345政务服务中心的效能投诉，反映其在处理人事招考问题时敷衍了事，未履行法定职责，属于为了应付上级检查/考核/指标而增加一线无谓负担。,调取厦门市人社局和12345政务服务中心的工单、答复截图、人事卷宗等材料，找相关工作人员谈话，了解具体处理流程和原因。,该条目反映的是基层在处理人事招考问题时，由于上级检查/考核/指标的压力，导致基层工作人员敷衍了事，未履行法定职责。,qwen2.5vl:7b,full,HIGH,[],2026-08-09 10:37:46.016773
PT26062520260,诉求内容： 本人注意到：本事项在“办理部门为12345中心”的情况下，回复内容却完全来源于城厢公安分局，且未见12345平台对该回复进行任何独立审核或复核说明。  该处理方式实质上是将投诉事项直接交由,"诉求内容：
本人注意到：本事项在“办理部门为12345中心”的情况下，回复内容却完全来源于城厢公安分局，且未见12345平台对该回复进行任何独立审核或复核说明。

该处理方式实质上是将投诉事项直接交由被投诉单位自行认定并通过平台发布，导致“平台转办=原单位自我结论”的结果，已明显偏离12345平台应有的监督与协调职责。

同时，多次不同事项均出现内容高度一致的模板化回复，进一步说明平台未履行实质审查义务。

本人认为：  
该类处理方式已构成程序性不当，属于形式化履职，不能视为有效答复。

现要求：  
1. 明确说明12345平台在本事项中的审核过程；  
2. 提供是否进行独立复核的依据；  
3. 如未复核，请说明理由并移交上级督查机构处理。",2026-06-25 09:50:34,莆田市,城厢区,"城厢区12345中心
城厢区12345中心",形式主义为基层减负,台账/留痕/数据造假,为了应付上级检查/考核/指标而增加一线无谓负担,0.8,"['台账留痕', '数据造假']",该条目反映的是12345平台在处理投诉时存在模板化回复和未履行独立审核义务的情况，属于为了应付上级检查/考核/指标而增加一线无谓负担。,建议调取12345平台的后台数据，查看是否存在模板化回复的情况；同时，可以找12345平台的工作人员了解其审核流程和复核机制。,该条目反映的是12345平台在处理投诉时存在模板化回复和未履行独立审核义务的情况，属于为了应付上级检查/考核/指标而增加一线无谓负担。,qwen2.5vl:7b,full,HIGH,[],2026-08-10 00:30:24.148623
QZ26062421471,泉州市丰泽区基层派出所文职辅警值班是否需在办案区看管嫌疑人？,"关于基层派出所混岗使用文职辅警，安排文职从事勤务辅警专属看管嫌疑人工作，权责薪酬不对等，违反福建省辅警管理条例是否成立？
我单位该现象已出现三个月之久，会议协商未果告知是上级单位做出的要求，现办案区看管嫌疑人已成为常态化纳入日常值班和固定排班。",2026-06-24 18:58:04,泉州市,丰泽区,"泉州市12345中心
泉州市12345中心",形式主义为基层减负,会议文件泛滥/层层陪会,为了应付上级检查/考核/指标而增加一线无谓负担,0.8,"['辅警管理', '权责薪酬不对等', '基层派出所']",该条目反映的是基层派出所文职辅警被安排从事勤务辅警专属看管嫌疑人工作，且该现象已持续三个月，且会议协商未果，表明存在为了应付上级检查而增加一线无谓负担的情况。,建议调取会议记录、辅警管理规定、上级单位要求文件等材料，以核实是否存在为了应付上级检查而增加一线无谓负担的情况。,该条目反映的是基层派出所文职辅警被安排从事勤务辅警专属看管嫌疑人工作，且该现象已持续三个月，且会议协商未果，表明存在为了应付上级检查而增加一线无谓负担的情况。,qwen2.5vl:7b,full,HIGH,[],2026-08-10 00:05:40.468319
FZ26062323663,FZ26061123896避重就轻、虚假整改。只有现场照片无整改照片。,反馈第一张照片后，根本没有整改照片，往道路旁边拍了张。今天23日晚我拍的。这弄虚作假也太严重了吧！请马上整改。不要拖。根本没有路权了。无法无天。城管是否有存在利益关系，为什么迟迟不处理。,2026-06-23 21:01:54,福州市,仓山区,"仓山区12345中心
仓山区12345中心",形式主义为基层减负,台账留痕迎检,为了应付上级检查/考核/指标而增加一线无谓负担,0.8,"['虚假整改', '现场照片无整改照片']",该条目反映的是城管部门在整改过程中存在弄虚作假的情况，只有现场照片而无整改照片，这可能为了应付上级检查而增加了基层的无谓负担。,建议调取城管部门的整改记录、照片等材料，以及与相关工作人员的谈话记录，以核实是否存在弄虚作假的情况。,该条目反映的是为了应付上级检查而存在弄虚作假的情况，属于台账留痕迎检类型。,qwen2.5vl:7b,full,HIGH,[],2026-08-09 23:36:55.834028
FZ26062322307,关于茶园山小学2026年秋季一年级新生异地过渡办学的投诉书(双孩家庭),"投诉事由：坚决异议茶园山小学2026年9月一年级新生前往怡山小学异地过渡就读的不合理安排，该方案无视学区房购房权益、严重加重双孩家庭接送负担与生活压力，决策仓促且缺乏民意基础，恳请教育局介入核查、叫停并优化调整办学方案

尊敬的教育局领导：
您好！本人为茶园山小学在读学生家长，家中另有一名适龄儿童将于2026年9月正式入读小学一年级。为严格落实片区入学政策、保障孩子就近享受本校优质教育资源、便捷照料孩子求学起居，本人耗费巨大资金购置茶园山小学对应学区房产，初衷便是让两个孩子同校就读、就近入学，规避跨区求学的各类不便。
近日，本人通过茶园山小学在职老师通知获悉，学校2026年秋季所有一年级新生，将统一安排至怡山小学异地过渡就读，而往年老生继续留在茶园山本校就读。该突发办学调整，直接导致我家两个孩子被迫拆分至两所不同校区上学。作为倾尽财力购置学区房的双孩家庭，我们对此次一刀切的异地办学安排极度不理解、不认可、不接受，该决策严重损害片区家长合法权益、脱离群众实际生活，给家庭带来沉重负担，现正式向贵局实名投诉，恳请领导高度重视、介入核查、妥善处置。
而且近年来都是六年级学生过度去杨桥中学上学，怎么说都还能算是对对口中学的提前适应和习惯，此次让一年级幼童去完全不相干的小学就读，实在没法理解。小学低龄孩子自我保护能力薄弱，上下学必须由家长全程陪护。双校区异地就读，大幅拉长每日通勤路程与时长，早晚高峰车流、人流密集，交通拥堵频发，极大增加了孩子上下学的交通安全隐患。
再者，茶园山小学已经有教学楼在动工，至今也没看到进展。

此次新生异地过渡办学安排，完全背离学区房入学初衷，彻底打破家庭稳定生活节奏，给双孩家庭带来不可逆的生活、安全、教育多重困境。

恳请教育局立即介入核查茶园山小学2026年新生异地过渡办学方案的合理性与合规性，叫停本次不合理、不人性化的跨校区就读安排。",2026-06-23 15:42:09,福州市,鼓楼区,福州市鼓楼区教育局,形式主义为基层减负,层层加码/一刀切,为了应付上级检查/考核/指标而增加一线无谓负担,0.8,"['层层加码', '一刀切']",该投诉涉及基层教育机构在没有充分考虑家长和学生实际情况的情况下，一刀切地安排新生异地过渡就读，增加了家长的接送负担和生活压力。这种做法可能是在上级检查或考核压力下，基层教育机构为了完成任务而采取的过度管控措施。,建议调取教育局关于新生异地过渡就读的决策文件、会议记录、相关通知等，以及与基层教育机构负责人的谈话记录，以核实是否存在为了应付上级检查而增加基层负担的情况。,投诉内容涉及基层教育机构在没有充分考虑家长和学生实际情况的情况下，一刀切地安排新生异地过渡就读，增加了家长的接送负担和生活压力。这种做法可能是在上级检查或考核压力下，基层教育机构为了完成任务而采取的过度管控措施。,qwen2.5vl:7b,full,HIGH,[],2026-08-09 23:45:55.930181
FZ26062223712,上海新苑社区的小微权力监督群长期不理不睬居民在群里反映的各种问题，形同虚设。,上海新苑社区的小微权力监督群长期不理不睬居民在群里反映的各种问题，形同虚设。整天只会在群里发布一下公告和各种工作细节，这些都是正常履行的工作有必要吗？对居民提出的问题，物业不理睬，而社区值班人员也不管，甚至社区主任也是不理不睬。请问居民要求物业人员的群名标明有错吗，正常的小区这种居民群，社区人员和物业人员都有标明单位职务，而这个群根本不知道谁是物业管理人员，那这些人在群里有必要吗？包括社区工作人员，既然对居民诉求不理睬那在群里有意思吗？另外有居民反映隔壁的幼儿园靠6号楼一侧养很多的鸡鸭，六号楼边上通道都是臭味，社区也不理不睬。如果社区和物业不标识标识每天象征性的值班，剩下时间都是潜水，那这个群就是为了满足政务任务的形式主义吗？,2026-06-22 20:26:45,福州市,台江区,福州市台江区人民政府上海街道办事处,形式主义为基层减负,指尖形式主义,为了应付上级检查/考核/指标而增加一线无谓负担,0.8,"['指尖形式主义', '社区管理']",该条目反映的是社区管理群形同虚设，社区人员和物业人员在群里不履行职责，可能为了应付上级检查而增加基层负担。,建议调取社区管理群的聊天记录，了解社区人员和物业人员在群里的实际履职情况。,该条目反映的是社区管理群形同虚设，可能为了应付上级检查而增加基层负担。,qwen2.5vl:7b,full,HIGH,[],2026-08-09 23:07:11.541647
FJ26062220147,多户民众向12345投诉肖玉树违规占地确无人跟进处理，明明违规占地相关政府人员不处理，涵江12345工作人员不明确事实真相，次次退回诉求以同样话术回复,请涵江12345继续传达相关问题，你不传达下去，相关部门如何解决，而不是推脱给纪检单位。 1、肖玉树户2023年5月违规搭建围墙投诉至今无人处理，该围墙位署及周边，以前为我户及其他村民旧厕所位置。去年向村委寻求帮助时，村里解释九几年“厕改”时上述位置已收归国有，并明确说明肖玉树户未有报批手续，即肖玉树搭建围墙行为违法，请相关部门依法拆除，相关部门也明确回复说，涉及利益帮忙解决，结果上一条这么说，下一条回复又是推卸责任，请相关部门履行职责。 2、投诉跟进此项工作的政府相关人员，该投诉未办结，已被无故关闭510次投诉通道，未完成的诉求就按完成结案。 3、多户乡民向12345投诉肖玉树违规占地，你们确至今都是不处理。,2026-06-22 15:41:03,莆田市,涵江区,"涵江区12345中心
涵江区12345中心",形式主义为基层减负,层层加码/一刀切,为了应付上级检查/考核/指标而增加一线无谓负担,0.8,"['层层加码', '一刀切']",该投诉反映政府工作人员对违规占地问题的处理不力，存在层层推诿现象，属于层层加码/一刀切的表现。投诉中提到的多次投诉被无故关闭，说明存在为了应付上级检查而增加基层负担的情况。,建议调取相关政府工作人员的处理记录，了解是否存在层层推诿和无故关闭投诉通道的情况。,投诉内容涉及政府工作人员对违规占地问题的处理不力，存在层层推诿现象，属于层层加码/一刀切的表现。,qwen2.5vl:7b,full,HIGH,[],2026-08-09 23:21:31.766411
FJ26062220135,对省直工单（FJ26060120171）的结案结果强烈不认可，现正式申请省效能办提级督办。,"第一，被举报人刘启斌作为基层经办人，严重违反《信访工作条例》第三十一条，至今明确拒绝向我出具加盖教育局公章的书面处理意见书；
第二，基层单位在没有下发任何法定书面文书、且拒收我方核心证据的情况下，单方面在省平台点击‘办理完毕’，这是明目张胆的弄虚作假、欺上瞒下！ 我的督办诉求是： 拒绝程序空转，请不要将工单退回古田县教育局原班人马手中。强烈要求市级或省级效能督查部门介入，责令古田县教育局依法履职，必须向我出具正式的书面处理决定！”",2026-06-22 15:29:20,宁德市,古田县,"古田县12345中心
古田县12345中心",形式主义为基层减负,台账/留痕/数据造假,为了应付上级检查/考核/指标而增加一线无谓负担,0.8,"['弄虚作假', '台账留痕', '数据造假']",该条目反映的是基层单位在处理信访工单时存在弄虚作假、欺上瞒下的现象，属于为了应付上级检查而增加基层负担。基层单位在没有下发任何法定书面文书、且拒收核心证据的情况下，单方面在省平台点击‘办理完毕’，这表明存在台账留痕和数据造假的问题。,建议调取信访工单的处理记录、相关书面处理意见书、信访工单的系统记录以及相关工作人员的工作记录，以核实是否存在弄虚作假、台账留痕和数据造假的情况。,该条目反映的是基层单位在处理信访工单时存在弄虚作假、台账留痕和数据造假的问题，属于为了应付上级检查而增加基层负担。,qwen2.5vl:7b,full,HIGH,[],2026-08-09 23:22:03.049308
ND26062220405,投诉平台相关问题,陈先生来电反映，其此前通过宁德市12345平台提交诉求（编号：ND26061820538），并已在诉求中明确注明“请交由相关职能部门处理，勿直接批转至企业”。然而，该诉求仍被平台批转至涉事企业处理，未按反映人意愿进行流转。对此，其提出以下质疑：一、关于属地监管责任的缺位问题。该诉求所涉事项存在紧急安全隐患，属地及相关职能部门在日常巡查监管中为何未能及时发现并处置？二、关于工单流转的合规性问题。此类涉及安全隐患的诉求本应由职能部门直接处理，为何被批转至一家并未实质性开展工作的企业？此举是否存在回避行政监管责任的考量？工单流转方式是否符合规范？三、关于考核机制的问题。企业不纳入12345满意率考核，将诉求转至企业处理客观上降低了职能部门的问责压力，其质疑此举是否为部分单位推诿责任的便利途径。其认为平台未尊重反映人明确诉求意愿，企业自行处理既缺乏公信力，亦难以实质性解决问题。现就平台批转不当一事提出投诉，要求对上述问题给予合理答复并回电说明，同时将该诉求件重新批转至对应职能部门处理，烦请相关部门核实处理。（群众要求部门电话联系）,2026-06-22 15:17:53,宁德市,,"蕉城区12345中心
蕉城区12345中心",形式主义为基层减负,工单流转问题,为了应付上级检查/考核/指标而增加一线无谓负担,0.8,"['工单流转', '考核机制']",该条目反映的是12345平台工单流转不当的问题，诉求者质疑平台未尊重反映人意愿，企业自行处理缺乏公信力，且可能推诿责任。这反映了为了应付上级检查/考核/指标而增加一线无谓负担的问题。,建议调取12345平台的工单流转记录，了解工单流转的具体情况；询问相关职能部门和企业，了解工单流转的合规性和考核机制。,该条目反映了工单流转不当的问题，属于为了应付上级检查/考核/指标而增加一线无谓负担。,qwen2.5vl:7b,full,HIGH,[],2026-08-09 23:22:13.074600
FZ26062221892,投诉十八中学油印质量差，经办人员弄虚作假。,"本人于 2026 年 6 月 9 日通过 12345 平台反映学校油印字迹模糊、打印纸张灰度不达标，影响学生学习的问题。福州市教育局于 2026 年 6 月 18 日回复投诉单，文中明确写明 “经与诉求人电话沟通联系”，但本人在投诉单派发至办结，从未接到福州市教育局、涉事学校工作人员任何回访电话，不存在电话沟通的情况，该回复内容虚假，与实际情况严重不符。答复中 “电话沟通诉求人” 为完全虚构的工作流程，属于虚假办结材料。承办单位在未联系诉求人、未核实真实情况的前提下，直接编造沟通记录、笼统出具整改说辞，严重违背政务工作实事求是原则。连基础的回访沟通工作都弄虚作假，校方所谓专人巡查耗材、常态化管控印刷质量、后续更新设备等整改承诺缺乏可信度，有走过场、应付工单之嫌。
  本人诉求如下：
1、请福州市教育局调取本次工单全部回访记录、通话详情凭证，核实有无拨打本人电话，并向本人出示相关凭证；
2、要求福州市教育局针对“为何在未联系诉求人的情况下虚构沟通事实”行为作出合理解释与整改承诺。
3、鉴于承办单位存在明显的回复造假行为，我要求福州市12345中心对该投诉单的办理情况进行重新核实。
4、安排教育局相关工作人员及学生家长代表及本人重新到校实地核查该校油印耗材补给、设备检修、日常管理制度落实情况，提供复查现场情况说明；
5、请上级相关部门严查此类形式主义作风，督促相关部门如实反馈，维护学生与老师的合法权益。",2026-06-22 14:08:37,福州市,鼓楼区,福州市教育局,形式主义为基层减负,评比创建/证明/借调,为了应付上级检查/考核/指标而增加一线无谓负担,0.8,"['评比创建', '证明', '借调']",该条目反映的是教育局在处理投诉时存在虚假办结材料的情况，属于为了应付上级检查/考核/指标而增加一线无谓负担的形式主义问题。,建议调取本次工单全部回访记录、通话详情凭证，核实有无拨打本人电话，并向本人出示相关凭证。,该条目反映了教育局在处理投诉时存在虚假办结材料的情况，属于为了应付上级检查/考核/指标而增加一线无谓负担的形式主义问题。,qwen2.5vl:7b,full,HIGH,[],2026-08-09 23:23:30.731231
ND26062220263,投诉工作人员问题,应女士来电反映，6月4日，她到蕉城区蕉北街道崇文社区（地址：蕉城区蕉北街道新佳坡步行街Ea栋2层）办理独生子女父母年老补助金领取事宜，因负责收集材料的工作人员参加培训，无法受理。6月8日，她拨打该社区电话（号码：0593-2822354），工作人员表示电脑故障，无法收集资料，随后她前往社区提交相关材料，但收集材料的工作人员只能使用其他人员电脑为其办理。期间，因她无法提供其母亲的下岗证明，导致业务未能办结。6月22日上午10时56分，该社区一名女性工作人员（群众无法提供更具体信息）通过上述电话联系她，并以威胁的口气称“今天傍晚6点前需提供下岗证明，若无法提交，此前提交的材料将作废”。她对此提出疑问：该社区通知其须于今日傍晚6点前补交下岗证明，但此项补助金的材料正常受理时间为2027年，为何期限提前如此之多？社区应服务群众，若工作人员存在刁难行为，群众如何敢通过社区办理业务？此外，她发现该社区工作人员于上午9点才到岗。现针对上述情况对该名女性工作人员进行投诉，烦请相关部门核实处理。,2026-06-22 11:10:27,宁德市,蕉城区,宁德市蕉城区蕉北街道办事处,形式主义为基层减负,层层加码/一刀切,为了应付上级检查/考核/指标而增加一线无谓负担,0.8,"['投诉', '工作人员问题', '社区服务']",该条目反映了社区工作人员因培训或电脑故障导致业务办理不便的情况，且社区工作人员在业务办理过程中存在刁难行为，这可能与上级检查/考核/指标有关，增加了基层工作人员的负担。,建议调取社区工作人员的培训记录、电脑故障记录、以及社区工作人员的考勤记录，以核实是否存在为了应付上级检查/考核/指标而增加一线无谓负担的情况。,该条目反映了社区工作人员因培训或电脑故障导致业务办理不便的情况，且社区工作人员在业务办理过程中存在刁难行为，这可能与上级检查/考核/指标有关，增加了基层工作人员的负担。,qwen2.5vl:7b,full,HIGH,[],2026-08-09 23:25:54.768767
SM26062120152,要求入读实验幼儿园,"实验幼儿园拆迁分流违背公示与会议承诺，擅自摸球分流影响幼儿就学与身心健康
        本人是将乐县实验幼儿园幼儿家长，现紧急投诉，本学期即将结束，新学期马上开学，幼儿安置事宜时间紧迫，恳请加急处理。
      1. 2026年4月14日15:50园长召开家长会，当众承诺家长填报哪所分园，该园直接接收，无需抽签摸球。
      2. 2026年6月5日幼儿园公众号公示原文：根据福建省卫生健康委员会《关于印发〈福建省托育机构设置标准（试行）〉〈福建省托育机构管理规范实施办法（试行）〉的通知》（闽卫人口〔2020〕99号）及中共将乐县委常委会会议纪要([2025]25号)精神，结合将乐县卫生健康局指导意见，将优先统筹安排县实验幼儿园2025学年入托的幼儿到各分园就读小班。
       校方如今单方面推翻承诺，以学位超标为由强制摸球摇号，把校方规划失误转嫁给孩子。我家孩子未中签后在家大吵大闹、整日伤心，严重损害幼儿身心健康。
       现紧急诉求：
       1. 严格执行公众号公示优先安置政策，落实家长会填报即录取承诺；
       2. 立即取消摸球抽签，按填报志愿直接安排入园；
       3. 尽快给出安置结果，保障孩子新学期正常入学。",2026-06-21 12:06:13,三明市,将乐县,将乐县教育局,形式主义为基层减负,评比创建/证明/借调,为了应付上级检查/考核/指标而增加一线无谓负担,0.8,"['幼儿园入学', '家长会承诺', '摸球抽签', '幼儿身心健康']",该条目反映的是实验幼儿园在招生过程中违背承诺，以学位超标为由强制摸球摇号，影响幼儿身心健康。这可能与上级检查、考核等有关，增加了基层一线的无谓负担。,建议调取家长会的会议记录、幼儿园公众号公示文件、校方会议纪要等材料，以核实校方是否违背了承诺，并了解是否存在上级检查、考核等压力。,该条目反映的是校方违背承诺，以学位超标为由强制摸球摇号，影响幼儿身心健康，可能与上级检查、考核等有关，增加了基层一线的无谓负担。,qwen2.5vl:7b,full,HIGH,[],2026-08-09 22:58:28.679874
FZ26061920605,双丰新村5栋四单元背面三楼榕树无人修剪影响生活,双丰新村5栋四单元背面三楼榕树长期无人修剪影响生活，多次反馈，社区街道仅摆拍形式主义不解决问题，台风季即将开始，该榕树已经严重影响居民生活，请多理解人民实际情况协助解决，尽量减少摆拍来敷衍群众。,2026-06-19 10:30:52,福州市,台江区,福州市台江区人民政府洋中街道办事处,形式主义为基层减负,评比创建/证明/借调,为了应付上级检查/考核/指标而增加一线无谓负担,0.8,"['评比创建', '证明', '借调']",该条目反映的是社区街道在处理居民反映的问题时，仅摆拍形式主义而不解决问题，这可能与上级检查或考核有关，增加了基层负担。,建议调取社区街道处理居民反映问题的相关记录，了解是否存在形式主义行为。,该条目反映的是社区街道在处理居民反映的问题时，仅摆拍形式主义而不解决问题，这可能与上级检查或考核有关，增加了基层负担。,qwen2.5vl:7b,full,HIGH,[],2026-08-09 22:37:03.599474
FZ26061920206,投诉仓山区盖山镇政府,仓山区南社一路十字路口烧烤摊扰民问题一直得不到有效解决，盖山镇政府不作为，城管拍照打卡一走了之，懒政，形式主义体现淋漓尽致！坚决投诉到底！,2026-06-19 08:05:23,福州市,仓山区,"仓山区12345中心
仓山区12345中心",形式主义为基层减负,台账留痕迎检,为了应付上级检查/考核/指标而增加一线无谓负担,0.8,"['投诉', '不作为', '形式主义', '拍照打卡']",该投诉反映盖山镇政府在处理烧烤摊扰民问题时，城管拍照打卡一走了之，未进行有效的执法处置，体现了形式主义为基层增加负担的情况。,建议调取城管部门的执法记录、拍照打卡记录等材料，了解具体处理过程。,投诉内容反映城管拍照打卡一走了之，未进行有效的执法处置，体现了形式主义为基层增加负担的情况。,qwen2.5vl:7b,full,HIGH,[],2026-08-09 22:42:04.926559
FZ26061821061,福州市教育研究院那么多培训到底效果如何？,"对教师培训很必要，但该院每年搞的各种类型的培训名目很多，有的比较形式主义，比如“教育专家”培养项目，在中高考期间，该项目要求每位专家拍摄视频、开发布会等…占用了专家很多时间，影响了正常工作。
请该院反思，精简培训项目，为基层减负，力戒形式主义，改进工作作风，不忘初心，扎实为基层服务。
希望研究院的主管部门福州市教育局能够加强对研究院管理，组织对基层教师开展关于这些培训效果的调研，了解该院开展的培训的真实效果。
希望福州教育越来越好！",2026-06-18 10:45:04,福州市,,福州市教育局,形式主义为基层减负,会议文件泛滥/层层陪会,为了应付上级检查/考核/指标而增加一线无谓负担,0.8,"['教师培训', '形式主义', '培训效果']",该条目反映福州市教育研究院在教师培训中存在形式主义，占用专家很多时间，影响了正常工作。这符合为了应付上级检查/考核/指标而增加一线无谓负担的情况。,建议调取福州市教育研究院的培训计划、专家的工作日志、以及福州市教育局的培训管理规定等材料，以核实是否存在形式主义现象。,该条目明确指出培训项目占用专家时间，影响正常工作，符合为了应付上级检查/考核/指标而增加一线无谓负担的情况。,qwen2.5vl:7b,full,HIGH,[],2026-08-09 22:36:17.168993
FJ26061720201,【提级督办】投诉荔城区12345中心无视省住建厅确权文件、严重违反派单规程、行政乱作为,"一、 核心诉求
请求上级部门立即介入督办，纠正荔城区12345中心的违规派单行为。责令其严格依据《福建省住房和城乡建设厅》关于物业维修资金及房屋安全鉴定的职能界定，将本人诉求（编号FJ26061520277）转派至荔城区住建局办理，并追究相关人员敷衍塞责的行政责任。

二、 事实与理由
1. 职能部门权责已由省级主管部门明确界定（有法可依）
本人已持有福建省住建厅出具的书面答复（见附件），该文件具有明确的行政指导效力。文件中清晰界定：“小区屋面渗漏专业勘验、公共维修基金审核、屋面应急修缮均属于住建部门专属法定职责”。城管大队既无检测仪器，也无公维金审批权，根本无法履行该诉求。
2. 荔城12345中心明知故犯，严重违反派单规程（有令不行）
根据《福建省12345政务服务便民热线运行管理办法》及“首问责任制”、“精准派单”原则，承办单位在收到群众提供的权威确权依据后，应当核实并准确分派。
然而，荔城区12345中心在明知城管无权管辖的情况下，依然机械式地将工单派发至城管大队，且在本人多次申诉并提交证据后，仍用“正在办理”等格式化模板敷衍回复。这种行为不仅是业务不精，更是主观上的行政乱作为，是对上级部门确权文件的公然无视。
3. 形式主义作风严重，导致群众利益受损
因平台的错误派单，导致本该由住建局启动的“应急维修程序”被搁置，城管部门因无权处理只能做表面文章（如仅拍照无检测）。这种“踢皮球”式的流转，不仅浪费了行政资源，更导致本人房屋漏水损失持续扩大。

三、 法律法规依据

《物业管理条例》第五十三条：住宅物业、住宅小区内的非住宅物业或者与单幢住宅楼结构相连的非住宅物业的业主，应当按照国家有关规定交纳专项维修资金。专项维修资金属于业主所有，专项用于物业保修期满后物业共用部位、共用设施设备的维修和更新、改造，不得挪作他用。（注：住建局为维修资金主管部门）

《福建省12345政务服务便民热线运行管理办法》：关于诉求事项办理的规定，承办单位应当依法依规及时处理，不得推诿扯皮。对于职责交叉或不清的事项，应由编办或司法行政部门协调确定，而非随意指派无职权部门。

《行政机关公务员处分条例》：关于“不履行或者不正确履行职责”、“弄虚作假，误导、欺骗领导和公众”的相关处分规定。

四、 结语
本人并非无理取闹，而是拿着省厅文件回复却被基层“挡箭牌”（模板回复）拒之门外。请上级督办部门明察秋毫，不要让红头文件变成废纸，不要让12345变成“中转站”。请立即纠正错误派单！",2026-06-17 16:58:57,莆田市,荔城区,"荔城区12345中心
荔城区12345中心",形式主义为基层减负,层层加码/一刀切,为了应付上级检查/考核/指标而增加一线无谓负担,0.8,"['层层加码', '一刀切']",该条目反映的是荔城区12345中心无视省级主管部门的职能界定，错误派单给城管大队，导致群众利益受损。这反映了基层在处理问题时，为了应付上级检查而增加了一线无谓负担。,建议调取荔城区12345中心的派单记录、相关文件、以及与荔城区住建局的沟通记录，以核实是否存在层层加码/一刀切的情况。,该条目反映了基层在处理问题时，为了应付上级检查而增加了一线无谓负担，属于层层加码/一刀切的典型表现。,qwen2.5vl:7b,full,HIGH,[],2026-08-09 22:04:50.964738
ND26061720471,投诉平台问题,苗先生来电反映 ，他此前就消费纠纷向福鼎市市场监督管理局投诉。3月16日上午9点11分，他接到12345热线回电，通话中一名男性工作人员涉嫌利用职务之便，施压他接受“退一赔一”的和解方案，并称“给彼此点面子，以后在辖区内有任何消费纠纷，我出面替你处理”，同时该工作人员还要求他必须到场提交证据原始载体，否则不予处理，他认为该工作人员存在不当履职行为，并持有通话录音为，后续他向宁德市12345平台投诉，福鼎市12345中心直接答复“根据《国务院办公厅关于进一步优化地方政务服务便民热线的指导意见》（国办发〔2020〕53号），建议您通过相应法定渠道反映”。现希望有关部门介入，要求告知是根据《国务院办公厅关于进一步优化地方政务服务便民热线的指导意见》（国办发〔2020〕53号）具体哪一条规定，烦请相关部门核实处理。,2026-06-17 16:21:42,宁德市,福鼎市,"福鼎市12345中心
福鼎市12345中心",形式主义为基层减负,指尖形式主义,为了应付上级检查/考核/指标而增加一线无谓负担,0.8,"['投诉处理', '不当履职', '形式主义']",该条目反映的是12345平台工作人员利用职务之便，要求投诉者到场提交证据原始载体，否则不予处理，这属于形式主义为基层增加负担的表现。投诉者认为该工作人员存在不当履职行为，并持有通话录音为证。,建议调取通话录音，了解工作人员的具体行为和处理过程，以及是否有其他相关证据支持投诉者的说法。,该条目反映的是平台工作人员要求投诉者到场提交证据原始载体，否则不予处理，属于形式主义为基层增加负担的表现。,qwen2.5vl:7b,full,HIGH,[],2026-08-09 22:05:43.767128
ND26061720354,关于福鼎市第二中学强制春考生双报、拒绝学生居家复习申请的投诉信,"本人系福鼎市第二中学高三复学学生，已年满十八周岁，为完全民事行为能力人。原为2023届学生，休学后复学，可独立承担自身学习、升学全部责任，现实名投诉本校高三年级不合理、不合规管理问题。
 
一、本人实际情况
 
1. 升学选择：我仅单独报考2027年福建省高职分类春考，自愿放弃夏季高考。根据省教育考试院政策，考生可自由选择单报或双报，学校无任何官方文件强制学生必须双报两场考试。
​
2. 学业现状：我的高中学业水平合格考仅剩语文一科未完成，其余科目全部合格。毕业、升学仅需备考语文，物理、化学等普通高考复习课程对我无任何作用，全天跟班学习只会浪费春考备考时间，复习效率极低。
​
二、学校存在的共性违规问题（面向全体意向春考生）
学校在班级群发布统一通知，一刀切规定所有申请春考的学生必须双报春考与夏季高考，强制全员跟随行政班学习全套高考科目，仅拿到春考录取通知书后方可请假。该管理规定没有区分“双报考生”与“仅单报春考、无需备战夏考”的学生，存在明显不合理之处：
 
1. 强制双报违背招考自愿原则，剥夺全体意向春考生自主选择升学考试的合法权利；
​
2. 统一要求全员全天复习无关高考科目，没有针对只备考春考的学生设置差异化、人性化就学方案，一刀切管理加重学生无意义学业负担；
​
3. 段长卓招家请假规则设置门槛过高，未给未录取、仅备考语文的春考生预留居家复习通道，段长骂人特别难听，会极大地打击人的信心，平常这也骂那也骂，乱骂。
 
三、本人正式诉求
 
1. 责令学校取消一刀切强制全体春考生双报夏季高考的规定，面向所有有意向报考春考的学生放开自主报考选择权，不得将“双报”作为请假、就学的捆绑条件。
​
2. 针对全体仅报考春考、无需备战夏季高考的学生出台差异化就学方案，允许符合条件的学生弹性居家复习，免修物理、化学等无关科目。
​
3. 本次投诉相关个人信息、诉求材料请教育局全程严格保密，仅用于校方内部整改协调，不得向学校教职工、其他学生泄露投诉人身份；若出现信息泄密、针对本人区别对待、施压约谈等情况，我将向上级教育主管部门继续升级投诉。
 
恳请教育局介入协调整改，并向我反馈处理结果。
日期：2026年​6 月 17 日",2026-06-17 14:04:48,宁德市,福鼎市,福鼎市教育局,形式主义为基层减负,层层加码/一刀切,为了应付上级检查/考核/指标而增加一线无谓负担,0.8,"['高考', '学校管理']",该条目反映福鼎市第二中学在春考生管理上存在一刀切的规定，强制所有春考生双报夏季高考，加重了学生的学业负担。这属于为了应付上级检查/考核/指标而增加一线无谓负担的形式主义问题。,建议调取学校相关文件、通知、学生反馈记录等，以证实学校是否存在一刀切的规定，以及是否因此增加了学生的负担。,该条目反映学校在春考生管理上存在一刀切的规定，加重了学生的学业负担，符合为了应付上级检查/考核/指标而增加一线无谓负担的形式主义问题。,qwen2.5vl:7b,full,HIGH,[],2026-08-09 22:13:14.954460
ND26061720087,协调学生转学，核查英语、运动打卡APP数据异常，校方领导处置不作为。,"本人持有当日两张班级小管家英语打卡榜单截图作为完整凭证，打卡名单出现明显前后不一致的反常情况，叠加小红花发放逻辑与平台规则冲突，多次向校方领导反馈未得到合理解释，校内此前还发生伤害学生事件，校方处置敷衍：
 
1. 班级小管家英语打卡存在两处关键数据疑点：
①打卡名单事后新增人员，时间线严重不符合现实
第一张截图拍摄于07:31，榜单内上榜学生仅8人，无林启橦；我家孩子7:40完成打卡，理论榜单总人数应为9人。第二张截图拍摄于08:39，榜单内凭空多出林启橦，直接排在第三名。该学生居住在我家后方，路程很远，按照日常作息，根本不可能7点半之后才提交线上打卡，两张截图对比能清晰看出名单存在后期新增人员的异常现象，后台数据存在明显改动疑点。
②小红花发放和平台规则自相矛盾
平台明确规则，仅当日最早打卡的学生可获得小红花。我家孩子是当日第九位完成打卡，按规则本不该拥有小红花，但账号内实际存在小红花；多名早于我孩子打卡的学生反而没有小红花，发放规则完全失效，榜单记录存在人为调整痕迹。
2. 微芒运动活力榜单存在大量不合理数据，频繁在凌晨、深夜出现不合常理的运动时长，榜单数据失真，存在虚假打卡嫌疑。
3. 此前校内发生任课老师体罚学生、舞台下方学生被泼水事件，多次向校方领导沟通协商，始终没有公平妥善的处理方案。
 
打卡名单前后不一致、小红花发放异常带来差异化对待，长期影响孩子心理健康，现有校园环境不适宜孩子继续就读。现诉求相关部门：
 
1. 核查两款打卡软件全部异常记录并依规处置；
2. 协调为孩子办理转学，书面反馈完整核查处理结果。
 3.再次重申各方平台的工作人员及校方领导、班主任不要打电话给我和我的家人。（尤其是班主任陈丽飞，一直往我已经拉黑的电话上打电话和发短信息。如果校方想解决问题，请让陈丽飞添加我的微信。因为是她今年四月下旬班级群🈶学生家长威胁、恐吓、辱骂我后，不到十分钟解散班级群，并在之后删除我的微信好友）否则我会依法依规走司法程序！",2026-06-17 09:17:51,宁德市,蕉城区,"蕉城区12345中心
蕉城区12345中心",形式主义为基层减负,指尖形式主义,为了应付上级检查/考核/指标而增加一线无谓负担,0.8,"['学籍管理', '打卡软件异常', '运动打卡APP数据异常']",该条目涉及学生转学、英语打卡和运动打卡APP数据异常问题，反映出学校可能为了应付上级检查而增加了基层负担，如频繁的打卡记录和数据核查。关键现象是打卡软件数据异常和校方领导处置不作为，因果链条是为应对上级检查而增加基层工作负担。,建议调取学校相关打卡软件的后台数据记录，以及校方领导和班主任的访谈记录，以核实是否存在为了应付上级检查而增加基层负担的情况。,该条目涉及打卡软件数据异常和校方领导处置不作为，反映出学校可能为了应付上级检查而增加了基层负担。,qwen2.5vl:7b,full,HIGH,[],2026-08-09 22:10:44.921610
XM26061623415,关于思明区教育局对滨东小学四里校区、湖滨中学运动场开放诉求答复敷衍、无明确整改时限的补充投诉,"本人对思明区教育局2026年6月16日针对受理编号XM26060321477出具的办结答复完全不认可，现提交补充投诉，异议如下：
 1. 答复持续答非所问，回避群众就近健身核心诉求。
本人居住三里片区，仅诉求家门口滨东小学四里校区、湖滨中学两处场地，答复仍持续推荐厦外附小湖滨校区等远距离替代学校，未解决本片区居民就近健身资源缺失的痛点，单纯引导群众跨片区锻炼，未履行优化片区公共体育资源供给的主管职责。
​2. 整改规划模糊空洞，无明确时间节点，无限期搁置诉求。
针对滨东小学四里校区门禁、灯光监控改造，仅模糊表述“适时评估开放可行性”，未明确改造启动、竣工、验收及对外开放的具体时限；针对湖滨中学，仅以承担青训任务为由拒绝开放，未研究错峰、分时段对外开放的可行方案，没有短期、中长期分层处置计划，群众诉求长期无法落地。
​3. 未借鉴区内成熟开放管理经验，履职主动性不足。
思明区多所中小学已落地运动场预约错峰开放制度，现有成熟管理模式可直接复用。该局未实地摸排两所学校场地现状、未结合现行政策制定专属开放细则，单纯以设施不足、场地占用为由推诿，未主动协调资源补齐滨东小学安防短板、协调湖滨中学划分居民锻炼时段。
​4. 本次答复未实质解决任何问题，草率办结事项。答复仅罗列两所学校暂不开放的客观原因，未出台可落地的处置方案，未回应本人此前要求实地核查、制定专项开放细则的诉求，属于流程化敷衍回复。
 现恳请：
 1. 责成思明区教育局联合属地街道办、居委会赴三里片区实地摸排居民健身需求，针对滨东小学四里校区出具安防设施改造时间表、明确运动场对外开放时间；针对湖滨中学制定青训、居民锻炼错峰分流方案，划分固定时段向周边居民开放；
​2. 制定并向社会广泛公布两所学校运动场对外开放专项细则、改造施工节点、正式开放日期，切实补齐三里片区就近公共健身资源缺口。",2026-06-16 21:43:14,厦门市,思明区,"思明区12345中心
思明区12345中心",形式主义为基层减负,层层加码/一刀切,为了应付上级检查/考核/指标而增加一线无谓负担,0.8,"['层层加码', '一刀切']",该条目反映思明区教育局在回应群众诉求时，答复敷衍、缺乏明确整改时限，且未充分履行职责，存在层层加码、一刀切的现象，增加了基层负担。,建议调取思明区教育局的答复文件、相关整改计划、实地调研记录等材料，以核实是否存在层层加码、一刀切的情况。,该条目反映基层在回应群众诉求时，存在层层加码、一刀切的现象，增加了基层负担。,qwen2.5vl:7b,full,HIGH,[],2026-08-09 21:31:05.102679
FZ26061620206,"西环路中路右转进入乌山西路路口又无人管
理引导了！","这个右转路口每个早晚高峰，电动车连续不断，速度极快，存在很大的安全隐患。乌山西路空空的都没有车，但是电动车堵住了右转车道，西二环中路的车无法右转，一个右转需要15分钟左右，非常的离谱！此问题长期存在，为何都没有安排人员引导解决，就这么如此放任吗？
之前投诉过，后面说每天安排人引导，今天没看到人，请问是不是懈怠了？不作为了？只是之前做做样子而已？形式主义吗",2026-06-16 08:09:31,福州市,鼓楼区,福州市公安局交通警察支队,形式主义为基层减负,评比创建/证明/借调,为了应付上级检查/考核/指标而增加一线无谓负担,0.8,"['评比创建', '证明', '借调']",该条目反映的是交通管理措施中存在形式主义现象，即安排人员引导右转路口的电动车，但实际并未有效执行，存在形式主义为基层增加负担的情况。,建议调取交通管理部门的记录，了解是否确实安排了人员引导，以及实际执行情况。,该条目反映的是交通管理措施中存在形式主义现象，即安排人员引导右转路口的电动车，但实际并未有效执行，存在形式主义为基层增加负担的情况。,qwen2.5vl:7b,full,HIGH,[],2026-08-09 21:46:37.207110
FZ26061321700,党支书记违背选举报，剥夺党员的选举权和被选举权，城头镇 政府涉嫌包庇,"对福清市城头镇人民政府福州市12345便民平台回复无法理解的
反  馈
2026-06-12 17:42:30福清市城头镇人民政府回复。您好!您反映的问题已收悉，我镇已安排工作人员开展核查，目前工作正在推进。如经查实存在问题，我们将依法依规进行处置。
一、忽修和欺骗：城头镇人民政府如此瞒上欺下、欺骗党员，如此无担当、不作为、乱作为、假作为，履职不尽责，不为广大党员解决实际问题。对合理的诉求以形式主义、官僚主义、敷衍塞责。在岗位上“混日子”，热衷于“打太极”，工作能推就推、能拖就拖，问题能绕就绕、能躲就躲；查处不深入、不细致，敷衍应付，如此蔑视党纪国法的行为引起广大党员的强烈愤慨。 
二、徐丹剥夺党员的选举权和被选举权政治权利，事实清楚，证据充分：2026年5月上旬，被举报人徐丹没有按照党章的规定，对本村党支部八名党员代表名额进行选举，而这八名代表均是由徐丹个人指定。其行为严重违反了《中国共产党章程》党员享有下列权利的第（五）项“行使表决权、选举权，有被选举权”。党章赋予党员的权利给徐凡剥夺了，其行为引起了广大党员的愤慨。被举报人徐丹的行为违反了《中国共产党章程》的规定，触犯了《中华人民共和国刑法》第三百九十七条的规定，构成[滥用职权罪]。
三、城头镇政府瞒上欺下，忽悠党员：2026-06-12 17:42:30做出的答复，反映历时10多天了，城头镇政府没有到东垣村对党员进行调查，做出不实的答复，涉嫌瞒上欺下。
四、请求干部带头遵守党纪：敦促福清市城头镇人民政府，切实根据《福建省12345便民服务平台监督管理办法》(闽政办[2016]179号) 规定，依法依规对徐丹剥夺党员政治权利的行为做出严肃处理，维护《中国共产党章程》尊严，保护广大党员的政治权利。
特此反馈
福清市城头镇东垣村党员敬呈
2026年6月13日",2026-06-13 16:15:43,福州市,福清市,福清市城头镇人民政府,形式主义为基层减负,评比创建证明借调,为了应付上级检查/考核/指标而增加一线无谓负担,0.8,"['村民选举', '党纪党规', '基层负担']",该条目涉及村民选举中的党员权利被剥夺，反映了基层在处理党员选举问题时可能存在的形式主义现象，增加了基层负担。,建议调取城头镇人民政府关于村民选举的文件、会议记录、相关通知等，以及与城头镇人民政府工作人员的谈话记录，以核实是否存在形式主义为基层增加负担的情况。,该条目描述了基层在处理党员选举问题时可能存在的形式主义现象，增加了基层负担。,qwen2.5vl:7b,full,HIGH,[],2026-08-09 20:53:34.316124
NP26061220588,反映镇政府不作为、乱推脱现象,"本人是本地农户，想在自家住宅楼顶（面积不足100㎡）安装光伏发电板，前期已联系光伏企业完成现场勘测。按照国家电网要求，办理相关手续需提供房产产权相关证明并加盖镇政府公章。我已先行取得村委会盖章，证明该房屋为本人合法自有房产。但前往镇政府申请盖章时，工作人员推诿扯皮、不作为，不予办理。镇政府工作人员援引2022年相关规定，要求我先后前往住建、城管、消防、自然资源、生态、农业等多个部门逐一盖章。我依次前往上述部门咨询，各部门均表示无此项审批职权、从未办理过该类盖章业务，让我返回镇政府处理。来回奔走后再次回到镇政府，相关领导依旧多方推脱、拒不履职，甚至让我前往市级部门咨询政策。我仅在自家楼顶安装小型光伏设备，并非大型工程项目，流程繁琐且各部门权责不清，镇政府存在不作为、推诿甩责的情况。
现正式投诉，恳请上级部门介入协调，督促镇政府依法依规为我办理盖章手续，明确办理流程，解决群众办事难题。",2026-06-12 16:14:35,南平市,建阳区,南平市建阳区将口镇人民政府,形式主义为基层减负,层层加码/一刀切,为了应付上级检查/考核/指标而增加一线无谓负担,0.8,"['层层加码', '一刀切']",该条目反映镇政府在办理光伏发电板安装手续时，要求申请人前往多个部门盖章，增加了基层干部的负担。这种做法属于层层加码，增加了基层干部的无谓负担，是为了应付上级检查/考核/指标而增加一线无谓负担。,建议调取镇政府办理光伏发电手续的相关文件，了解具体盖章流程和要求，以及各部门的职责分工。,投诉内容反映镇政府要求申请人前往多个部门盖章，增加了基层干部的负担，属于层层加码/一刀切，是为了应付上级检查/考核/指标而增加一线无谓负担。,qwen2.5vl:7b,full,HIGH,[],2026-08-09 20:35:09.315092
ND26061220112,孩子补办出生证明,"我孩子出生证遗失了去市医院补办，证明材料跑上跑下盖完章，又说要去闽东医院登报，通过12345反映后，市医院同意了，到了蕉城区妇幼保健院又不同意，说卫健委文件规定要登报。
     请问登报给谁看?身份证，户口本补办都不要登报，为什么出生证要登报?现在谁还看报纸？而且出生证明医院都有底，又不会假，这不是形式主义、教条主义，为难老板姓吗？",2026-06-12 09:27:20,宁德市,蕉城区,宁德市医院,形式主义为基层减负,指尖形式主义,为了应付上级检查/考核/指标而增加一线无谓负担,0.8,"['证明办理', '指尖形式主义']",该条目涉及出生证明补办过程中需要登报的不合理要求，属于形式主义为基层增加负担的情况。关键现象是基层工作人员为了完成上级任务而要求补办出生证明时需要登报，这增加了基层工作人员的负担。,建议调取相关文件、通知或政策文件，了解登报要求的来源和背景，以及是否有其他地区或部门对此类要求的执行情况。,该条目涉及基层工作人员为了完成上级任务而要求补办出生证明时需要登报的不合理要求，属于形式主义为基层增加负担的情况。,qwen2.5vl:7b,full,HIGH,[],2026-08-09 20:46:01.405385
QZ26061220099,占道经营，影响通行,经常占道经营，整辆车在路口摆摊，堵住入口，今天卖西瓜的堵，明天卖榴莲的堵，金龙街道城市管理局根本不管，投诉多次，只是象征性的处理几天，过一段时间继续放任不管，经常都是占道经营堵得车子都没办法通行。经常引起争端。小摊小贩特别嚣张跋扈，就是坚决不挪。请市局严肃处理，金龙街道城市管理局的不作为行为和形式主义管理行为。,2026-06-12 07:38:19,泉州市,鲤城区,泉州市鲤城区人民政府浮桥街道办事处,形式主义为基层减负,台账留痕迎检,为了应付上级检查/考核/指标而增加一线无谓负担,0.8,"['台账留痕', '迎检', '形式主义管理']",该条目反映的是城市管理局对占道经营的管理问题，举报人提到金龙街道城市管理局的不作为和形式主义管理行为。这可能涉及到为了应付上级检查而增加一线无谓负担的问题，例如通过台账留痕来应对检查，而实际并未有效解决问题。,建议调取金龙街道城市管理局的台账记录，检查是否存在为了应付检查而留痕的情况；同时可以找相关工作人员了解具体管理流程和实际效果。,该条目反映的是为了应付上级检查而增加一线无谓负担的问题，符合核心判断逻辑。,qwen2.5vl:7b,full,HIGH,[],2026-08-09 20:42:58.770688
FZ26060922806,关于投诉政府工作人员工作作风的问题,诉求编号：（FZ26052623875），答复收悉。对答复不满意。投诉福清市江镜镇林厝村党支部副书记王彩云，3月份有天早上9点多我去村委找对方签字盖章，但是9点多了对方的办公室大门还关着，我们联系对方，对方说在下江，第二天早上10点我去她办公室，但是门还是关着，通过私下了解，该副书记的孙子在福清市城区上小学需要接送，基本早上该副书记都没过来，这种工作作息时间是江镜镇哪一位领导批准的，要求林厝村无论党支部书记还是其他工作人员都必须按照政府部门刷人脸打卡制上班，还要将打卡记录公布在村委公布栏，接受人民群众监督，只有做到这点才能体现真抓实干，马上就办，该村委会根本就没有将真抓实干，马上就办的精神融入到工作中，继续投诉,2026-06-09 18:15:40,福州市,福清市,福清市江镜镇人民政府,形式主义为基层减负,台账/留痕/数据造假,为了应付上级检查/考核/指标而增加一线无谓负担,0.8,"['村务公开', '基层减负']",该条目投诉了村委会要求工作人员按照政府部门刷人脸打卡制上班，并将打卡记录公布在村委公布栏，接受人民群众监督，这种做法增加了基层工作人员的负担，是为了应付上级检查/考核/指标而增加一线无谓负担。,建议调取村委会的打卡记录、村委公布栏的记录以及相关会议文件，以核实是否存在为了应付上级检查而增加基层负担的情况。,投诉内容涉及村委会要求工作人员打卡并公布记录，增加了基层负担，符合为了应付上级检查/考核/指标而增加一线无谓负担的定义。,qwen2.5vl:7b,full,HIGH,[],2026-08-09 19:54:14.865447
FZ26060920094,"受理编号
PT26042720035","投诉事实经过

本人于【填写具体年月日、时间段】，通过莆田12345平台（热线/小程序/官网）提交民生诉求，并在诉求中明确要求责任干部24小时内给予回复对接。

提交工单后，系统正常受理、生成工单编号，本人全程保持通讯畅通、随时配合对接。但截止今日，已远超24小时承诺回复时限，无任何工作人员、责任干部、12345平台给出任何形式的反馈、对接、处置说明。

该行为充分说明：基层公职干部履职不作为、漠视群众诉求、消极怠政；莆田12345平台未履行工单监督、限时督办、超时预警、追责上报职责，纵容公职人员拖延办事、推诿扯皮，严重损害政务公信力，违反政务服务便民热线管理、公职人员履职相关规定。

正式投诉诉求

1. 责令涉事不作为经办干部24小时内主动联系本人，针对原诉求逐项答复、落地处置，出具正式处理意见。

2. 对本次干部超时零回复、履职缺位问题启动问责，作出批评教育、内部追责处理，公示处理结果。

3. 责令莆田12345平台自查整改，补齐工单超时督办漏洞，杜绝同类漠视群众诉求事件再次发生。

4. 本次投诉全程督办、全程留痕，3个工作日内书面告知本人所有处理进度、问责结果、整改方案。",2026-06-09 04:03:37,莆田市,秀屿区,"秀屿区12345中心
秀屿区12345中心",形式主义为基层减负,层层陪会,为了应付上级检查/考核/指标而增加一线无谓负担,0.8,"['基层公职干部履职不作为', '政务公信力损害']",投诉内容涉及基层公职干部履职不作为、政务公信力受损，属于层层陪会，为了应付上级检查/考核/指标而增加一线无谓负担。,建议调取莆田12345平台的工单记录、干部绩效考核记录、相关会议文件等，以核实是否存在为了应付上级检查而增加基层负担的情况。,投诉内容涉及基层公职干部履职不作为，属于层层陪会，为了应付上级检查/考核/指标而增加一线无谓负担。,qwen2.5vl:7b,full,HIGH,[],2026-08-09 19:46:23.005178
FJ26060820160,多户民众向12345投诉肖玉树违规占地确无人跟进处理，明明违规占地相关政府人员不处理，涵江12345工作人员不明确事实真相，次次退回诉求以同样话术回复,请涵江12345继续传达相关问题，你不传达下去，相关部门如何解决，而不是推脱给纪检单位。 1、肖玉树户2023年5月违规搭建围墙投诉至今无人处理，该围墙位署及周边，以前为我户及其他村民旧厕所位置。去年向村委寻求帮助时，村里解释九几年“厕改”时上述位置已收归国有，并明确说明肖玉树户未有报批手续，即肖玉树搭建围墙行为违法，请相关部门依法拆除，相关部门也明确回复说，涉及利益帮忙解决，结果上一条这么说，下一条回复又是推卸责任，请相关部门履行职责。 2、投诉跟进此项工作的政府相关人员，该投诉未办结，已被无故关闭502次投诉通道，未完成的诉求就按完成结案。 3、多户乡民向12345投诉肖玉树违规占地，你们确至今都是不处理。,2026-06-08 15:24:56,莆田市,涵江区,"涵江区12345中心
涵江区12345中心",形式主义为基层减负,层层加码/一刀切,为了应付上级检查/考核/指标而增加一线无谓负担,0.8,"['层层加码', '一刀切']",该条目反映政府工作人员对违规占地问题的处理不力，存在层层推诿和不作为现象，属于层层加码/一刀切的形式主义问题。,建议调取政府工作人员的处理记录、相关会议记录、上级指示文件等材料，以核实是否存在为应付上级检查而增加基层负担的情况。,投诉内容涉及政府工作人员对违规占地问题的处理不力，存在层层推诿和不作为现象，属于层层加码/一刀切的形式主义问题。,qwen2.5vl:7b,full,HIGH,[],2026-08-09 19:26:03.024035
FZ26060821504,紧急投诉：仓山区世茂国风长安小区长期缺失市政排水配套、五年汛期积水淹库、相关部门懒政怠政、区别对待民生诉求恳请市级督办整改,"尊敬的福州市人民政府、市级住建、市政工程中心、政务服务督办、属地街道等上级监督管理部门：
我们是世茂国风长安小区全体业主，现就小区五年市政排水配套缺失、重大安全隐患长期未整改，基层部门懒政推诿、漠视民生诉求问题，发起紧急申诉，恳请福州市人民政府高位督办处置。本小区交付五年，始终未接驳正规市政雨污管网，无合规排水出口，属于市政配套遗留硬伤。每逢降雨、汛期暴雨，小区积水无法外排，必出现园区积水、地下车库雨水倒灌险情，持续侵蚀楼栋地基、损坏建筑主体，严重威胁上千业主人身与财产安全。五年来，我们多渠道维权，始终遭遇基层推诿敷衍，合法诉求长期落空。现正式申请福州市政府专项督办，坚决不接受仓山区城乡建设局敷衍式回复，仅认可市级上级部门的正式书面处置答复。
小区反复淹水绝非物业运维问题，而是市政配套缺失导致的结构性硬伤。无市政排水通道致使雨水常年淤积倒灌，长期浸泡建筑主体，形成不可逆安全风险，全体业主长期处于高危居住环境。
五年来每逢汛期，业主与物业只能通宵自发抢险，耗费大量人力物力，多名人员抢险受伤，业主车辆、私人财物多次泡水受损，累积损失惨重。长期灾情困扰与反复抢险，严重影响全体业主正常安居生活。
五年间我们通过12345热线、线下信访等多渠道维权，诉求始终简单明确，即补齐管网配套、根治淹水隐患。但所有投诉工单均流于形式，全部期末模板化回复，无实地核查、无问题研判、无整改方案、无实质动作，五年维权零整改、零闭环，是典型的虚假履职、漠视民生行为。
该隐患长期由仓山区城乡建设局承接处置，该局无相关审批与统筹施工能力，仅靠模板回复糊弄群众，市级部门疏于督办、不予追责，导致顽疾逐年恶化。五年岗位人员几经更迭，深陷新官不理旧账乱象，各级单位相互推诿，问题长期悬而不决。 基层部门长期以福日单位宿舍不予配合搪塞甩锅，但根源是政府前期规划失职：当年规划李厝山支路市政工程时，未提前统筹征地与多方沟通，导致工程半途搁置、沦为半拉子工程，后续直接撒手不管，该行政遗留问题不应由百姓承担。 原规划路线因政府失误无法落地后，业主主动提出接驳迎安路成熟管网的简易整改方案，却被职能部门直接驳回。调研施策、出台整改方案、破解民生难题，本是政府法定职责，不该由群众替政府谋划出路。 更令群众寒心的是，相关部门常年以“无资金、无预算”为由拒改隐患。市政配套是民生保底工程，理应优先保障。即便基层财政紧张，市属城投国企仍每年重金投入文旅亮化、演艺烟火等锦上添花项目。民生为本、民生优先是施政底线，试问形象工程可重金投入，百姓安居保命工程却无人问津？本末倒置的施政方式，严重透支政府公信力、伤害群众感情。
同期相关部门大力推进江心岛周边市政提升类非刚需项目，资金充足、落地迅速，与本小区五年民生困境形成强烈反差。重面子工程、轻百姓安危的差异化履职行为十分明显。民众不禁质问：是否因本小区无重要领导入住，普通百姓的合法诉求与安居安危就该被长期漠视搁置？此类懒政怠政行为，与“真抓实干、马上就办”的工作作风完全背道而驰。
当前李厝山支路市政管网正在施工，是小区五年以来唯一、不可复刻的整改窗口期。若错失此次同步接驳机会，管网配套短板将彻底固化，后续整改成本、难度大幅攀升，业主将永久面临暴雨淹水、财产受损的风险。依据市政建设规范，道路管网施工应同步补齐沿线小区基建短板，彻底根治积水倒灌顽疾。
五年隐患搁置、五年诉求漠视、五年履职敷衍，已构成严重不作为、慢作为。本次申诉为纯粹民生安居维权，完全不涉及高考相关事宜、不干扰公共秩序，仅为解决重大居住安全问题。申诉附历年淹水实景佐证，隐患真实、损失确凿。若持续放任，极易引发建筑损毁、人员受伤及群体性维权问题。全体业主现郑重提出四项硬性诉求：
一、市政府挂牌督办，严查履职失责：恳请市政府牵头专项核查组现场核验，查实小区无市政管网、存在长期安全隐患的事实，厘清各级部门履职责任，严查五年推诿怠政、漠视群众安全的责任单位及责任人，依规追责问责。
二、抢抓施工窗口期，根源彻底整改：依托当前李厝山支路在建市政工程，同步规划、同步配套、同步施工，为小区建设标准化市政雨污管网及专属排水通道，彻底终结五年暴雨积水、地库倒灌的顽固隐患。
三、公示整改方案，全程闭环监督：要求责任单位出具正式书面整改文件，明确详细施工方案、时间节点、具体负责人、竣工验收时限，所有整改进度全程公开公示，接受全体业主监督，杜绝形式整改、纸面整改、虚假整改。
四、落实追责善后，建立长效机制：对多年因职能部门不作为导致的业主抢险损耗、车辆及财产泡水损失问题，予以正面回应、妥善处置；对长期敷衍履职、漠视民生安全的相关单位及个人依法追责；同步建立汛期应急排水、常态化隐患排查机制，永久保障小区居住安全。
全体业主严正重申：本次申诉不接收仓山区城乡建设局模板化、敷衍式回复，坚决拒绝拖延搪塞、虚假办结。",2026-06-08 12:57:23,福州市,仓山区,福州市仓山区人民政府上渡街道办事处,形式主义为基层减负,台账留痕迎检,为了应付上级检查/考核/指标而增加一线无谓负担,0.8,"['市政排水', '投诉回应', '懒政怠政']",该条目反映了关于市政排水配套缺失的投诉，业主多次通过多渠道维权，但所有投诉工单均流于形式，无实地核查、无问题研判、无整改方案、无实质动作，五年维权零整改、零闭环，是典型的虚假履职、漠视民生行为。这表明为了应付上级检查/考核/指标而增加了基层一线的无谓负担。,建议调取相关部门关于市政排水配套的审批材料、历年投诉工单的回复材料、以及关于整改方案的制定和实施情况的材料。,该条目反映了为了应付上级检查/考核/指标而增加了基层一线的无谓负担，具体表现为台账留痕迎检的问题。,qwen2.5vl:7b,full,HIGH,[],2026-08-09 19:36:03.231523
FZ26060621368,晋安区宦溪镇鱼蓝溪泄洪区，非景区点位，大量游客停车游玩,晋安区宦溪镇鱼蓝溪泄洪区，非景区点位，大量游客停车游玩，愈演愈烈。反复告知宦溪镇政府，相关部门监管不利，形式主义，对安全生产，人民群众财产安全熟视无睹。互相推诿扯皮。,2026-06-06 13:46:57,福州市,晋安区,福州市晋安区宦溪镇人民政府,形式主义为基层减负,层层加码/一刀切,为了应付上级检查/考核/指标而增加一线无谓负担,0.8,"['层层加码', '监管不利']",该条目反映的是宦溪镇政府在监管非景区点位游客停车游玩问题上存在形式主义，导致监管不利，增加了基层负担。关键现象是监管不力，因果链条是上级检查/考核压力导致基层过度管控。,建议调取镇政府关于非景区点位管理的文件、会议记录、检查记录等，以及与相关工作人员的谈话记录，以核实是否存在形式主义增加负担的情况。,投诉内容涉及监管不力，属于层层加码/一刀切的典型表现，反映了为了应付上级检查/考核而增加基层负担的问题。,qwen2.5vl:7b,full,HIGH,[],2026-08-09 18:53:01.040386
XM26060522178,有关申请农村自建房流程不便民等问题,其是翔安区新圩镇户籍人口。其发现申请农村自建房到镇里面审批，需要打印迁移记录（证明在其他地方是否有建房），如果夫妻有一人原不是当地户籍，就还需要到原户籍地打印协查函。其的户口在农村，回农村盖房，但是镇上的部门（村建办）还要收其社保缴纳记录，如果在企业工作，还要需要企业盖章申请人没有享受房屋补贴待遇，而且还要收取毕业证书，但是其盖房跟其毕业信息又有什么关系。这些信息都是可以在有关部门的系统上面查询到的，其不理解为什么要村民和各个部门的工作人员耗费精力来做这些事情，而且还浪费资源（打印纸质材料，申请一次需要20-30张的材料）。这个情况在整个厦门市都存在，其想知道是真的在系统上无法查询到的吗？有关部门办理这些事项可以更为便民，希望厦门市政府可以牵头采取更便民的办理流程。,2026-06-05 15:52:47,厦门市,翔安区,厦门市翔安区新圩镇人民政府,形式主义为基层减负,台账/留痕/数据造假,为了应付上级检查/考核/指标而增加一线无谓负担,0.8,"['农房审批管理', '台账留痕']",该条目反映在申请农村自建房过程中，需要提供多种纸质材料，且这些材料在相关部门系统中可以查询到，但仍然要求提供，增加了基层工作人员的负担。这表明为了应付上级检查/考核/指标而增加了基层无谓的负担。,建议调取相关部门的系统记录，查看是否可以查询到这些材料，以及是否有其他地方的类似情况。,该条目反映了在申请农村自建房过程中，需要提供多种纸质材料，且这些材料在相关部门系统中可以查询到，但仍然要求提供，增加了基层工作人员的负担。,qwen2.5vl:7b,full,HIGH,[],2026-08-09 18:30:47.678934
FZ26060423797,关于投诉好年华聚福州官网闽侯县海外人才补贴问题,诉求编号：（FZ26060122891），答复收悉。对答复不满意，本人不满意，问题未解决。6月2日鼓楼区人社局致电沟通，工作人员仅电话问询，未查阅我此前填报的申报报名表就给出答复。我于6月3日重新在鼓楼人社局端口完整上传全套申报材料，截至6月4日晚间，材料状态仍滞留待审核，无任何处理进展。此外对方推荐的双一流落地奖励，政策写明境外毕业生可申报，但申报系统仅可选国内院校、无法录入境外高校信息，实际不能填报，政策说明和系统设置冲突，指引无效，本次诉求没有得到实质性处理。,2026-06-04 19:13:04,福州市,闽侯县,福州市鼓楼区人力资源和社会保障局,形式主义为基层减负,指尖形式主义,为了应付上级检查/考核/指标而增加一线无谓负担,0.8,"['指尖形式主义', '留痕式填报']",该条目投诉了鼓楼区人社局在处理海外人才补贴问题时，仅电话问询未查阅申报材料，且系统设置与政策说明冲突，导致无法正常申报。这反映了基层在处理政策时，由于系统设置和政策说明不一致，增加了基层的负担。,建议调取鼓楼区人社局的政策文件、系统设置说明以及相关申报材料，以核实是否存在系统设置与政策说明不一致的情况。,投诉内容涉及系统设置与政策说明不一致，增加了基层在处理政策时的负担，符合指尖形式主义的定义。,qwen2.5vl:7b,full,HIGH,[],2026-08-09 18:17:57.874365
FJ26060420168,莆田湄洲湾职业技术学院人事决策搞多重标准、选择性适用用工规则，,"一、事实经过
21年东软与湄洲湾职业技术学院合作办学，23年8月底东软撤走，为保障校区正常运行，按照市政府会议精神，湄职院对愿意留下的56名职工全部接收，按校聘人员管理，享受人事代理相关待遇。劳动合同2026年8月31日到期，学院做出少部分人员续签、大部分人员不续签，同步向社会组织招考的决定。
二、存在问题
1、56名企业员工不再续签劳动合同缺乏合理解释。原因第一点的凡进必考原则与第四点签订学历提升人员特殊保护逻辑矛盾；第二点指出学历（本科）与上级要求存在偏差，而校区编外员工也有本科学历却正常续签，学院双重用工标准、区别对待。
2、56人一刀切不再续签是整体方案，唯独学院签订过学历提升协议的人员破例保留岗位。差异化留人模式不排除部分进修教职工与院管理层存在人情往来、利益输送，管理层利用人事决策权，通过规避到期解约、保留岗位的方式为特定人员保全工作待遇、规避失业与经济损失；反观无服务协议的普通劳动者依规被清退，违背公平公正用人纪律。
3、23年8月湄职院依规接收企业员工同时，违规接收11人进校，通过暗箱操作的这11人关系户违规进校问题2025年巡视组已点出问题，而直到26年7月才进行解聘，也未对相关领导进行处分。
4、学院在校区正常运营、员工并未犯错的前提下，做出清退部分人员，给予经济补偿金，后重新招录人员之举，此举需要付出几百万补偿金。该操作属于人为制造岗位空缺，无端增加财政支出。据了解，25年至今所有的供应商（除物业、水费、电费等刚需费用外）应付款长期拖欠不付，却挥霍财政资金用于无必要的裁员补偿，涉嫌国有资金浪费。
举报诉求：
1、暂缓方案推动。
2、公平处理，56人统一政策，要么统一续签，要么统一不续签、统一安置。",2026-06-04 16:08:12,,,"莆田市12345中心
莆田市12345中心",形式主义为基层减负,评比创建/证明/借调,为了应付上级检查/考核/指标而增加一线无谓负担,0.8,"['人事决策', '多重标准', '选择性适用用工规则']",该条目反映湄洲湾职业技术学院在人事决策中存在多重标准和选择性适用用工规则，可能为了应付上级检查而增加一线无谓负担。,建议调取人事决策文件、上级检查文件、相关会议记录等材料，了解是否存在为了应付上级检查而增加一线无谓负担的情况。,该条目反映人事决策中存在多重标准和选择性适用用工规则，可能为了应付上级检查而增加一线无谓负担。,qwen2.5vl:7b,full,HIGH,[],2026-08-09 18:10:36.052201
FJ26060420157,多户民众向12345投诉肖玉树违规占地确无人跟进处理，明明违规占地相关政府人员不处理，涵江12345工作人员不明确事实真相，次次退回诉求以同样话术回复,请涵江12345继续传达相关问题，你不传达下去，相关部门如何解决，而不是推脱给纪检单位。 1、肖玉树户2023年5月违规搭建围墙投诉至今无人处理，该围墙位署及周边，以前为我户及其他村民旧厕所位置。去年向村委寻求帮助时，村里解释九几年“厕改”时上述位置已收归国有，并明确说明肖玉树户未有报批手续，即肖玉树搭建围墙行为违法，请相关部门依法拆除，相关部门也明确回复说，涉及利益帮忙解决，结果上一条这么说，下一条回复又是推卸责任，请相关部门履行职责。 2、投诉跟进此项工作的政府相关人员，该投诉未办结，已被无故关闭502次投诉通道，未完成的诉求就按完成结案。 3、多户乡民向12345投诉肖玉树违规占地，你们确至今都是不处理。,2026-06-04 15:29:17,莆田市,涵江区,"涵江区12345中心
涵江区12345中心",形式主义为基层减负,层层加码/一刀切,为了应付上级检查/考核/指标而增加一线无谓负担,0.8,"['层层加码', '一刀切']",该条目反映的是政府工作人员在处理违规占地问题时，存在推诿和拖延现象，表明存在为了应付上级检查/考核/指标而增加一线无谓负担的情况。,建议调取相关政府工作人员的处理记录、上级检查/考核/指标的相关文件、以及相关部门的回复记录，以核实是否存在形式主义为基层增加负担的问题。,该条目反映了政府工作人员在处理违规占地问题时存在推诿和拖延现象，符合为了应付上级检查/考核/指标而增加一线无谓负担的判断逻辑。,qwen2.5vl:7b,full,HIGH,[],2026-08-09 18:11:21.510959
QZ26060329026,投诉：村干部许*山侵占土地、龙眼树地划分界线三方分地未能处理 M,诉求者来电反映原工单QZ25040301296，部门已答复，问题没有处理，镇政府一直不处理。驻张坑村工作队员黄*东在处理许*山霸占耕地、不与三方((许*山、许*山、许*进)分龙眼树地界线行政不作为乱作为、欺上瞒下、歪曲事实颠倒黑白充当许*山的保护伞。1、10月14日本人找驻村干部查询不到本人反映的事项信息，驻村干部（李*）电脑没有收到投诉的相关事项问题信息，诉求者表示既然没有收到事项相关问题，为什么会回复部门答复意见处理，请政府各部门和霞美镇政府答复。在南安市霞美镇镇长黄*水不作为，乱作为。2、镇长亲自告诉其2025年7月14日-7月30日村书记黄*江已经处理，三方要到现场分龙眼树地界，等驻村干部李*探亲回来就到现场分龙眼树界限。诉求者2025年8月4日和村书记黄*江联系，请求分地。2025年8月4日村书记告知许*山不到现场分龙眼树地界，因驻村工作队员黄*东和村委会副主任黄*湖告知许*山，诉求者到国家信访局控告许*山的多项罪状，许*山才不到现场分地，诉求者有录音证据。诉求者请求镇政府处理问题，镇政府一直推脱，不作为，敷衍了事。诉求者多次和南安市纪委书记陈*松反映情况，南安市纪委书记9月4日告知4+2处理，镇书记黄*良、镇长黄*水，驻村村干部李*，村书记黄*江4个人处理，再加两个人，驻村工作队员黄*东和村委会副主任黄*湖，动员许*山到现场分地，至今一直未处理。诉求者和纪委书记反映，纪委书记表示会抓紧处理。诉求者2025年1月13日和1月16日向人大反映，转到霞美镇处理。2025年6月6日向国家信访局反映情况，霞美镇政府6月23日书面答复2025年8月10日处理完成。诉求者表示镇政府于8月4日书面回复，但歪曲事实，颠倒黑白。诉求者9月22日到省信访局反映，信访局要求霞美镇处理。诉求者表示多次向中央巡视组反映多次，未处理。诉求者2025年10月9日到镇里找镇长，找不到镇长。诉求者第一次拨打镇长电话，电话不接。诉求者第二次拨打镇长的电话，镇长让其找李*和戴*阳。诉求者告知镇长，李*2023年至今多次表示处理不了，镇长违背南安市纪委书记陈*松的4+2处理方案。要求按照南安市纪委书记说的4+2处理，镇长挂断电话。诉求者多次拨打镇长的电话，电话无法拨通。诉求者表示镇长不作为，乱作为，制造冤假错案，镇长明目张胆保护村霸许*山，多次反映未处理，恳求按照纪委书记说的4+2处理，恳求政府各部门合理合法，依法依规、公平公正，处理问题。请求平台打电话给镇长（黄*水），反映存在现实问题，并请求处理问题。现问题没解决，信息天天来，驻村干部李*表示查不到其投诉的问题，平台多次将工单批转南安市12345不合理。诉求者表示其拨打的是泉州市12345中心的固定电话28382345，强烈要求泉州市12345中心和政府处理，不要将工单派转到南安市12345中心处理。故再次反映，望部门核实处理。,2026-06-03 20:44:46,泉州市,南安市,"泉州市12345中心
泉州市12345中心",形式主义为基层减负,层层加码/一刀切,为了应付上级检查/考核/指标而增加一线无谓负担,0.8,"['村干部不作为', '行政不作为', '乱作为']",该条目反映村干部在处理土地纠纷问题时存在不作为、乱作为现象，可能与上级检查或考核有关，增加了基层负担。,建议调取镇政府、驻村干部、村书记的会议记录、工作日志、相关文件等，以核实是否存在为了应付上级检查而增加基层负担的情况。,投诉内容涉及村干部不作为、乱作为，可能与上级检查或考核有关，增加了基层负担。,qwen2.5vl:7b,full,HIGH,[],2026-08-09 17:54:35.925745
ZZ26060320303,投诉：龙海区海澄镇政府户口迁出问题,群众来电：地址位于龙海区海澄镇政府，群众现要办理户口迁出手续，需龙海区海澄镇政府出具盖章材料，但镇政府告知需先村级开会研讨、逐级领导审批后方可盖章，群众认为其办事流程环节较多、手续繁琐，希望精简办事流程，缩短审批时限，高效完成盖章业务，望职能部门核实情况协助处理。,2026-06-03 09:28:35,漳州市,龙海区,"龙海区12345中心
龙海区12345中心",形式主义为基层减负,层层加码/一刀切,为了应付上级检查/考核/指标而增加一线无谓负担,0.8,"['层层加码', '一刀切']",该条目反映的是群众在办理户口迁出手续时，需要经过多级审批和会议研讨，导致办事流程繁琐、审批时间长。这反映了基层在办理某些事务时，为了应付上级检查或考核，而增加了基层的无谓负担。,建议调取相关审批流程的文件、会议记录以及审批人员的访谈，以核实是否存在层层加码和过度审批的情况。,投诉内容反映了基层在办理户口迁出手续时，需要经过多级审批和会议研讨，导致办事流程繁琐、审批时间长，这符合为了应付上级检查/考核/指标而增加一线无谓负担的判断逻辑。,qwen2.5vl:7b,full,HIGH,[],2026-08-09 17:53:06.222135
SM26060320014,尤溪县行政服务中心对乡镇便民服务中心监管不力，行政不作为。,尤溪县行政服务中心对乡镇便民服务中心监管不力，行政不作为，任由乡镇便民中心抽调无关人员顶班值班，上班不履职，基层便民窗口形式主义泛滥成灾。,2026-06-03 04:15:44,三明市,尤溪县,"三明市12345中心
三明市12345中心",形式主义为基层减负,指尖形式主义,为了应付上级检查/考核/指标而增加一线无谓负担,0.8,"['指尖形式主义', '监管不力', '行政不作为']",该诉求反映尤溪县行政服务中心对乡镇便民服务中心监管不力，行政不作为，导致基层便民窗口形式主义泛滥。这表明为了应付上级检查/考核/指标，基层工作人员可能被要求进行不必要的工作，增加了基层负担。,建议调取尤溪县行政服务中心对乡镇便民服务中心的监管文件、乡镇便民服务中心的工作记录、以及相关工作人员的工作日志，以核实是否存在为了应付上级检查而增加基层负担的情况。,诉求内容反映基层行政服务中心监管不力，导致形式主义泛滥，符合为了应付上级检查/考核/指标而增加一线无谓负担的核心判断逻辑。,qwen2.5vl:7b,full,HIGH,[],2026-08-09 18:05:49.606529
FZ26060121548,请效能办监督大凰山社区黄冬书记为民办实事,"本人是福州市鼓楼区洪山镇大凰山居民，住所在榕发乌山郡小区。近期，大凰山社区工作人员在未依法组织召开小区业主大会、未满足物业管理法定表决比例的前提下，擅自组织小区小部分党员业主组建所谓“临时物业管理委员会”。
 
一、组建流程违规、主体权限不符，属于越权履职。
 大凰山社区工作人员未按照法定流程核查小区实际情况，社区已连续三年牵头组织成立小区业委会，连续三年业主投票都不通过，绝大部分业不同意成立业委会，维持现状物业管理状态就好。这个大凰山社区工作人员不死心，私心重，非要违背我们民众的意愿，一定要成立。结果今年还是没有通过。现在倒好，来个变相的，擅自组织小区小部分党员来成立临时物业管委，不用小区三分之二业主的投票表决，想暗箱操作完成直接任命。这种行为直接侵害了全体业主的知情权、参与权与监督权，属于超出法定职权的违规操作。我们小区超三分之二以上的业主反对这个大凰山社区一直以来的所作所为，完全不考虑居民的意愿，不为民办实事。强烈要求效能办和上级组织能介入监督大凰山社区工作人员的协调处理，要求其为民办实事，不要再做一些与民反道之事，立即停止榕发乌山郡成立临管会事宜。
 
二、侵占小区业主公共收益
      大凰山社区占用小区多个配套用房，其6号楼大凰山社区门口的停车位也被占用，减少了小区公共收益，要求相关部门介入协调处理，还我小区业主合法的公共收益。",2026-06-01 12:04:25,福州市,鼓楼区,福州市鼓楼区洪山镇人民政府,形式主义为基层减负,层层加码/一刀切,为了应付上级检查/考核/指标而增加一线无谓负担,0.8,['业委会建设管理'],该条目反映的是社区工作人员在未依法组织召开小区业主大会、未满足物业管理法定表决比例的前提下，擅自组织小区小部分党员业主组建所谓“临时物业管理委员会”的问题，这属于层层加码/一刀切，增加了基层负担。,建议调取社区工作记录、业主大会会议记录、物业管理委员会组建文件等材料，以核实是否存在越权履职、未依法组织业主大会等问题。,该条目反映的是社区工作人员在未依法组织召开小区业主大会、未满足物业管理法定表决比例的前提下，擅自组织小区小部分党员业主组建所谓“临时物业管理委员会”的问题，这属于层层加码/一刀切，增加了基层负担。,qwen2.5vl:7b,full,HIGH,[],2026-08-09 16:20:34.209365
ND26060120063,投诉这个所谓上级以放假名义阻止学校在放假期间搞活动,六一儿童节家长要上班，好不容易学校的老师肯牺牲时间在放假期间带孩子玩一天，但有关上级搞形式主义临时要求把小朋友赶回家，只有小朋友回家的才算放假，强迫小朋友回家不能在学校玩。我问了很多小朋友都喜欢学校搞活动玩一天。那如果这样三八妇女节五四青年节工会在那天搞活动的是不是也不能搞。投诉这个上级搞形式主义，请把在学校玩还是回家的选择权利给孩子。,2026-06-01 09:00:37,宁德市,蕉城区,宁德市蕉城区教育局,形式主义为基层减负,指尖形式主义,为了应付上级检查/考核/指标而增加一线无谓负担,0.8,"['指尖形式主义', '上级要求', '学生放假活动']",该投诉反映上级以放假名义阻止学校在放假期间搞活动，这可能与上级要求学校在特定时间进行特定活动有关，属于为了应付上级检查/考核/指标而增加一线无谓负担的情况。,建议调取上级关于学校活动安排的文件、会议记录以及学校活动安排的记录，以核实是否存在为了应付上级检查/考核/指标而增加一线无谓负担的情况。,投诉内容反映上级要求学校在特定时间进行特定活动，这可能与上级检查/考核/指标有关，增加了基层负担。,qwen2.5vl:7b,full,HIGH,[],2026-08-09 16:51:09.136624
FZ26060120075,挺好笑的,"嗯，今天来讲一下这个职专民乐团给我们的大专班学生打抱不平啊
听说大专的学生强制加入民乐团，教育部发的《关于加强中小学学生社团建设管理的意见》里面指出的严格遵循学生自主原则，不得强制或变相强制学生加入，诶，虽然说是大专班但现在也是高中阶段啊，教育部的纲领看到哪里去了？又搁这欺上瞒下罔僚，你强制就算了，教的老师态度还不好，啥意思啊，搞得学生乐意来似的摆个臭脸给谁看。？
哎，听说这个民乐团是县里还是市里教育局支持的，挺厉害啊，这个县市教育局还有这个职专学校挺厉害呀，教育部发的纲领看都不看，理都不理，为了面子工程置学生于何地？又把教育部明确提出的纲领放在什么位置，真搞不懂这些形式主义面子工程有什么好弄的，利民的事情那是一点不办，整起学生来倒是一套一套的，以前咋没看出来官僚主义这么重呢你们
不要觉得我在发牢骚啊，教育部明确指出的东西是谁没有遵守我不说，你们要是觉得我们福州或者我们连江教育局权利比教育部还大那我跟你没话讲
借着这个事情顺道讲讲抽烟，也是挺厉害，我从去年一直举报到今年终于让那群行政肯视察视察，严抓几天，结果呢才过一两个月又打回原形，不管是学生宿舍还是教学楼厕所全都是烟味，甚至比之前更甚，干嘛？我不举报你就不抓了吗，这种东西要我教吗？就这还好意思说保障学生身心健康，保障到狗肚子里去了",2026-06-01 01:55:05,福州市,连江县,福建省连江县教育局,形式主义为基层减负,评比创建证明借调,为了应付上级检查/考核/指标而增加一线无谓负担,0.8,"['校风校纪', '形式主义为基层增加负担']",该条目反映教育部的纲领未被严格遵守，强制学生加入民乐团，且教师态度不好，这可能与为了应付上级检查/考核/指标而增加一线无谓负担有关。关键现象是教育部的纲领未被遵守，关键因果链条是上级检查/考核/指标的压力导致基层执行不力。,建议调取教育部的纲领文件、学校关于学生社团建设的文件、教师和学生的访谈记录，以及相关会议记录。,该条目内容涉及教育部纲领未被遵守，且提到为了面子工程而强制学生加入民乐团，符合为了应付上级检查/考核/指标而增加一线无谓负担的判断逻辑。,qwen2.5vl:7b,full,HIGH,[],2026-08-09 16:54:33.558119
